Account_ID,Risk_Score,Risk_Tier,Flagged_Mule,Action
0,0.0072,Low,0,Routine monitoring
1,0.009,Low,0,Routine monitoring
2,0.2326,Low,0,Routine monitoring
3,0.0047,Low,0,Routine monitoring
4,0.0007,Low,0,Routine monitoring
5,0.0336,Low,0,Routine monitoring
6,0.0013,Low,0,Routine monitoring
7,0.0024,Low,0,Routine monitoring
8,0.0261,Low,0,Routine monitoring
9,0.0281,Low,0,Routine monitoring
10,0.0,Low,0,Routine monitoring
11,0.0012,Low,0,Routine monitoring
12,0.0161,Low,0,Routine monitoring
13,0.005,Low,0,Routine monitoring
14,0.0917,Low,0,Routine monitoring
15,0.0,Low,0,Routine monitoring
16,0.0061,Low,0,Routine monitoring
17,0.0025,Low,0,Routine monitoring
18,0.0005,Low,0,Routine monitoring
19,0.1109,Low,0,Routine monitoring
20,0.0222,Low,0,Routine monitoring
21,0.0007,Low,0,Routine monitoring
22,0.0671,Low,0,Routine monitoring
23,0.0035,Low,0,Routine monitoring
24,0.0002,Low,0,Routine monitoring
25,0.0026,Low,0,Routine monitoring
26,0.0023,Low,0,Routine monitoring
27,0.0009,Low,0,Routine monitoring
28,0.071,Low,0,Routine monitoring
29,0.005,Low,0,Routine monitoring
30,0.1201,Low,0,Routine monitoring
31,0.0002,Low,0,Routine monitoring
32,0.0011,Low,0,Routine monitoring
33,0.001,Low,0,Routine monitoring
34,0.0009,Low,0,Routine monitoring
35,0.0036,Low,0,Routine monitoring
36,1e-04,Low,0,Routine monitoring
37,0.0112,Low,0,Routine monitoring
38,0.0601,Low,0,Routine monitoring
39,0.0015,Low,0,Routine monitoring
40,0.0008,Low,0,Routine monitoring
41,0.0025,Low,0,Routine monitoring
42,0.0044,Low,0,Routine monitoring
43,0.0018,Low,0,Routine monitoring
44,0.0048,Low,0,Routine monitoring
45,0.0007,Low,0,Routine monitoring
46,0.0009,Low,0,Routine monitoring
47,0.0321,Low,0,Routine monitoring
48,0.0017,Low,0,Routine monitoring
49,0.001,Low,0,Routine monitoring
50,0.0024,Low,0,Routine monitoring
51,1e-04,Low,0,Routine monitoring
52,0.002,Low,0,Routine monitoring
53,0.0043,Low,0,Routine monitoring
54,0.0025,Low,0,Routine monitoring
55,0.0005,Low,0,Routine monitoring
56,0.0052,Low,0,Routine monitoring
57,1e-04,Low,0,Routine monitoring
58,0.0102,Low,0,Routine monitoring
59,0.001,Low,0,Routine monitoring
60,0.0003,Low,0,Routine monitoring
61,0.0005,Low,0,Routine monitoring
62,1e-04,Low,0,Routine monitoring
63,1e-04,Low,0,Routine monitoring
64,0.0014,Low,0,Routine monitoring
65,0.0046,Low,0,Routine monitoring
66,0.0045,Low,0,Routine monitoring
67,0.0035,Low,0,Routine monitoring
68,0.0045,Low,0,Routine monitoring
69,0.0062,Low,0,Routine monitoring
70,0.0383,Low,0,Routine monitoring
71,0.0008,Low,0,Routine monitoring
72,0.0182,Low,0,Routine monitoring
73,0.011,Low,0,Routine monitoring
74,0.0099,Low,0,Routine monitoring
75,0.4081,Medium,0,Enhanced monitoring
76,0.0,Low,0,Routine monitoring
77,0.0643,Low,0,Routine monitoring
78,0.0039,Low,0,Routine monitoring
79,0.0008,Low,0,Routine monitoring
80,0.0026,Low,0,Routine monitoring
81,0.015,Low,0,Routine monitoring
82,0.0059,Low,0,Routine monitoring
83,0.0008,Low,0,Routine monitoring
84,0.002,Low,0,Routine monitoring
85,0.0013,Low,0,Routine monitoring
86,0.0073,Low,0,Routine monitoring
87,0.0105,Low,0,Routine monitoring
88,0.0256,Low,0,Routine monitoring
89,0.1328,Low,0,Routine monitoring
90,0.0009,Low,0,Routine monitoring
91,0.0008,Low,0,Routine monitoring
92,0.001,Low,0,Routine monitoring
93,0.0054,Low,0,Routine monitoring
94,0.0037,Low,0,Routine monitoring
95,0.0005,Low,0,Routine monitoring
96,0.0016,Low,0,Routine monitoring
97,0.0065,Low,0,Routine monitoring
98,0.0012,Low,0,Routine monitoring
99,0.0016,Low,0,Routine monitoring
100,0.0036,Low,0,Routine monitoring
101,0.0006,Low,0,Routine monitoring
102,0.0224,Low,0,Routine monitoring
103,0.0016,Low,0,Routine monitoring
104,0.0002,Low,0,Routine monitoring
105,0.001,Low,0,Routine monitoring
106,0.0083,Low,0,Routine monitoring
107,0.0045,Low,0,Routine monitoring
108,1e-04,Low,0,Routine monitoring
109,0.0025,Low,0,Routine monitoring
110,1e-04,Low,0,Routine monitoring
111,0.0015,Low,0,Routine monitoring
112,0.27,Low,0,Routine monitoring
113,0.0002,Low,0,Routine monitoring
114,0.004,Low,0,Routine monitoring
115,1e-04,Low,0,Routine monitoring
116,0.0006,Low,0,Routine monitoring
117,0.0025,Low,0,Routine monitoring
118,0.009,Low,0,Routine monitoring
119,0.0023,Low,0,Routine monitoring
120,0.0056,Low,0,Routine monitoring
121,0.0006,Low,0,Routine monitoring
122,0.0004,Low,0,Routine monitoring
123,1e-04,Low,0,Routine monitoring
124,0.0066,Low,0,Routine monitoring
125,0.0003,Low,0,Routine monitoring
126,1e-04,Low,0,Routine monitoring
127,0.0047,Low,0,Routine monitoring
128,0.0016,Low,0,Routine monitoring
129,0.0002,Low,0,Routine monitoring
130,0.0004,Low,0,Routine monitoring
131,0.0003,Low,0,Routine monitoring
132,0.0224,Low,0,Routine monitoring
133,0.0051,Low,0,Routine monitoring
134,0.0013,Low,0,Routine monitoring
135,0.0009,Low,0,Routine monitoring
136,0.0037,Low,0,Routine monitoring
137,0.0013,Low,0,Routine monitoring
138,0.0585,Low,0,Routine monitoring
139,0.0005,Low,0,Routine monitoring
140,1e-04,Low,0,Routine monitoring
141,0.0,Low,0,Routine monitoring
142,0.0004,Low,0,Routine monitoring
143,0.0011,Low,0,Routine monitoring
144,0.0011,Low,0,Routine monitoring
145,0.0035,Low,0,Routine monitoring
146,0.0008,Low,0,Routine monitoring
147,0.0137,Low,0,Routine monitoring
148,0.0007,Low,0,Routine monitoring
149,0.0004,Low,0,Routine monitoring
150,0.0009,Low,0,Routine monitoring
151,0.0019,Low,0,Routine monitoring
152,0.0014,Low,0,Routine monitoring
153,0.0005,Low,0,Routine monitoring
154,0.0094,Low,0,Routine monitoring
155,0.0714,Low,0,Routine monitoring
156,0.0022,Low,0,Routine monitoring
157,0.0056,Low,0,Routine monitoring
158,0.003,Low,0,Routine monitoring
159,0.0044,Low,0,Routine monitoring
160,1e-04,Low,0,Routine monitoring
161,0.0006,Low,0,Routine monitoring
162,0.0141,Low,0,Routine monitoring
163,0.0062,Low,0,Routine monitoring
164,0.0068,Low,0,Routine monitoring
165,0.2742,Low,0,Routine monitoring
166,0.0073,Low,0,Routine monitoring
167,0.0002,Low,0,Routine monitoring
168,0.0025,Low,0,Routine monitoring
169,0.0002,Low,0,Routine monitoring
170,0.0016,Low,0,Routine monitoring
171,0.003,Low,0,Routine monitoring
172,0.0003,Low,0,Routine monitoring
173,0.0054,Low,0,Routine monitoring
174,0.0049,Low,0,Routine monitoring
175,0.0,Low,0,Routine monitoring
176,0.0013,Low,0,Routine monitoring
177,0.0013,Low,0,Routine monitoring
178,0.0013,Low,0,Routine monitoring
179,0.0006,Low,0,Routine monitoring
180,0.0043,Low,0,Routine monitoring
181,0.0002,Low,0,Routine monitoring
182,0.0004,Low,0,Routine monitoring
183,0.0981,Low,0,Routine monitoring
184,0.0022,Low,0,Routine monitoring
185,0.0007,Low,0,Routine monitoring
186,0.0017,Low,0,Routine monitoring
187,0.0713,Low,0,Routine monitoring
188,0.0007,Low,0,Routine monitoring
189,0.0107,Low,0,Routine monitoring
190,0.0582,Low,0,Routine monitoring
191,0.0007,Low,0,Routine monitoring
192,0.0012,Low,0,Routine monitoring
193,0.0083,Low,0,Routine monitoring
194,1e-04,Low,0,Routine monitoring
195,0.0033,Low,0,Routine monitoring
196,0.0069,Low,0,Routine monitoring
197,0.0364,Low,0,Routine monitoring
198,0.1303,Low,0,Routine monitoring
199,0.0003,Low,0,Routine monitoring
200,0.3413,Low,0,Routine monitoring
201,0.0418,Low,0,Routine monitoring
202,0.001,Low,0,Routine monitoring
203,0.0019,Low,0,Routine monitoring
204,0.0281,Low,0,Routine monitoring
205,0.0043,Low,0,Routine monitoring
206,0.0193,Low,0,Routine monitoring
207,0.0,Low,0,Routine monitoring
208,0.0008,Low,0,Routine monitoring
209,0.0048,Low,0,Routine monitoring
210,1e-04,Low,0,Routine monitoring
211,0.0056,Low,0,Routine monitoring
212,0.0011,Low,0,Routine monitoring
213,0.0144,Low,0,Routine monitoring
214,0.0009,Low,0,Routine monitoring
215,0.0327,Low,0,Routine monitoring
216,0.0124,Low,0,Routine monitoring
217,0.012,Low,0,Routine monitoring
218,0.0055,Low,0,Routine monitoring
219,1e-04,Low,0,Routine monitoring
220,0.0045,Low,0,Routine monitoring
221,0.0022,Low,0,Routine monitoring
222,0.0002,Low,0,Routine monitoring
223,0.0,Low,0,Routine monitoring
224,0.0037,Low,0,Routine monitoring
225,0.0147,Low,0,Routine monitoring
226,0.0004,Low,0,Routine monitoring
227,0.0024,Low,0,Routine monitoring
228,0.0019,Low,0,Routine monitoring
229,0.0029,Low,0,Routine monitoring
230,0.0024,Low,0,Routine monitoring
231,0.0075,Low,0,Routine monitoring
232,0.0075,Low,0,Routine monitoring
233,0.0108,Low,0,Routine monitoring
234,0.0043,Low,0,Routine monitoring
235,0.0029,Low,0,Routine monitoring
236,0.0011,Low,0,Routine monitoring
237,0.0008,Low,0,Routine monitoring
238,1e-04,Low,0,Routine monitoring
239,0.0259,Low,0,Routine monitoring
240,0.0066,Low,0,Routine monitoring
241,0.0011,Low,0,Routine monitoring
242,0.0005,Low,0,Routine monitoring
243,0.0002,Low,0,Routine monitoring
244,0.0018,Low,0,Routine monitoring
245,0.0058,Low,0,Routine monitoring
246,0.0016,Low,0,Routine monitoring
247,0.0042,Low,0,Routine monitoring
248,0.3118,Low,0,Routine monitoring
249,0.01,Low,0,Routine monitoring
250,0.0174,Low,0,Routine monitoring
251,0.0414,Low,0,Routine monitoring
252,0.0136,Low,0,Routine monitoring
253,0.0367,Low,0,Routine monitoring
254,1e-04,Low,0,Routine monitoring
255,0.0117,Low,0,Routine monitoring
256,0.0099,Low,0,Routine monitoring
257,0.0075,Low,0,Routine monitoring
258,0.2551,Low,0,Routine monitoring
259,0.0048,Low,0,Routine monitoring
260,0.001,Low,0,Routine monitoring
261,0.0012,Low,0,Routine monitoring
262,0.0024,Low,0,Routine monitoring
263,0.0764,Low,0,Routine monitoring
264,0.0162,Low,0,Routine monitoring
265,0.0457,Low,0,Routine monitoring
266,0.0741,Low,0,Routine monitoring
267,0.0212,Low,0,Routine monitoring
268,0.036,Low,0,Routine monitoring
269,0.0027,Low,0,Routine monitoring
270,0.0016,Low,0,Routine monitoring
271,0.0235,Low,0,Routine monitoring
272,0.1684,Low,0,Routine monitoring
273,0.0023,Low,0,Routine monitoring
274,0.5171,Medium,0,Enhanced monitoring
275,0.0664,Low,0,Routine monitoring
276,1e-04,Low,0,Routine monitoring
277,0.0194,Low,0,Routine monitoring
278,0.0319,Low,0,Routine monitoring
279,0.014,Low,0,Routine monitoring
280,0.0015,Low,0,Routine monitoring
281,0.02,Low,0,Routine monitoring
282,0.0266,Low,0,Routine monitoring
283,0.0013,Low,0,Routine monitoring
284,0.0009,Low,0,Routine monitoring
285,0.2548,Low,0,Routine monitoring
286,0.0559,Low,0,Routine monitoring
287,0.0063,Low,0,Routine monitoring
288,0.0007,Low,0,Routine monitoring
289,0.0004,Low,0,Routine monitoring
290,0.0005,Low,0,Routine monitoring
291,0.026,Low,0,Routine monitoring
292,0.1166,Low,0,Routine monitoring
293,0.1184,Low,0,Routine monitoring
294,0.0011,Low,0,Routine monitoring
295,0.0302,Low,0,Routine monitoring
296,0.0005,Low,0,Routine monitoring
297,0.031,Low,0,Routine monitoring
298,0.0044,Low,0,Routine monitoring
299,0.0007,Low,0,Routine monitoring
300,0.0005,Low,0,Routine monitoring
301,0.0005,Low,0,Routine monitoring
302,1e-04,Low,0,Routine monitoring
303,0.0761,Low,0,Routine monitoring
304,0.001,Low,0,Routine monitoring
305,0.0003,Low,0,Routine monitoring
306,0.0005,Low,0,Routine monitoring
307,0.0155,Low,0,Routine monitoring
308,0.012,Low,0,Routine monitoring
309,0.0005,Low,0,Routine monitoring
310,0.0318,Low,0,Routine monitoring
311,0.0003,Low,0,Routine monitoring
312,0.0002,Low,0,Routine monitoring
313,0.0009,Low,0,Routine monitoring
314,0.0123,Low,0,Routine monitoring
315,0.019,Low,0,Routine monitoring
316,0.0038,Low,0,Routine monitoring
317,0.0211,Low,0,Routine monitoring
318,0.0089,Low,0,Routine monitoring
319,0.0072,Low,0,Routine monitoring
320,0.0019,Low,0,Routine monitoring
321,1e-04,Low,0,Routine monitoring
322,1e-04,Low,0,Routine monitoring
323,0.0027,Low,0,Routine monitoring
324,0.0634,Low,0,Routine monitoring
325,0.0005,Low,0,Routine monitoring
326,0.0019,Low,0,Routine monitoring
327,0.0595,Low,0,Routine monitoring
328,0.1012,Low,0,Routine monitoring
329,0.0008,Low,0,Routine monitoring
330,0.0023,Low,0,Routine monitoring
331,0.0013,Low,0,Routine monitoring
332,0.004,Low,0,Routine monitoring
333,0.0147,Low,0,Routine monitoring
334,0.018,Low,0,Routine monitoring
335,0.0097,Low,0,Routine monitoring
336,0.0433,Low,0,Routine monitoring
337,0.0161,Low,0,Routine monitoring
338,0.0689,Low,0,Routine monitoring
339,0.0036,Low,0,Routine monitoring
340,0.0002,Low,0,Routine monitoring
341,0.0971,Low,0,Routine monitoring
342,0.0009,Low,0,Routine monitoring
343,0.0003,Low,0,Routine monitoring
344,0.0035,Low,0,Routine monitoring
345,0.0008,Low,0,Routine monitoring
346,0.0638,Low,0,Routine monitoring
347,0.1444,Low,0,Routine monitoring
348,0.0079,Low,0,Routine monitoring
349,0.6251,High,0,Analyst investigation
350,0.0034,Low,0,Routine monitoring
351,0.034,Low,0,Routine monitoring
352,0.0063,Low,0,Routine monitoring
353,0.0084,Low,0,Routine monitoring
354,0.0496,Low,0,Routine monitoring
355,0.0008,Low,0,Routine monitoring
356,0.0162,Low,0,Routine monitoring
357,0.0,Low,0,Routine monitoring
358,0.0,Low,0,Routine monitoring
359,0.0131,Low,0,Routine monitoring
360,0.0009,Low,0,Routine monitoring
361,0.0315,Low,0,Routine monitoring
362,0.0398,Low,0,Routine monitoring
363,0.0043,Low,0,Routine monitoring
364,0.0087,Low,0,Routine monitoring
365,0.0079,Low,0,Routine monitoring
366,0.0117,Low,0,Routine monitoring
367,0.0017,Low,0,Routine monitoring
368,0.0021,Low,0,Routine monitoring
369,0.0085,Low,0,Routine monitoring
370,0.0725,Low,0,Routine monitoring
371,0.0006,Low,0,Routine monitoring
372,0.0006,Low,0,Routine monitoring
373,0.0014,Low,0,Routine monitoring
374,0.0455,Low,0,Routine monitoring
375,1e-04,Low,0,Routine monitoring
376,0.0028,Low,0,Routine monitoring
377,0.0038,Low,0,Routine monitoring
378,0.1189,Low,0,Routine monitoring
379,0.2057,Low,0,Routine monitoring
380,0.0041,Low,0,Routine monitoring
381,0.0189,Low,0,Routine monitoring
382,0.0955,Low,0,Routine monitoring
383,0.0556,Low,0,Routine monitoring
384,1e-04,Low,0,Routine monitoring
385,0.0019,Low,0,Routine monitoring
386,0.0323,Low,0,Routine monitoring
387,0.0071,Low,0,Routine monitoring
388,1e-04,Low,0,Routine monitoring
389,0.0019,Low,0,Routine monitoring
390,0.0003,Low,0,Routine monitoring
391,0.0128,Low,0,Routine monitoring
392,0.0002,Low,0,Routine monitoring
393,0.0562,Low,0,Routine monitoring
394,0.0002,Low,0,Routine monitoring
395,0.0025,Low,0,Routine monitoring
396,0.0007,Low,0,Routine monitoring
397,0.0002,Low,0,Routine monitoring
398,0.024,Low,0,Routine monitoring
399,0.0073,Low,0,Routine monitoring
400,0.3577,Medium,0,Enhanced monitoring
401,0.2418,Low,0,Routine monitoring
402,0.0039,Low,0,Routine monitoring
403,0.001,Low,0,Routine monitoring
404,0.1124,Low,0,Routine monitoring
405,0.001,Low,0,Routine monitoring
406,1e-04,Low,0,Routine monitoring
407,0.0035,Low,0,Routine monitoring
408,0.0005,Low,0,Routine monitoring
409,0.0077,Low,0,Routine monitoring
410,0.0134,Low,0,Routine monitoring
411,0.0007,Low,0,Routine monitoring
412,0.0127,Low,0,Routine monitoring
413,1e-04,Low,0,Routine monitoring
414,0.0127,Low,0,Routine monitoring
415,0.0014,Low,0,Routine monitoring
416,0.0,Low,0,Routine monitoring
417,0.0011,Low,0,Routine monitoring
418,0.0,Low,0,Routine monitoring
419,0.0008,Low,0,Routine monitoring
420,0.0042,Low,0,Routine monitoring
421,0.0031,Low,0,Routine monitoring
422,0.0006,Low,0,Routine monitoring
423,0.001,Low,0,Routine monitoring
424,0.0003,Low,0,Routine monitoring
425,0.0008,Low,0,Routine monitoring
426,0.001,Low,0,Routine monitoring
427,0.0039,Low,0,Routine monitoring
428,0.0002,Low,0,Routine monitoring
429,0.0203,Low,0,Routine monitoring
430,0.0002,Low,0,Routine monitoring
431,0.0054,Low,0,Routine monitoring
432,0.0041,Low,0,Routine monitoring
433,0.0002,Low,0,Routine monitoring
434,0.0003,Low,0,Routine monitoring
435,0.5366,Medium,0,Enhanced monitoring
436,0.0181,Low,0,Routine monitoring
437,0.0071,Low,0,Routine monitoring
438,0.0033,Low,0,Routine monitoring
439,0.0011,Low,0,Routine monitoring
440,0.0006,Low,0,Routine monitoring
441,0.0002,Low,0,Routine monitoring
442,0.004,Low,0,Routine monitoring
443,0.0,Low,0,Routine monitoring
444,0.0007,Low,0,Routine monitoring
445,0.0297,Low,0,Routine monitoring
446,0.0009,Low,0,Routine monitoring
447,0.0017,Low,0,Routine monitoring
448,0.0002,Low,0,Routine monitoring
449,0.0058,Low,0,Routine monitoring
450,0.0006,Low,0,Routine monitoring
451,0.0019,Low,0,Routine monitoring
452,1e-04,Low,0,Routine monitoring
453,0.001,Low,0,Routine monitoring
454,0.0005,Low,0,Routine monitoring
455,0.0004,Low,0,Routine monitoring
456,0.0047,Low,0,Routine monitoring
457,0.0005,Low,0,Routine monitoring
458,0.0234,Low,0,Routine monitoring
459,0.0171,Low,0,Routine monitoring
460,0.008,Low,0,Routine monitoring
461,0.0011,Low,0,Routine monitoring
462,0.0019,Low,0,Routine monitoring
463,0.0002,Low,0,Routine monitoring
464,0.0013,Low,0,Routine monitoring
465,0.0896,Low,0,Routine monitoring
466,0.0012,Low,0,Routine monitoring
467,0.0025,Low,0,Routine monitoring
468,0.0032,Low,0,Routine monitoring
469,0.0002,Low,0,Routine monitoring
470,0.0004,Low,0,Routine monitoring
471,0.0005,Low,0,Routine monitoring
472,0.0063,Low,0,Routine monitoring
473,0.0076,Low,0,Routine monitoring
474,0.0012,Low,0,Routine monitoring
475,0.0005,Low,0,Routine monitoring
476,0.1028,Low,0,Routine monitoring
477,0.031,Low,0,Routine monitoring
478,0.0023,Low,0,Routine monitoring
479,0.0011,Low,0,Routine monitoring
480,0.0003,Low,0,Routine monitoring
481,0.0086,Low,0,Routine monitoring
482,0.0007,Low,0,Routine monitoring
483,0.0628,Low,0,Routine monitoring
484,0.0024,Low,0,Routine monitoring
485,0.0078,Low,0,Routine monitoring
486,0.0025,Low,0,Routine monitoring
487,0.2998,Low,0,Routine monitoring
488,0.0004,Low,0,Routine monitoring
489,0.166,Low,0,Routine monitoring
490,0.0004,Low,0,Routine monitoring
491,0.0012,Low,0,Routine monitoring
492,0.0046,Low,0,Routine monitoring
493,0.0208,Low,0,Routine monitoring
494,0.0153,Low,0,Routine monitoring
495,0.004,Low,0,Routine monitoring
496,0.0206,Low,0,Routine monitoring
497,0.001,Low,0,Routine monitoring
498,0.0003,Low,0,Routine monitoring
499,1e-04,Low,0,Routine monitoring
500,1e-04,Low,0,Routine monitoring
501,0.0002,Low,0,Routine monitoring
502,0.0006,Low,0,Routine monitoring
503,0.002,Low,0,Routine monitoring
504,0.0078,Low,0,Routine monitoring
505,0.0002,Low,0,Routine monitoring
506,0.0006,Low,0,Routine monitoring
507,0.0004,Low,0,Routine monitoring
508,0.0004,Low,0,Routine monitoring
509,0.0049,Low,0,Routine monitoring
510,0.0008,Low,0,Routine monitoring
511,0.0582,Low,0,Routine monitoring
512,0.0089,Low,0,Routine monitoring
513,0.0004,Low,0,Routine monitoring
514,0.0002,Low,0,Routine monitoring
515,0.0373,Low,0,Routine monitoring
516,0.0,Low,0,Routine monitoring
517,0.002,Low,0,Routine monitoring
518,0.0084,Low,0,Routine monitoring
519,0.0,Low,0,Routine monitoring
520,0.0005,Low,0,Routine monitoring
521,0.0202,Low,0,Routine monitoring
522,0.0025,Low,0,Routine monitoring
523,0.0083,Low,0,Routine monitoring
524,0.1006,Low,0,Routine monitoring
525,1e-04,Low,0,Routine monitoring
526,0.0013,Low,0,Routine monitoring
527,0.006,Low,0,Routine monitoring
528,0.0054,Low,0,Routine monitoring
529,0.0016,Low,0,Routine monitoring
530,0.0272,Low,0,Routine monitoring
531,0.0003,Low,0,Routine monitoring
532,0.0038,Low,0,Routine monitoring
533,0.2433,Low,0,Routine monitoring
534,0.0009,Low,0,Routine monitoring
535,0.2935,Low,0,Routine monitoring
536,0.0012,Low,0,Routine monitoring
537,0.0029,Low,0,Routine monitoring
538,0.0393,Low,0,Routine monitoring
539,0.0009,Low,0,Routine monitoring
540,0.0071,Low,0,Routine monitoring
541,0.0083,Low,0,Routine monitoring
542,0.0135,Low,0,Routine monitoring
543,0.0026,Low,0,Routine monitoring
544,0.0005,Low,0,Routine monitoring
545,0.0007,Low,0,Routine monitoring
546,0.0091,Low,0,Routine monitoring
547,0.0031,Low,0,Routine monitoring
548,1e-04,Low,0,Routine monitoring
549,0.0022,Low,0,Routine monitoring
550,0.0048,Low,0,Routine monitoring
551,0.0192,Low,0,Routine monitoring
552,0.047,Low,0,Routine monitoring
553,0.0147,Low,0,Routine monitoring
554,0.0023,Low,0,Routine monitoring
555,0.0019,Low,0,Routine monitoring
556,0.0371,Low,0,Routine monitoring
557,0.0015,Low,0,Routine monitoring
558,0.0075,Low,0,Routine monitoring
559,0.006,Low,0,Routine monitoring
560,0.0291,Low,0,Routine monitoring
561,0.0613,Low,0,Routine monitoring
562,1e-04,Low,0,Routine monitoring
563,0.0004,Low,0,Routine monitoring
564,0.0879,Low,0,Routine monitoring
565,0.0219,Low,0,Routine monitoring
566,0.002,Low,0,Routine monitoring
567,0.0045,Low,0,Routine monitoring
568,0.0042,Low,0,Routine monitoring
569,0.0058,Low,0,Routine monitoring
570,0.0174,Low,0,Routine monitoring
571,0.015,Low,0,Routine monitoring
572,0.0382,Low,0,Routine monitoring
573,0.0004,Low,0,Routine monitoring
574,0.025,Low,0,Routine monitoring
575,0.0377,Low,0,Routine monitoring
576,0.0055,Low,0,Routine monitoring
577,0.0841,Low,0,Routine monitoring
578,0.0116,Low,0,Routine monitoring
579,0.0153,Low,0,Routine monitoring
580,0.0004,Low,0,Routine monitoring
581,0.0196,Low,0,Routine monitoring
582,0.0004,Low,0,Routine monitoring
583,0.0008,Low,0,Routine monitoring
584,0.0364,Low,0,Routine monitoring
585,0.0017,Low,0,Routine monitoring
586,0.001,Low,0,Routine monitoring
587,0.0319,Low,0,Routine monitoring
588,0.006,Low,0,Routine monitoring
589,0.0121,Low,0,Routine monitoring
590,0.9923,Critical,1,Immediate freeze+STR
591,0.0134,Low,0,Routine monitoring
592,0.224,Low,0,Routine monitoring
593,0.0374,Low,0,Routine monitoring
594,0.0003,Low,0,Routine monitoring
595,0.0128,Low,0,Routine monitoring
596,0.011,Low,0,Routine monitoring
597,0.0003,Low,0,Routine monitoring
598,0.0039,Low,0,Routine monitoring
599,0.0007,Low,0,Routine monitoring
600,0.1061,Low,0,Routine monitoring
601,0.034,Low,0,Routine monitoring
602,0.1279,Low,0,Routine monitoring
603,0.0057,Low,0,Routine monitoring
604,0.0222,Low,0,Routine monitoring
605,0.0361,Low,0,Routine monitoring
606,0.157,Low,0,Routine monitoring
607,0.0011,Low,0,Routine monitoring
608,0.0031,Low,0,Routine monitoring
609,0.036,Low,0,Routine monitoring
610,0.0229,Low,0,Routine monitoring
611,0.0011,Low,0,Routine monitoring
612,0.0346,Low,0,Routine monitoring
613,0.0024,Low,0,Routine monitoring
614,0.0036,Low,0,Routine monitoring
615,0.0109,Low,0,Routine monitoring
616,0.0228,Low,0,Routine monitoring
617,0.0002,Low,0,Routine monitoring
618,0.0827,Low,0,Routine monitoring
619,0.0006,Low,0,Routine monitoring
620,0.0413,Low,0,Routine monitoring
621,0.0008,Low,0,Routine monitoring
622,1e-04,Low,0,Routine monitoring
623,0.0147,Low,0,Routine monitoring
624,0.0069,Low,0,Routine monitoring
625,0.0002,Low,0,Routine monitoring
626,0.038,Low,0,Routine monitoring
627,0.1,Low,0,Routine monitoring
628,1e-04,Low,0,Routine monitoring
629,0.0014,Low,0,Routine monitoring
630,0.0154,Low,0,Routine monitoring
631,0.0119,Low,0,Routine monitoring
632,0.0002,Low,0,Routine monitoring
633,0.0006,Low,0,Routine monitoring
634,0.0005,Low,0,Routine monitoring
635,0.0989,Low,0,Routine monitoring
636,0.0005,Low,0,Routine monitoring
637,0.0065,Low,0,Routine monitoring
638,0.0008,Low,0,Routine monitoring
639,0.0066,Low,0,Routine monitoring
640,0.0279,Low,0,Routine monitoring
641,0.0063,Low,0,Routine monitoring
642,0.0161,Low,0,Routine monitoring
643,1e-04,Low,0,Routine monitoring
644,0.0129,Low,0,Routine monitoring
645,0.001,Low,0,Routine monitoring
646,1e-04,Low,0,Routine monitoring
647,0.0104,Low,0,Routine monitoring
648,0.0128,Low,0,Routine monitoring
649,0.0003,Low,0,Routine monitoring
650,0.0008,Low,0,Routine monitoring
651,0.0003,Low,0,Routine monitoring
652,0.0406,Low,0,Routine monitoring
653,0.0016,Low,0,Routine monitoring
654,0.0007,Low,0,Routine monitoring
655,0.0003,Low,0,Routine monitoring
656,0.0478,Low,0,Routine monitoring
657,0.0023,Low,0,Routine monitoring
658,0.4493,Medium,0,Enhanced monitoring
659,0.1448,Low,0,Routine monitoring
660,0.0042,Low,0,Routine monitoring
661,1e-04,Low,0,Routine monitoring
662,0.0009,Low,0,Routine monitoring
663,0.0249,Low,0,Routine monitoring
664,0.1463,Low,0,Routine monitoring
665,0.0167,Low,0,Routine monitoring
666,1e-04,Low,0,Routine monitoring
667,0.0052,Low,0,Routine monitoring
668,0.0014,Low,0,Routine monitoring
669,0.0029,Low,0,Routine monitoring
670,0.0637,Low,0,Routine monitoring
671,0.0005,Low,0,Routine monitoring
672,0.0044,Low,0,Routine monitoring
673,0.0323,Low,0,Routine monitoring
674,0.0007,Low,0,Routine monitoring
675,0.0222,Low,0,Routine monitoring
676,0.0064,Low,0,Routine monitoring
677,0.0022,Low,0,Routine monitoring
678,0.0004,Low,0,Routine monitoring
679,0.0003,Low,0,Routine monitoring
680,0.0618,Low,0,Routine monitoring
681,0.0016,Low,0,Routine monitoring
682,0.0877,Low,0,Routine monitoring
683,0.1135,Low,0,Routine monitoring
684,0.0034,Low,0,Routine monitoring
685,0.0068,Low,0,Routine monitoring
686,0.0082,Low,0,Routine monitoring
687,0.0046,Low,0,Routine monitoring
688,0.0099,Low,0,Routine monitoring
689,0.0395,Low,0,Routine monitoring
690,0.0417,Low,0,Routine monitoring
691,0.0085,Low,0,Routine monitoring
692,0.147,Low,0,Routine monitoring
693,0.0331,Low,0,Routine monitoring
694,0.0002,Low,0,Routine monitoring
695,0.0319,Low,0,Routine monitoring
696,0.0022,Low,0,Routine monitoring
697,0.0378,Low,0,Routine monitoring
698,0.0008,Low,0,Routine monitoring
699,0.0002,Low,0,Routine monitoring
700,0.0169,Low,0,Routine monitoring
701,0.0003,Low,0,Routine monitoring
702,0.004,Low,0,Routine monitoring
703,0.009,Low,0,Routine monitoring
704,0.0012,Low,0,Routine monitoring
705,0.0049,Low,0,Routine monitoring
706,0.0019,Low,0,Routine monitoring
707,0.0293,Low,0,Routine monitoring
708,0.2929,Low,0,Routine monitoring
709,0.0009,Low,0,Routine monitoring
710,0.0054,Low,0,Routine monitoring
711,0.0263,Low,0,Routine monitoring
712,0.0232,Low,0,Routine monitoring
713,0.0002,Low,0,Routine monitoring
714,1e-04,Low,0,Routine monitoring
715,0.0023,Low,0,Routine monitoring
716,0.0067,Low,0,Routine monitoring
717,0.126,Low,0,Routine monitoring
718,0.0201,Low,0,Routine monitoring
719,0.0002,Low,0,Routine monitoring
720,0.0082,Low,0,Routine monitoring
721,0.0011,Low,0,Routine monitoring
722,0.001,Low,0,Routine monitoring
723,0.0073,Low,0,Routine monitoring
724,0.0228,Low,0,Routine monitoring
725,0.0157,Low,0,Routine monitoring
726,0.0008,Low,0,Routine monitoring
727,0.0002,Low,0,Routine monitoring
728,0.0005,Low,0,Routine monitoring
729,0.0166,Low,0,Routine monitoring
730,0.0032,Low,0,Routine monitoring
731,0.0237,Low,0,Routine monitoring
732,0.0397,Low,0,Routine monitoring
733,0.0161,Low,0,Routine monitoring
734,0.0005,Low,0,Routine monitoring
735,0.0003,Low,0,Routine monitoring
736,0.0198,Low,0,Routine monitoring
737,0.0017,Low,0,Routine monitoring
738,0.001,Low,0,Routine monitoring
739,0.0003,Low,0,Routine monitoring
740,0.0002,Low,0,Routine monitoring
741,0.0004,Low,0,Routine monitoring
742,1e-04,Low,0,Routine monitoring
743,0.0011,Low,0,Routine monitoring
744,0.0082,Low,0,Routine monitoring
745,0.014,Low,0,Routine monitoring
746,0.0006,Low,0,Routine monitoring
747,0.0069,Low,0,Routine monitoring
748,0.0,Low,0,Routine monitoring
749,0.0008,Low,0,Routine monitoring
750,0.0083,Low,0,Routine monitoring
751,0.067,Low,0,Routine monitoring
752,0.0024,Low,0,Routine monitoring
753,0.001,Low,0,Routine monitoring
754,0.0003,Low,0,Routine monitoring
755,0.0208,Low,0,Routine monitoring
756,0.0008,Low,0,Routine monitoring
757,0.0377,Low,0,Routine monitoring
758,0.0098,Low,0,Routine monitoring
759,0.0537,Low,0,Routine monitoring
760,0.018,Low,0,Routine monitoring
761,0.0002,Low,0,Routine monitoring
762,0.0013,Low,0,Routine monitoring
763,0.0042,Low,0,Routine monitoring
764,0.0364,Low,0,Routine monitoring
765,0.0031,Low,0,Routine monitoring
766,0.0057,Low,0,Routine monitoring
767,0.0025,Low,0,Routine monitoring
768,0.0037,Low,0,Routine monitoring
769,1e-04,Low,0,Routine monitoring
770,0.0007,Low,0,Routine monitoring
771,0.0148,Low,0,Routine monitoring
772,0.0004,Low,0,Routine monitoring
773,0.0249,Low,0,Routine monitoring
774,0.0,Low,0,Routine monitoring
775,0.0108,Low,0,Routine monitoring
776,0.0096,Low,0,Routine monitoring
777,0.0006,Low,0,Routine monitoring
778,0.0002,Low,0,Routine monitoring
779,0.008,Low,0,Routine monitoring
780,0.0006,Low,0,Routine monitoring
781,0.0039,Low,0,Routine monitoring
782,0.0027,Low,0,Routine monitoring
783,0.0003,Low,0,Routine monitoring
784,0.0062,Low,0,Routine monitoring
785,0.0012,Low,0,Routine monitoring
786,0.006,Low,0,Routine monitoring
787,0.0004,Low,0,Routine monitoring
788,0.0007,Low,0,Routine monitoring
789,0.0088,Low,0,Routine monitoring
790,0.001,Low,0,Routine monitoring
791,0.0004,Low,0,Routine monitoring
792,0.2885,Low,0,Routine monitoring
793,0.062,Low,0,Routine monitoring
794,0.0002,Low,0,Routine monitoring
795,1e-04,Low,0,Routine monitoring
796,0.0009,Low,0,Routine monitoring
797,0.0053,Low,0,Routine monitoring
798,1e-04,Low,0,Routine monitoring
799,0.0008,Low,0,Routine monitoring
800,0.0051,Low,0,Routine monitoring
801,0.0002,Low,0,Routine monitoring
802,0.0005,Low,0,Routine monitoring
803,0.0002,Low,0,Routine monitoring
804,0.0004,Low,0,Routine monitoring
805,0.0011,Low,0,Routine monitoring
806,0.0081,Low,0,Routine monitoring
807,0.0009,Low,0,Routine monitoring
808,0.2746,Low,0,Routine monitoring
809,0.1205,Low,0,Routine monitoring
810,0.0106,Low,0,Routine monitoring
811,0.1597,Low,0,Routine monitoring
812,1e-04,Low,0,Routine monitoring
813,0.0605,Low,0,Routine monitoring
814,0.0011,Low,0,Routine monitoring
815,0.0004,Low,0,Routine monitoring
816,0.0141,Low,0,Routine monitoring
817,0.0019,Low,0,Routine monitoring
818,1e-04,Low,0,Routine monitoring
819,0.001,Low,0,Routine monitoring
820,0.0017,Low,0,Routine monitoring
821,0.0002,Low,0,Routine monitoring
822,0.0051,Low,0,Routine monitoring
823,0.1101,Low,0,Routine monitoring
824,1e-04,Low,0,Routine monitoring
825,0.0006,Low,0,Routine monitoring
826,0.0004,Low,0,Routine monitoring
827,0.0017,Low,0,Routine monitoring
828,1e-04,Low,0,Routine monitoring
829,0.0117,Low,0,Routine monitoring
830,0.001,Low,0,Routine monitoring
831,0.0037,Low,0,Routine monitoring
832,0.0004,Low,0,Routine monitoring
833,0.0013,Low,0,Routine monitoring
834,0.001,Low,0,Routine monitoring
835,0.0003,Low,0,Routine monitoring
836,0.0008,Low,0,Routine monitoring
837,0.2272,Low,0,Routine monitoring
838,0.0425,Low,0,Routine monitoring
839,0.0002,Low,0,Routine monitoring
840,0.0023,Low,0,Routine monitoring
841,0.0062,Low,0,Routine monitoring
842,0.0335,Low,0,Routine monitoring
843,0.0011,Low,0,Routine monitoring
844,0.0024,Low,0,Routine monitoring
845,0.0208,Low,0,Routine monitoring
846,0.0004,Low,0,Routine monitoring
847,0.0086,Low,0,Routine monitoring
848,0.0191,Low,0,Routine monitoring
849,0.0009,Low,0,Routine monitoring
850,0.001,Low,0,Routine monitoring
851,1e-04,Low,0,Routine monitoring
852,0.0012,Low,0,Routine monitoring
853,1e-04,Low,0,Routine monitoring
854,0.0017,Low,0,Routine monitoring
855,0.0816,Low,0,Routine monitoring
856,0.0004,Low,0,Routine monitoring
857,0.0032,Low,0,Routine monitoring
858,1e-04,Low,0,Routine monitoring
859,0.001,Low,0,Routine monitoring
860,0.0002,Low,0,Routine monitoring
861,0.2115,Low,0,Routine monitoring
862,0.007,Low,0,Routine monitoring
863,0.039,Low,0,Routine monitoring
864,0.0101,Low,0,Routine monitoring
865,0.0444,Low,0,Routine monitoring
866,0.0031,Low,0,Routine monitoring
867,1e-04,Low,0,Routine monitoring
868,0.0004,Low,0,Routine monitoring
869,0.0014,Low,0,Routine monitoring
870,0.0004,Low,0,Routine monitoring
871,0.0994,Low,0,Routine monitoring
872,0.0207,Low,0,Routine monitoring
873,0.0449,Low,0,Routine monitoring
874,0.0066,Low,0,Routine monitoring
875,0.0025,Low,0,Routine monitoring
876,0.0035,Low,0,Routine monitoring
877,0.0004,Low,0,Routine monitoring
878,0.1043,Low,0,Routine monitoring
879,0.0959,Low,0,Routine monitoring
880,0.022,Low,0,Routine monitoring
881,0.0374,Low,0,Routine monitoring
882,0.0018,Low,0,Routine monitoring
883,0.002,Low,0,Routine monitoring
884,0.2076,Low,0,Routine monitoring
885,0.0021,Low,0,Routine monitoring
886,0.0009,Low,0,Routine monitoring
887,0.007,Low,0,Routine monitoring
888,0.0005,Low,0,Routine monitoring
889,0.003,Low,0,Routine monitoring
890,0.0227,Low,0,Routine monitoring
891,0.0009,Low,0,Routine monitoring
892,1e-04,Low,0,Routine monitoring
893,0.0013,Low,0,Routine monitoring
894,0.0644,Low,0,Routine monitoring
895,0.0031,Low,0,Routine monitoring
896,0.004,Low,0,Routine monitoring
897,0.8239,Critical,0,Immediate freeze+STR
898,0.0007,Low,0,Routine monitoring
899,0.0004,Low,0,Routine monitoring
900,0.0046,Low,0,Routine monitoring
901,0.0139,Low,0,Routine monitoring
902,0.0425,Low,0,Routine monitoring
903,0.1267,Low,0,Routine monitoring
904,0.0017,Low,0,Routine monitoring
905,0.5287,Medium,0,Enhanced monitoring
906,0.0302,Low,0,Routine monitoring
907,0.0536,Low,0,Routine monitoring
908,0.0006,Low,0,Routine monitoring
909,0.0013,Low,0,Routine monitoring
910,0.0009,Low,0,Routine monitoring
911,0.0038,Low,0,Routine monitoring
912,0.0016,Low,0,Routine monitoring
913,0.0007,Low,0,Routine monitoring
914,0.0303,Low,0,Routine monitoring
915,0.0015,Low,0,Routine monitoring
916,0.0044,Low,0,Routine monitoring
917,0.0325,Low,0,Routine monitoring
918,0.001,Low,0,Routine monitoring
919,0.0029,Low,0,Routine monitoring
920,0.0069,Low,0,Routine monitoring
921,0.0352,Low,0,Routine monitoring
922,0.0006,Low,0,Routine monitoring
923,0.0002,Low,0,Routine monitoring
924,0.0214,Low,0,Routine monitoring
925,0.0005,Low,0,Routine monitoring
926,0.0003,Low,0,Routine monitoring
927,0.0005,Low,0,Routine monitoring
928,0.0025,Low,0,Routine monitoring
929,0.0008,Low,0,Routine monitoring
930,0.0022,Low,0,Routine monitoring
931,0.0132,Low,0,Routine monitoring
932,0.1512,Low,0,Routine monitoring
933,0.0903,Low,0,Routine monitoring
934,0.0006,Low,0,Routine monitoring
935,0.0829,Low,0,Routine monitoring
936,0.0324,Low,0,Routine monitoring
937,0.0014,Low,0,Routine monitoring
938,0.0022,Low,0,Routine monitoring
939,0.0042,Low,0,Routine monitoring
940,0.002,Low,0,Routine monitoring
941,0.1571,Low,0,Routine monitoring
942,0.046,Low,0,Routine monitoring
943,0.0274,Low,0,Routine monitoring
944,0.005,Low,0,Routine monitoring
945,0.0569,Low,0,Routine monitoring
946,0.0046,Low,0,Routine monitoring
947,0.0027,Low,0,Routine monitoring
948,0.1854,Low,0,Routine monitoring
949,0.0404,Low,0,Routine monitoring
950,0.0003,Low,0,Routine monitoring
951,0.0197,Low,0,Routine monitoring
952,0.0303,Low,0,Routine monitoring
953,0.0008,Low,0,Routine monitoring
954,0.0183,Low,0,Routine monitoring
955,0.0066,Low,0,Routine monitoring
956,0.0102,Low,0,Routine monitoring
957,0.0006,Low,0,Routine monitoring
958,0.0094,Low,0,Routine monitoring
959,0.0002,Low,0,Routine monitoring
960,0.1152,Low,0,Routine monitoring
961,0.001,Low,0,Routine monitoring
962,0.0258,Low,0,Routine monitoring
963,0.0473,Low,0,Routine monitoring
964,0.0054,Low,0,Routine monitoring
965,0.2105,Low,0,Routine monitoring
966,0.0004,Low,0,Routine monitoring
967,0.0037,Low,0,Routine monitoring
968,0.0283,Low,0,Routine monitoring
969,0.1981,Low,0,Routine monitoring
970,0.0009,Low,0,Routine monitoring
971,0.0005,Low,0,Routine monitoring
972,0.1262,Low,0,Routine monitoring
973,0.0068,Low,0,Routine monitoring
974,0.0007,Low,0,Routine monitoring
975,0.0123,Low,0,Routine monitoring
976,0.0037,Low,0,Routine monitoring
977,0.0527,Low,0,Routine monitoring
978,0.2642,Low,0,Routine monitoring
979,0.0066,Low,0,Routine monitoring
980,0.0016,Low,0,Routine monitoring
981,0.0003,Low,0,Routine monitoring
982,0.0045,Low,0,Routine monitoring
983,0.0005,Low,0,Routine monitoring
984,0.2008,Low,0,Routine monitoring
985,0.0018,Low,0,Routine monitoring
986,0.0027,Low,0,Routine monitoring
987,0.0003,Low,0,Routine monitoring
988,0.0002,Low,0,Routine monitoring
989,0.0007,Low,0,Routine monitoring
990,0.021,Low,0,Routine monitoring
991,1e-04,Low,0,Routine monitoring
992,0.0101,Low,0,Routine monitoring
993,0.1001,Low,0,Routine monitoring
994,0.0014,Low,0,Routine monitoring
995,0.0005,Low,0,Routine monitoring
996,0.0003,Low,0,Routine monitoring
997,0.0002,Low,0,Routine monitoring
998,0.3058,Low,0,Routine monitoring
999,0.001,Low,0,Routine monitoring
1000,0.0023,Low,0,Routine monitoring
1001,0.0006,Low,0,Routine monitoring
1002,0.0041,Low,0,Routine monitoring
1003,0.0013,Low,0,Routine monitoring
1004,0.0,Low,0,Routine monitoring
1005,1e-04,Low,0,Routine monitoring
1006,0.0004,Low,0,Routine monitoring
1007,0.0025,Low,0,Routine monitoring
1008,0.0003,Low,0,Routine monitoring
1009,0.0026,Low,0,Routine monitoring
1010,0.0005,Low,0,Routine monitoring
1011,0.0004,Low,0,Routine monitoring
1012,0.0105,Low,0,Routine monitoring
1013,0.0165,Low,0,Routine monitoring
1014,0.0444,Low,0,Routine monitoring
1015,0.0007,Low,0,Routine monitoring
1016,0.0138,Low,0,Routine monitoring
1017,0.0084,Low,0,Routine monitoring
1018,0.0032,Low,0,Routine monitoring
1019,0.0077,Low,0,Routine monitoring
1020,0.0341,Low,0,Routine monitoring
1021,0.1261,Low,0,Routine monitoring
1022,0.2678,Low,0,Routine monitoring
1023,0.0043,Low,0,Routine monitoring
1024,0.0015,Low,0,Routine monitoring
1025,0.0069,Low,0,Routine monitoring
1026,0.0061,Low,0,Routine monitoring
1027,0.3989,Medium,0,Enhanced monitoring
1028,0.0003,Low,0,Routine monitoring
1029,1e-04,Low,0,Routine monitoring
1030,0.6531,High,0,Analyst investigation
1031,0.2222,Low,0,Routine monitoring
1032,0.098,Low,0,Routine monitoring
1033,0.2692,Low,0,Routine monitoring
1034,0.0069,Low,0,Routine monitoring
1035,0.0013,Low,0,Routine monitoring
1036,0.0011,Low,0,Routine monitoring
1037,0.0061,Low,0,Routine monitoring
1038,0.0002,Low,0,Routine monitoring
1039,0.0494,Low,0,Routine monitoring
1040,0.0003,Low,0,Routine monitoring
1041,0.0065,Low,0,Routine monitoring
1042,0.0016,Low,0,Routine monitoring
1043,0.0332,Low,0,Routine monitoring
1044,0.0013,Low,0,Routine monitoring
1045,0.0092,Low,0,Routine monitoring
1046,0.0031,Low,0,Routine monitoring
1047,0.0014,Low,0,Routine monitoring
1048,0.0162,Low,0,Routine monitoring
1049,0.0,Low,0,Routine monitoring
1050,0.0606,Low,0,Routine monitoring
1051,0.0016,Low,0,Routine monitoring
1052,0.0032,Low,0,Routine monitoring
1053,0.0012,Low,0,Routine monitoring
1054,0.0007,Low,0,Routine monitoring
1055,0.0002,Low,0,Routine monitoring
1056,0.0393,Low,0,Routine monitoring
1057,0.0087,Low,0,Routine monitoring
1058,0.0053,Low,0,Routine monitoring
1059,0.0025,Low,0,Routine monitoring
1060,0.0005,Low,0,Routine monitoring
1061,0.0546,Low,0,Routine monitoring
1062,0.0045,Low,0,Routine monitoring
1063,0.0004,Low,0,Routine monitoring
1064,0.616,High,0,Analyst investigation
1065,0.0054,Low,0,Routine monitoring
1066,0.0008,Low,0,Routine monitoring
1067,0.0015,Low,0,Routine monitoring
1068,0.0028,Low,0,Routine monitoring
1069,0.0173,Low,0,Routine monitoring
1070,0.0006,Low,0,Routine monitoring
1071,0.0013,Low,0,Routine monitoring
1072,0.0007,Low,0,Routine monitoring
1073,0.1707,Low,0,Routine monitoring
1074,0.0046,Low,0,Routine monitoring
1075,0.0011,Low,0,Routine monitoring
1076,1e-04,Low,0,Routine monitoring
1077,0.0036,Low,0,Routine monitoring
1078,0.0009,Low,0,Routine monitoring
1079,0.0019,Low,0,Routine monitoring
1080,0.0008,Low,0,Routine monitoring
1081,0.0004,Low,0,Routine monitoring
1082,0.0106,Low,0,Routine monitoring
1083,0.0022,Low,0,Routine monitoring
1084,0.0003,Low,0,Routine monitoring
1085,0.005,Low,0,Routine monitoring
1086,0.0723,Low,0,Routine monitoring
1087,0.0449,Low,0,Routine monitoring
1088,0.0553,Low,0,Routine monitoring
1089,0.0008,Low,0,Routine monitoring
1090,0.0017,Low,0,Routine monitoring
1091,0.3885,Medium,0,Enhanced monitoring
1092,0.3879,Medium,0,Enhanced monitoring
1093,0.0606,Low,0,Routine monitoring
1094,0.0,Low,0,Routine monitoring
1095,0.0008,Low,0,Routine monitoring
1096,0.0018,Low,0,Routine monitoring
1097,0.0019,Low,0,Routine monitoring
1098,0.0183,Low,0,Routine monitoring
1099,0.0029,Low,0,Routine monitoring
1100,0.001,Low,0,Routine monitoring
1101,0.1148,Low,0,Routine monitoring
1102,0.0122,Low,0,Routine monitoring
1103,0.0003,Low,0,Routine monitoring
1104,1e-04,Low,0,Routine monitoring
1105,0.0036,Low,0,Routine monitoring
1106,0.0002,Low,0,Routine monitoring
1107,0.0055,Low,0,Routine monitoring
1108,0.0174,Low,0,Routine monitoring
1109,0.4723,Medium,0,Enhanced monitoring
1110,0.0203,Low,0,Routine monitoring
1111,0.2763,Low,0,Routine monitoring
1112,0.0266,Low,0,Routine monitoring
1113,1e-04,Low,0,Routine monitoring
1114,0.0005,Low,0,Routine monitoring
1115,0.0009,Low,0,Routine monitoring
1116,0.0017,Low,0,Routine monitoring
1117,0.008,Low,0,Routine monitoring
1118,0.0105,Low,0,Routine monitoring
1119,0.0064,Low,0,Routine monitoring
1120,0.0002,Low,0,Routine monitoring
1121,0.0077,Low,0,Routine monitoring
1122,0.054,Low,0,Routine monitoring
1123,0.0227,Low,0,Routine monitoring
1124,1e-04,Low,0,Routine monitoring
1125,0.0,Low,0,Routine monitoring
1126,0.0092,Low,0,Routine monitoring
1127,0.0098,Low,0,Routine monitoring
1128,0.0003,Low,0,Routine monitoring
1129,0.001,Low,0,Routine monitoring
1130,0.0033,Low,0,Routine monitoring
1131,0.0551,Low,0,Routine monitoring
1132,0.0187,Low,0,Routine monitoring
1133,0.045,Low,0,Routine monitoring
1134,0.0002,Low,0,Routine monitoring
1135,0.001,Low,0,Routine monitoring
1136,0.0208,Low,0,Routine monitoring
1137,0.0033,Low,0,Routine monitoring
1138,0.0021,Low,0,Routine monitoring
1139,0.002,Low,0,Routine monitoring
1140,0.0027,Low,0,Routine monitoring
1141,0.0206,Low,0,Routine monitoring
1142,0.0009,Low,0,Routine monitoring
1143,0.0012,Low,0,Routine monitoring
1144,0.0021,Low,0,Routine monitoring
1145,0.0055,Low,0,Routine monitoring
1146,0.0121,Low,0,Routine monitoring
1147,0.0004,Low,0,Routine monitoring
1148,0.0011,Low,0,Routine monitoring
1149,0.0031,Low,0,Routine monitoring
1150,0.0006,Low,0,Routine monitoring
1151,0.0403,Low,0,Routine monitoring
1152,0.0004,Low,0,Routine monitoring
1153,0.0068,Low,0,Routine monitoring
1154,0.0042,Low,0,Routine monitoring
1155,0.0013,Low,0,Routine monitoring
1156,0.0016,Low,0,Routine monitoring
1157,1e-04,Low,0,Routine monitoring
1158,1e-04,Low,0,Routine monitoring
1159,0.0136,Low,0,Routine monitoring
1160,0.0005,Low,0,Routine monitoring
1161,0.0043,Low,0,Routine monitoring
1162,0.0049,Low,0,Routine monitoring
1163,0.0035,Low,0,Routine monitoring
1164,0.001,Low,0,Routine monitoring
1165,0.0021,Low,0,Routine monitoring
1166,0.0112,Low,0,Routine monitoring
1167,0.097,Low,0,Routine monitoring
1168,0.0186,Low,0,Routine monitoring
1169,1e-04,Low,0,Routine monitoring
1170,0.0033,Low,0,Routine monitoring
1171,0.0143,Low,0,Routine monitoring
1172,0.0113,Low,0,Routine monitoring
1173,0.001,Low,0,Routine monitoring
1174,0.0011,Low,0,Routine monitoring
1175,0.0081,Low,0,Routine monitoring
1176,0.0,Low,0,Routine monitoring
1177,0.0031,Low,0,Routine monitoring
1178,1e-04,Low,0,Routine monitoring
1179,0.0005,Low,0,Routine monitoring
1180,0.0025,Low,0,Routine monitoring
1181,0.0154,Low,0,Routine monitoring
1182,1e-04,Low,0,Routine monitoring
1183,0.0454,Low,0,Routine monitoring
1184,0.0146,Low,0,Routine monitoring
1185,0.001,Low,0,Routine monitoring
1186,0.0029,Low,0,Routine monitoring
1187,0.0004,Low,0,Routine monitoring
1188,0.0005,Low,0,Routine monitoring
1189,0.0009,Low,0,Routine monitoring
1190,0.0023,Low,0,Routine monitoring
1191,0.0092,Low,0,Routine monitoring
1192,1e-04,Low,0,Routine monitoring
1193,0.0192,Low,0,Routine monitoring
1194,0.0002,Low,0,Routine monitoring
1195,1e-04,Low,0,Routine monitoring
1196,0.5741,Medium,0,Enhanced monitoring
1197,0.0022,Low,0,Routine monitoring
1198,0.0065,Low,0,Routine monitoring
1199,0.0039,Low,0,Routine monitoring
1200,0.0089,Low,0,Routine monitoring
1201,0.0021,Low,0,Routine monitoring
1202,0.2432,Low,0,Routine monitoring
1203,0.158,Low,0,Routine monitoring
1204,0.0577,Low,0,Routine monitoring
1205,0.0014,Low,0,Routine monitoring
1206,0.0753,Low,0,Routine monitoring
1207,0.0305,Low,0,Routine monitoring
1208,1e-04,Low,0,Routine monitoring
1209,0.0031,Low,0,Routine monitoring
1210,0.0019,Low,0,Routine monitoring
1211,0.0002,Low,0,Routine monitoring
1212,0.0073,Low,0,Routine monitoring
1213,0.0004,Low,0,Routine monitoring
1214,0.0254,Low,0,Routine monitoring
1215,0.0007,Low,0,Routine monitoring
1216,0.0006,Low,0,Routine monitoring
1217,1e-04,Low,0,Routine monitoring
1218,0.0199,Low,0,Routine monitoring
1219,0.1237,Low,0,Routine monitoring
1220,0.0204,Low,0,Routine monitoring
1221,0.0014,Low,0,Routine monitoring
1222,0.0537,Low,0,Routine monitoring
1223,0.0067,Low,0,Routine monitoring
1224,0.0223,Low,0,Routine monitoring
1225,0.0778,Low,0,Routine monitoring
1226,0.0007,Low,0,Routine monitoring
1227,0.0769,Low,0,Routine monitoring
1228,0.0002,Low,0,Routine monitoring
1229,0.0114,Low,0,Routine monitoring
1230,1e-04,Low,0,Routine monitoring
1231,0.0002,Low,0,Routine monitoring
1232,0.003,Low,0,Routine monitoring
1233,0.03,Low,0,Routine monitoring
1234,0.033,Low,0,Routine monitoring
1235,0.0053,Low,0,Routine monitoring
1236,0.0003,Low,0,Routine monitoring
1237,0.0975,Low,0,Routine monitoring
1238,0.0635,Low,0,Routine monitoring
1239,0.0002,Low,0,Routine monitoring
1240,0.0003,Low,0,Routine monitoring
1241,0.0102,Low,0,Routine monitoring
1242,0.0202,Low,0,Routine monitoring
1243,0.0032,Low,0,Routine monitoring
1244,0.251,Low,0,Routine monitoring
1245,0.485,Medium,0,Enhanced monitoring
1246,0.001,Low,0,Routine monitoring
1247,0.005,Low,0,Routine monitoring
1248,0.0014,Low,0,Routine monitoring
1249,0.0004,Low,0,Routine monitoring
1250,0.0753,Low,0,Routine monitoring
1251,0.0188,Low,0,Routine monitoring
1252,0.001,Low,0,Routine monitoring
1253,0.0011,Low,0,Routine monitoring
1254,0.0438,Low,0,Routine monitoring
1255,0.0439,Low,0,Routine monitoring
1256,0.0012,Low,0,Routine monitoring
1257,0.0074,Low,0,Routine monitoring
1258,0.0028,Low,0,Routine monitoring
1259,0.0787,Low,0,Routine monitoring
1260,0.2901,Low,0,Routine monitoring
1261,0.003,Low,0,Routine monitoring
1262,0.0007,Low,0,Routine monitoring
1263,0.0043,Low,0,Routine monitoring
1264,0.0282,Low,0,Routine monitoring
1265,0.0023,Low,0,Routine monitoring
1266,0.001,Low,0,Routine monitoring
1267,0.0064,Low,0,Routine monitoring
1268,0.0007,Low,0,Routine monitoring
1269,0.0008,Low,0,Routine monitoring
1270,0.0014,Low,0,Routine monitoring
1271,1e-04,Low,0,Routine monitoring
1272,0.0513,Low,0,Routine monitoring
1273,0.0044,Low,0,Routine monitoring
1274,0.0709,Low,0,Routine monitoring
1275,0.0141,Low,0,Routine monitoring
1276,0.0003,Low,0,Routine monitoring
1277,0.0503,Low,0,Routine monitoring
1278,0.0026,Low,0,Routine monitoring
1279,0.0009,Low,0,Routine monitoring
1280,1e-04,Low,0,Routine monitoring
1281,0.0018,Low,0,Routine monitoring
1282,0.0164,Low,0,Routine monitoring
1283,0.1416,Low,0,Routine monitoring
1284,0.0386,Low,0,Routine monitoring
1285,0.0009,Low,0,Routine monitoring
1286,0.0079,Low,0,Routine monitoring
1287,0.0008,Low,0,Routine monitoring
1288,0.0387,Low,0,Routine monitoring
1289,0.0174,Low,0,Routine monitoring
1290,0.0026,Low,0,Routine monitoring
1291,0.0021,Low,0,Routine monitoring
1292,0.0177,Low,0,Routine monitoring
1293,0.0043,Low,0,Routine monitoring
1294,0.0011,Low,0,Routine monitoring
1295,0.0112,Low,0,Routine monitoring
1296,0.037,Low,0,Routine monitoring
1297,0.1183,Low,0,Routine monitoring
1298,0.0044,Low,0,Routine monitoring
1299,0.003,Low,0,Routine monitoring
1300,0.1,Low,0,Routine monitoring
1301,0.0106,Low,0,Routine monitoring
1302,0.0128,Low,0,Routine monitoring
1303,0.0322,Low,0,Routine monitoring
1304,0.0033,Low,0,Routine monitoring
1305,0.1178,Low,0,Routine monitoring
1306,0.4495,Medium,0,Enhanced monitoring
1307,0.0061,Low,0,Routine monitoring
1308,0.0036,Low,0,Routine monitoring
1309,0.0013,Low,0,Routine monitoring
1310,0.0004,Low,0,Routine monitoring
1311,0.004,Low,0,Routine monitoring
1312,0.0287,Low,0,Routine monitoring
1313,0.0167,Low,0,Routine monitoring
1314,0.0474,Low,0,Routine monitoring
1315,0.0359,Low,0,Routine monitoring
1316,0.0607,Low,0,Routine monitoring
1317,0.0045,Low,0,Routine monitoring
1318,0.0046,Low,0,Routine monitoring
1319,0.0024,Low,0,Routine monitoring
1320,0.0048,Low,0,Routine monitoring
1321,0.0004,Low,0,Routine monitoring
1322,0.0032,Low,0,Routine monitoring
1323,0.0004,Low,0,Routine monitoring
1324,0.0074,Low,0,Routine monitoring
1325,0.4325,Medium,0,Enhanced monitoring
1326,1e-04,Low,0,Routine monitoring
1327,0.0014,Low,0,Routine monitoring
1328,0.0006,Low,0,Routine monitoring
1329,0.0005,Low,0,Routine monitoring
1330,1e-04,Low,0,Routine monitoring
1331,0.0075,Low,0,Routine monitoring
1332,0.1096,Low,0,Routine monitoring
1333,0.0022,Low,0,Routine monitoring
1334,0.0,Low,0,Routine monitoring
1335,1e-04,Low,0,Routine monitoring
1336,0.0002,Low,0,Routine monitoring
1337,0.0007,Low,0,Routine monitoring
1338,0.0002,Low,0,Routine monitoring
1339,0.0635,Low,0,Routine monitoring
1340,0.0041,Low,0,Routine monitoring
1341,0.0075,Low,0,Routine monitoring
1342,0.0048,Low,0,Routine monitoring
1343,0.2689,Low,0,Routine monitoring
1344,1e-04,Low,0,Routine monitoring
1345,0.0004,Low,0,Routine monitoring
1346,0.0005,Low,0,Routine monitoring
1347,0.0005,Low,0,Routine monitoring
1348,1e-04,Low,0,Routine monitoring
1349,0.0025,Low,0,Routine monitoring
1350,0.0079,Low,0,Routine monitoring
1351,0.0023,Low,0,Routine monitoring
1352,0.0753,Low,0,Routine monitoring
1353,0.0723,Low,0,Routine monitoring
1354,0.0014,Low,0,Routine monitoring
1355,0.011,Low,0,Routine monitoring
1356,0.0034,Low,0,Routine monitoring
1357,0.001,Low,0,Routine monitoring
1358,0.004,Low,0,Routine monitoring
1359,0.0316,Low,0,Routine monitoring
1360,0.0024,Low,0,Routine monitoring
1361,0.6257,High,0,Analyst investigation
1362,0.0053,Low,0,Routine monitoring
1363,0.0039,Low,0,Routine monitoring
1364,0.0022,Low,0,Routine monitoring
1365,0.0103,Low,0,Routine monitoring
1366,0.0003,Low,0,Routine monitoring
1367,0.0002,Low,0,Routine monitoring
1368,0.0007,Low,0,Routine monitoring
1369,0.0012,Low,0,Routine monitoring
1370,0.0031,Low,0,Routine monitoring
1371,0.0114,Low,0,Routine monitoring
1372,0.0157,Low,0,Routine monitoring
1373,0.0064,Low,0,Routine monitoring
1374,0.0394,Low,0,Routine monitoring
1375,0.001,Low,0,Routine monitoring
1376,0.0054,Low,0,Routine monitoring
1377,0.0447,Low,0,Routine monitoring
1378,0.0029,Low,0,Routine monitoring
1379,0.0516,Low,0,Routine monitoring
1380,0.0591,Low,0,Routine monitoring
1381,0.0094,Low,0,Routine monitoring
1382,0.0188,Low,0,Routine monitoring
1383,0.0,Low,0,Routine monitoring
1384,0.0005,Low,0,Routine monitoring
1385,0.0004,Low,0,Routine monitoring
1386,0.0015,Low,0,Routine monitoring
1387,0.001,Low,0,Routine monitoring
1388,1e-04,Low,0,Routine monitoring
1389,0.0191,Low,0,Routine monitoring
1390,0.0021,Low,0,Routine monitoring
1391,0.0009,Low,0,Routine monitoring
1392,0.0238,Low,0,Routine monitoring
1393,0.0023,Low,0,Routine monitoring
1394,0.0009,Low,0,Routine monitoring
1395,0.0015,Low,0,Routine monitoring
1396,0.0024,Low,0,Routine monitoring
1397,0.0033,Low,0,Routine monitoring
1398,0.0048,Low,0,Routine monitoring
1399,0.1327,Low,0,Routine monitoring
1400,0.0002,Low,0,Routine monitoring
1401,0.0037,Low,0,Routine monitoring
1402,0.0002,Low,0,Routine monitoring
1403,0.635,High,0,Analyst investigation
1404,0.0379,Low,0,Routine monitoring
1405,0.0004,Low,0,Routine monitoring
1406,0.0335,Low,0,Routine monitoring
1407,0.0004,Low,0,Routine monitoring
1408,0.0032,Low,0,Routine monitoring
1409,0.3758,Medium,0,Enhanced monitoring
1410,0.028,Low,0,Routine monitoring
1411,0.0055,Low,0,Routine monitoring
1412,0.0034,Low,0,Routine monitoring
1413,0.0065,Low,0,Routine monitoring
1414,0.0007,Low,0,Routine monitoring
1415,0.0902,Low,0,Routine monitoring
1416,0.0565,Low,0,Routine monitoring
1417,0.0392,Low,0,Routine monitoring
1418,0.0004,Low,0,Routine monitoring
1419,0.0015,Low,0,Routine monitoring
1420,0.0007,Low,0,Routine monitoring
1421,0.0073,Low,0,Routine monitoring
1422,0.0002,Low,0,Routine monitoring
1423,0.0019,Low,0,Routine monitoring
1424,0.0004,Low,0,Routine monitoring
1425,0.0106,Low,0,Routine monitoring
1426,0.0011,Low,0,Routine monitoring
1427,1e-04,Low,0,Routine monitoring
1428,0.0012,Low,0,Routine monitoring
1429,0.0013,Low,0,Routine monitoring
1430,0.0002,Low,0,Routine monitoring
1431,0.0006,Low,0,Routine monitoring
1432,0.0007,Low,0,Routine monitoring
1433,0.0003,Low,0,Routine monitoring
1434,0.0003,Low,0,Routine monitoring
1435,0.0431,Low,0,Routine monitoring
1436,0.0189,Low,0,Routine monitoring
1437,0.0103,Low,0,Routine monitoring
1438,0.0005,Low,0,Routine monitoring
1439,0.0844,Low,0,Routine monitoring
1440,0.0,Low,0,Routine monitoring
1441,0.0008,Low,0,Routine monitoring
1442,0.0076,Low,0,Routine monitoring
1443,0.0039,Low,0,Routine monitoring
1444,1e-04,Low,0,Routine monitoring
1445,0.0067,Low,0,Routine monitoring
1446,0.0021,Low,0,Routine monitoring
1447,0.0253,Low,0,Routine monitoring
1448,0.0012,Low,0,Routine monitoring
1449,0.5828,Medium,0,Enhanced monitoring
1450,0.0125,Low,0,Routine monitoring
1451,0.0009,Low,0,Routine monitoring
1452,0.0014,Low,0,Routine monitoring
1453,0.0011,Low,0,Routine monitoring
1454,0.0027,Low,0,Routine monitoring
1455,0.0022,Low,0,Routine monitoring
1456,0.0014,Low,0,Routine monitoring
1457,0.0,Low,0,Routine monitoring
1458,0.0,Low,0,Routine monitoring
1459,0.0003,Low,0,Routine monitoring
1460,0.0,Low,0,Routine monitoring
1461,0.0005,Low,0,Routine monitoring
1462,0.0062,Low,0,Routine monitoring
1463,1e-04,Low,0,Routine monitoring
1464,0.0098,Low,0,Routine monitoring
1465,0.009,Low,0,Routine monitoring
1466,0.0115,Low,0,Routine monitoring
1467,0.0148,Low,0,Routine monitoring
1468,1e-04,Low,0,Routine monitoring
1469,0.0159,Low,0,Routine monitoring
1470,0.0015,Low,0,Routine monitoring
1471,0.0003,Low,0,Routine monitoring
1472,0.0005,Low,0,Routine monitoring
1473,0.0109,Low,0,Routine monitoring
1474,0.0017,Low,0,Routine monitoring
1475,0.0279,Low,0,Routine monitoring
1476,0.0008,Low,0,Routine monitoring
1477,1e-04,Low,0,Routine monitoring
1478,0.0004,Low,0,Routine monitoring
1479,0.0005,Low,0,Routine monitoring
1480,0.0011,Low,0,Routine monitoring
1481,0.0184,Low,0,Routine monitoring
1482,0.0029,Low,0,Routine monitoring
1483,0.0085,Low,0,Routine monitoring
1484,0.0005,Low,0,Routine monitoring
1485,0.0019,Low,0,Routine monitoring
1486,0.0022,Low,0,Routine monitoring
1487,0.0595,Low,0,Routine monitoring
1488,0.7414,High,0,Analyst investigation
1489,0.0055,Low,0,Routine monitoring
1490,0.0053,Low,0,Routine monitoring
1491,0.0123,Low,0,Routine monitoring
1492,0.007,Low,0,Routine monitoring
1493,0.0314,Low,0,Routine monitoring
1494,0.0012,Low,0,Routine monitoring
1495,0.0005,Low,0,Routine monitoring
1496,0.3644,Medium,0,Enhanced monitoring
1497,0.0016,Low,0,Routine monitoring
1498,0.0864,Low,0,Routine monitoring
1499,0.0491,Low,0,Routine monitoring
1500,0.0003,Low,0,Routine monitoring
1501,0.0086,Low,0,Routine monitoring
1502,0.0489,Low,0,Routine monitoring
1503,0.0002,Low,0,Routine monitoring
1504,0.0005,Low,0,Routine monitoring
1505,0.0002,Low,0,Routine monitoring
1506,0.0003,Low,0,Routine monitoring
1507,0.0008,Low,0,Routine monitoring
1508,0.1195,Low,0,Routine monitoring
1509,0.0015,Low,0,Routine monitoring
1510,0.0242,Low,0,Routine monitoring
1511,0.0108,Low,0,Routine monitoring
1512,0.0184,Low,0,Routine monitoring
1513,0.0009,Low,0,Routine monitoring
1514,0.0079,Low,0,Routine monitoring
1515,0.0002,Low,0,Routine monitoring
1516,0.0166,Low,0,Routine monitoring
1517,0.027,Low,0,Routine monitoring
1518,0.0004,Low,0,Routine monitoring
1519,0.0004,Low,0,Routine monitoring
1520,1e-04,Low,0,Routine monitoring
1521,0.0054,Low,0,Routine monitoring
1522,0.0235,Low,0,Routine monitoring
1523,1e-04,Low,0,Routine monitoring
1524,0.0004,Low,0,Routine monitoring
1525,0.0002,Low,0,Routine monitoring
1526,0.0005,Low,0,Routine monitoring
1527,0.0004,Low,0,Routine monitoring
1528,0.0142,Low,0,Routine monitoring
1529,0.1224,Low,0,Routine monitoring
1530,0.0002,Low,0,Routine monitoring
1531,0.0004,Low,0,Routine monitoring
1532,0.0015,Low,0,Routine monitoring
1533,0.0002,Low,0,Routine monitoring
1534,0.0011,Low,0,Routine monitoring
1535,0.0008,Low,0,Routine monitoring
1536,0.0079,Low,0,Routine monitoring
1537,0.0046,Low,0,Routine monitoring
1538,0.0014,Low,0,Routine monitoring
1539,0.0303,Low,0,Routine monitoring
1540,0.0094,Low,0,Routine monitoring
1541,0.029,Low,0,Routine monitoring
1542,0.0938,Low,0,Routine monitoring
1543,0.0049,Low,0,Routine monitoring
1544,0.0009,Low,0,Routine monitoring
1545,0.0009,Low,0,Routine monitoring
1546,0.0021,Low,0,Routine monitoring
1547,0.0065,Low,0,Routine monitoring
1548,1e-04,Low,0,Routine monitoring
1549,0.0017,Low,0,Routine monitoring
1550,0.0115,Low,0,Routine monitoring
1551,0.0022,Low,0,Routine monitoring
1552,0.0003,Low,0,Routine monitoring
1553,0.0028,Low,0,Routine monitoring
1554,0.0022,Low,0,Routine monitoring
1555,0.0802,Low,0,Routine monitoring
1556,0.0014,Low,0,Routine monitoring
1557,0.0046,Low,0,Routine monitoring
1558,0.0036,Low,0,Routine monitoring
1559,0.014,Low,0,Routine monitoring
1560,0.4404,Medium,0,Enhanced monitoring
1561,0.1188,Low,0,Routine monitoring
1562,0.0004,Low,0,Routine monitoring
1563,0.0084,Low,0,Routine monitoring
1564,0.005,Low,0,Routine monitoring
1565,0.2183,Low,0,Routine monitoring
1566,0.0007,Low,0,Routine monitoring
1567,0.0018,Low,0,Routine monitoring
1568,0.0108,Low,0,Routine monitoring
1569,0.0015,Low,0,Routine monitoring
1570,0.0156,Low,0,Routine monitoring
1571,0.0014,Low,0,Routine monitoring
1572,1e-04,Low,0,Routine monitoring
1573,0.1236,Low,0,Routine monitoring
1574,0.0024,Low,0,Routine monitoring
1575,0.0002,Low,0,Routine monitoring
1576,0.0007,Low,0,Routine monitoring
1577,0.0046,Low,0,Routine monitoring
1578,0.0065,Low,0,Routine monitoring
1579,0.0003,Low,0,Routine monitoring
1580,0.0044,Low,0,Routine monitoring
1581,0.0011,Low,0,Routine monitoring
1582,0.0003,Low,0,Routine monitoring
1583,0.0108,Low,0,Routine monitoring
1584,0.0008,Low,0,Routine monitoring
1585,0.0005,Low,0,Routine monitoring
1586,0.0106,Low,0,Routine monitoring
1587,0.0005,Low,0,Routine monitoring
1588,0.0569,Low,0,Routine monitoring
1589,0.1669,Low,0,Routine monitoring
1590,0.0108,Low,0,Routine monitoring
1591,0.0042,Low,0,Routine monitoring
1592,0.0136,Low,0,Routine monitoring
1593,0.001,Low,0,Routine monitoring
1594,0.0026,Low,0,Routine monitoring
1595,0.0062,Low,0,Routine monitoring
1596,0.0149,Low,0,Routine monitoring
1597,0.0158,Low,0,Routine monitoring
1598,0.0029,Low,0,Routine monitoring
1599,0.0078,Low,0,Routine monitoring
1600,0.0103,Low,0,Routine monitoring
1601,0.0002,Low,0,Routine monitoring
1602,0.0006,Low,0,Routine monitoring
1603,0.0013,Low,0,Routine monitoring
1604,0.0106,Low,0,Routine monitoring
1605,0.0028,Low,0,Routine monitoring
1606,0.8364,Critical,0,Immediate freeze+STR
1607,0.0038,Low,0,Routine monitoring
1608,0.0002,Low,0,Routine monitoring
1609,0.6684,High,0,Analyst investigation
1610,0.0027,Low,0,Routine monitoring
1611,1e-04,Low,0,Routine monitoring
1612,0.0007,Low,0,Routine monitoring
1613,0.099,Low,0,Routine monitoring
1614,0.0014,Low,0,Routine monitoring
1615,0.0005,Low,0,Routine monitoring
1616,0.0009,Low,0,Routine monitoring
1617,0.0137,Low,0,Routine monitoring
1618,0.007,Low,0,Routine monitoring
1619,0.033,Low,0,Routine monitoring
1620,0.0086,Low,0,Routine monitoring
1621,0.0066,Low,0,Routine monitoring
1622,0.0002,Low,0,Routine monitoring
1623,0.0004,Low,0,Routine monitoring
1624,0.0032,Low,0,Routine monitoring
1625,0.0037,Low,0,Routine monitoring
1626,0.0004,Low,0,Routine monitoring
1627,0.0003,Low,0,Routine monitoring
1628,0.0015,Low,0,Routine monitoring
1629,0.0002,Low,0,Routine monitoring
1630,0.0007,Low,0,Routine monitoring
1631,0.0029,Low,0,Routine monitoring
1632,1e-04,Low,0,Routine monitoring
1633,0.001,Low,0,Routine monitoring
1634,0.0531,Low,0,Routine monitoring
1635,0.0004,Low,0,Routine monitoring
1636,0.0198,Low,0,Routine monitoring
1637,0.0044,Low,0,Routine monitoring
1638,0.0013,Low,0,Routine monitoring
1639,0.0035,Low,0,Routine monitoring
1640,0.0007,Low,0,Routine monitoring
1641,0.028,Low,0,Routine monitoring
1642,0.2046,Low,0,Routine monitoring
1643,0.0018,Low,0,Routine monitoring
1644,0.004,Low,0,Routine monitoring
1645,0.0261,Low,0,Routine monitoring
1646,0.0499,Low,0,Routine monitoring
1647,0.0369,Low,0,Routine monitoring
1648,0.0165,Low,0,Routine monitoring
1649,0.0014,Low,0,Routine monitoring
1650,0.0094,Low,0,Routine monitoring
1651,0.0,Low,0,Routine monitoring
1652,0.0006,Low,0,Routine monitoring
1653,0.0004,Low,0,Routine monitoring
1654,0.0002,Low,0,Routine monitoring
1655,1e-04,Low,0,Routine monitoring
1656,0.0011,Low,0,Routine monitoring
1657,0.0059,Low,0,Routine monitoring
1658,0.0069,Low,0,Routine monitoring
1659,1e-04,Low,0,Routine monitoring
1660,0.0007,Low,0,Routine monitoring
1661,0.0302,Low,0,Routine monitoring
1662,0.0008,Low,0,Routine monitoring
1663,0.0123,Low,0,Routine monitoring
1664,0.007,Low,0,Routine monitoring
1665,0.0005,Low,0,Routine monitoring
1666,0.0038,Low,0,Routine monitoring
1667,0.0019,Low,0,Routine monitoring
1668,0.0344,Low,0,Routine monitoring
1669,0.0002,Low,0,Routine monitoring
1670,0.0005,Low,0,Routine monitoring
1671,1e-04,Low,0,Routine monitoring
1672,0.0037,Low,0,Routine monitoring
1673,0.0027,Low,0,Routine monitoring
1674,1e-04,Low,0,Routine monitoring
1675,0.0013,Low,0,Routine monitoring
1676,0.0008,Low,0,Routine monitoring
1677,0.0025,Low,0,Routine monitoring
1678,0.0016,Low,0,Routine monitoring
1679,0.0008,Low,0,Routine monitoring
1680,1e-04,Low,0,Routine monitoring
1681,0.0019,Low,0,Routine monitoring
1682,0.0151,Low,0,Routine monitoring
1683,0.0014,Low,0,Routine monitoring
1684,0.0003,Low,0,Routine monitoring
1685,0.0008,Low,0,Routine monitoring
1686,0.0068,Low,0,Routine monitoring
1687,0.0004,Low,0,Routine monitoring
1688,0.0003,Low,0,Routine monitoring
1689,0.0167,Low,0,Routine monitoring
1690,0.0007,Low,0,Routine monitoring
1691,0.043,Low,0,Routine monitoring
1692,0.0002,Low,0,Routine monitoring
1693,0.0045,Low,0,Routine monitoring
1694,0.0154,Low,0,Routine monitoring
1695,0.0005,Low,0,Routine monitoring
1696,1e-04,Low,0,Routine monitoring
1697,0.0007,Low,0,Routine monitoring
1698,0.0003,Low,0,Routine monitoring
1699,0.0291,Low,0,Routine monitoring
1700,1e-04,Low,0,Routine monitoring
1701,0.0002,Low,0,Routine monitoring
1702,0.0079,Low,0,Routine monitoring
1703,0.0002,Low,0,Routine monitoring
1704,0.1959,Low,0,Routine monitoring
1705,0.0008,Low,0,Routine monitoring
1706,0.0004,Low,0,Routine monitoring
1707,0.0002,Low,0,Routine monitoring
1708,0.06,Low,0,Routine monitoring
1709,0.0039,Low,0,Routine monitoring
1710,1e-04,Low,0,Routine monitoring
1711,1e-04,Low,0,Routine monitoring
1712,0.0,Low,0,Routine monitoring
1713,1e-04,Low,0,Routine monitoring
1714,0.0025,Low,0,Routine monitoring
1715,0.0097,Low,0,Routine monitoring
1716,0.0033,Low,0,Routine monitoring
1717,0.0612,Low,0,Routine monitoring
1718,1e-04,Low,0,Routine monitoring
1719,0.0002,Low,0,Routine monitoring
1720,1e-04,Low,0,Routine monitoring
1721,0.044,Low,0,Routine monitoring
1722,0.008,Low,0,Routine monitoring
1723,0.0012,Low,0,Routine monitoring
1724,0.0864,Low,0,Routine monitoring
1725,0.0081,Low,0,Routine monitoring
1726,0.0002,Low,0,Routine monitoring
1727,0.0006,Low,0,Routine monitoring
1728,0.0011,Low,0,Routine monitoring
1729,0.0098,Low,0,Routine monitoring
1730,0.0021,Low,0,Routine monitoring
1731,0.0028,Low,0,Routine monitoring
1732,0.0012,Low,0,Routine monitoring
1733,0.1969,Low,0,Routine monitoring
1734,0.0229,Low,0,Routine monitoring
1735,0.0163,Low,0,Routine monitoring
1736,0.0005,Low,0,Routine monitoring
1737,0.0002,Low,0,Routine monitoring
1738,0.0047,Low,0,Routine monitoring
1739,0.0045,Low,0,Routine monitoring
1740,0.0013,Low,0,Routine monitoring
1741,0.0006,Low,0,Routine monitoring
1742,0.0009,Low,0,Routine monitoring
1743,0.0244,Low,0,Routine monitoring
1744,0.0139,Low,0,Routine monitoring
1745,0.0009,Low,0,Routine monitoring
1746,0.0002,Low,0,Routine monitoring
1747,0.0003,Low,0,Routine monitoring
1748,0.0002,Low,0,Routine monitoring
1749,0.0127,Low,0,Routine monitoring
1750,0.0265,Low,0,Routine monitoring
1751,0.0066,Low,0,Routine monitoring
1752,0.0174,Low,0,Routine monitoring
1753,0.0003,Low,0,Routine monitoring
1754,0.0016,Low,0,Routine monitoring
1755,0.0002,Low,0,Routine monitoring
1756,0.0848,Low,0,Routine monitoring
1757,0.0007,Low,0,Routine monitoring
1758,0.0284,Low,0,Routine monitoring
1759,0.0322,Low,0,Routine monitoring
1760,0.0004,Low,0,Routine monitoring
1761,0.0016,Low,0,Routine monitoring
1762,0.0056,Low,0,Routine monitoring
1763,0.1197,Low,0,Routine monitoring
1764,0.0049,Low,0,Routine monitoring
1765,0.074,Low,0,Routine monitoring
1766,0.0066,Low,0,Routine monitoring
1767,0.0007,Low,0,Routine monitoring
1768,0.0008,Low,0,Routine monitoring
1769,0.0043,Low,0,Routine monitoring
1770,0.0008,Low,0,Routine monitoring
1771,0.0006,Low,0,Routine monitoring
1772,0.0,Low,0,Routine monitoring
1773,0.0124,Low,0,Routine monitoring
1774,0.002,Low,0,Routine monitoring
1775,0.0014,Low,0,Routine monitoring
1776,0.0004,Low,0,Routine monitoring
1777,0.0003,Low,0,Routine monitoring
1778,0.0172,Low,0,Routine monitoring
1779,0.0035,Low,0,Routine monitoring
1780,0.0336,Low,0,Routine monitoring
1781,0.0055,Low,0,Routine monitoring
1782,0.0222,Low,0,Routine monitoring
1783,0.0026,Low,0,Routine monitoring
1784,0.0002,Low,0,Routine monitoring
1785,0.0002,Low,0,Routine monitoring
1786,0.0006,Low,0,Routine monitoring
1787,0.0044,Low,0,Routine monitoring
1788,0.0026,Low,0,Routine monitoring
1789,0.0008,Low,0,Routine monitoring
1790,0.0056,Low,0,Routine monitoring
1791,0.0003,Low,0,Routine monitoring
1792,0.002,Low,0,Routine monitoring
1793,1e-04,Low,0,Routine monitoring
1794,0.0005,Low,0,Routine monitoring
1795,0.0003,Low,0,Routine monitoring
1796,0.0006,Low,0,Routine monitoring
1797,0.0022,Low,0,Routine monitoring
1798,0.0089,Low,0,Routine monitoring
1799,0.0006,Low,0,Routine monitoring
1800,0.0007,Low,0,Routine monitoring
1801,0.0004,Low,0,Routine monitoring
1802,0.0069,Low,0,Routine monitoring
1803,0.0024,Low,0,Routine monitoring
1804,0.0056,Low,0,Routine monitoring
1805,0.0011,Low,0,Routine monitoring
1806,0.0003,Low,0,Routine monitoring
1807,0.003,Low,0,Routine monitoring
1808,0.0006,Low,0,Routine monitoring
1809,0.0003,Low,0,Routine monitoring
1810,0.0009,Low,0,Routine monitoring
1811,0.0006,Low,0,Routine monitoring
1812,0.0016,Low,0,Routine monitoring
1813,0.0026,Low,0,Routine monitoring
1814,0.0292,Low,0,Routine monitoring
1815,0.0467,Low,0,Routine monitoring
1816,0.0021,Low,0,Routine monitoring
1817,0.0027,Low,0,Routine monitoring
1818,0.0042,Low,0,Routine monitoring
1819,0.0045,Low,0,Routine monitoring
1820,0.058,Low,0,Routine monitoring
1821,0.0009,Low,0,Routine monitoring
1822,0.0012,Low,0,Routine monitoring
1823,0.0012,Low,0,Routine monitoring
1824,0.0021,Low,0,Routine monitoring
1825,0.018,Low,0,Routine monitoring
1826,0.0558,Low,0,Routine monitoring
1827,0.0031,Low,0,Routine monitoring
1828,0.0009,Low,0,Routine monitoring
1829,1e-04,Low,0,Routine monitoring
1830,0.002,Low,0,Routine monitoring
1831,0.171,Low,0,Routine monitoring
1832,0.011,Low,0,Routine monitoring
1833,0.0021,Low,0,Routine monitoring
1834,1e-04,Low,0,Routine monitoring
1835,0.007,Low,0,Routine monitoring
1836,0.2828,Low,0,Routine monitoring
1837,0.001,Low,0,Routine monitoring
1838,0.0163,Low,0,Routine monitoring
1839,0.0916,Low,0,Routine monitoring
1840,0.0017,Low,0,Routine monitoring
1841,0.0007,Low,0,Routine monitoring
1842,0.0018,Low,0,Routine monitoring
1843,0.0,Low,0,Routine monitoring
1844,0.029,Low,0,Routine monitoring
1845,0.0509,Low,0,Routine monitoring
1846,0.0008,Low,0,Routine monitoring
1847,0.0002,Low,0,Routine monitoring
1848,0.0012,Low,0,Routine monitoring
1849,0.0009,Low,0,Routine monitoring
1850,0.0002,Low,0,Routine monitoring
1851,0.0033,Low,0,Routine monitoring
1852,0.0019,Low,0,Routine monitoring
1853,0.0007,Low,0,Routine monitoring
1854,0.0003,Low,0,Routine monitoring
1855,0.0049,Low,0,Routine monitoring
1856,0.0013,Low,0,Routine monitoring
1857,0.0025,Low,0,Routine monitoring
1858,0.0007,Low,0,Routine monitoring
1859,0.0014,Low,0,Routine monitoring
1860,0.0032,Low,0,Routine monitoring
1861,0.0005,Low,0,Routine monitoring
1862,0.0018,Low,0,Routine monitoring
1863,0.0005,Low,0,Routine monitoring
1864,0.0011,Low,0,Routine monitoring
1865,0.0014,Low,0,Routine monitoring
1866,0.0034,Low,0,Routine monitoring
1867,1e-04,Low,0,Routine monitoring
1868,1e-04,Low,0,Routine monitoring
1869,0.0012,Low,0,Routine monitoring
1870,0.0007,Low,0,Routine monitoring
1871,0.0003,Low,0,Routine monitoring
1872,0.0026,Low,0,Routine monitoring
1873,0.0007,Low,0,Routine monitoring
1874,0.0005,Low,0,Routine monitoring
1875,0.0073,Low,0,Routine monitoring
1876,0.0015,Low,0,Routine monitoring
1877,0.0004,Low,0,Routine monitoring
1878,0.0007,Low,0,Routine monitoring
1879,0.0003,Low,0,Routine monitoring
1880,0.0015,Low,0,Routine monitoring
1881,1e-04,Low,0,Routine monitoring
1882,1e-04,Low,0,Routine monitoring
1883,0.0002,Low,0,Routine monitoring
1884,0.002,Low,0,Routine monitoring
1885,0.163,Low,0,Routine monitoring
1886,0.0017,Low,0,Routine monitoring
1887,0.0023,Low,0,Routine monitoring
1888,0.0211,Low,0,Routine monitoring
1889,0.0004,Low,0,Routine monitoring
1890,0.0045,Low,0,Routine monitoring
1891,0.1248,Low,0,Routine monitoring
1892,0.041,Low,0,Routine monitoring
1893,0.002,Low,0,Routine monitoring
1894,1e-04,Low,0,Routine monitoring
1895,0.0944,Low,0,Routine monitoring
1896,0.1129,Low,0,Routine monitoring
1897,0.2511,Low,0,Routine monitoring
1898,1e-04,Low,0,Routine monitoring
1899,0.002,Low,0,Routine monitoring
1900,0.0136,Low,0,Routine monitoring
1901,0.0039,Low,0,Routine monitoring
1902,0.0024,Low,0,Routine monitoring
1903,1e-04,Low,0,Routine monitoring
1904,0.0012,Low,0,Routine monitoring
1905,0.0003,Low,0,Routine monitoring
1906,0.0019,Low,0,Routine monitoring
1907,1e-04,Low,0,Routine monitoring
1908,0.0011,Low,0,Routine monitoring
1909,0.0015,Low,0,Routine monitoring
1910,0.0017,Low,0,Routine monitoring
1911,0.0002,Low,0,Routine monitoring
1912,0.0005,Low,0,Routine monitoring
1913,0.0019,Low,0,Routine monitoring
1914,0.0003,Low,0,Routine monitoring
1915,0.0008,Low,0,Routine monitoring
1916,0.0009,Low,0,Routine monitoring
1917,0.0045,Low,0,Routine monitoring
1918,0.1938,Low,0,Routine monitoring
1919,0.0276,Low,0,Routine monitoring
1920,0.0021,Low,0,Routine monitoring
1921,0.0056,Low,0,Routine monitoring
1922,0.0,Low,0,Routine monitoring
1923,0.0284,Low,0,Routine monitoring
1924,1e-04,Low,0,Routine monitoring
1925,0.0014,Low,0,Routine monitoring
1926,1e-04,Low,0,Routine monitoring
1927,0.0012,Low,0,Routine monitoring
1928,0.0009,Low,0,Routine monitoring
1929,0.0019,Low,0,Routine monitoring
1930,0.0054,Low,0,Routine monitoring
1931,0.0476,Low,0,Routine monitoring
1932,0.0193,Low,0,Routine monitoring
1933,0.0005,Low,0,Routine monitoring
1934,0.0003,Low,0,Routine monitoring
1935,0.0011,Low,0,Routine monitoring
1936,0.0048,Low,0,Routine monitoring
1937,0.0057,Low,0,Routine monitoring
1938,0.1965,Low,0,Routine monitoring
1939,0.0014,Low,0,Routine monitoring
1940,0.0042,Low,0,Routine monitoring
1941,0.0107,Low,0,Routine monitoring
1942,0.0003,Low,0,Routine monitoring
1943,0.0008,Low,0,Routine monitoring
1944,1e-04,Low,0,Routine monitoring
1945,0.0161,Low,0,Routine monitoring
1946,0.0018,Low,0,Routine monitoring
1947,0.0007,Low,0,Routine monitoring
1948,0.001,Low,0,Routine monitoring
1949,0.1016,Low,0,Routine monitoring
1950,0.0009,Low,0,Routine monitoring
1951,0.0062,Low,0,Routine monitoring
1952,0.0008,Low,0,Routine monitoring
1953,0.0017,Low,0,Routine monitoring
1954,0.0003,Low,0,Routine monitoring
1955,0.0005,Low,0,Routine monitoring
1956,0.0314,Low,0,Routine monitoring
1957,0.0022,Low,0,Routine monitoring
1958,0.0003,Low,0,Routine monitoring
1959,0.0037,Low,0,Routine monitoring
1960,0.0012,Low,0,Routine monitoring
1961,0.0045,Low,0,Routine monitoring
1962,0.0019,Low,0,Routine monitoring
1963,0.0006,Low,0,Routine monitoring
1964,0.0024,Low,0,Routine monitoring
1965,0.0018,Low,0,Routine monitoring
1966,0.0003,Low,0,Routine monitoring
1967,0.004,Low,0,Routine monitoring
1968,0.0025,Low,0,Routine monitoring
1969,0.0002,Low,0,Routine monitoring
1970,0.0006,Low,0,Routine monitoring
1971,0.0002,Low,0,Routine monitoring
1972,0.0007,Low,0,Routine monitoring
1973,0.0248,Low,0,Routine monitoring
1974,0.0003,Low,0,Routine monitoring
1975,0.0003,Low,0,Routine monitoring
1976,0.0065,Low,0,Routine monitoring
1977,0.0005,Low,0,Routine monitoring
1978,0.0002,Low,0,Routine monitoring
1979,0.0064,Low,0,Routine monitoring
1980,0.0003,Low,0,Routine monitoring
1981,0.0002,Low,0,Routine monitoring
1982,0.0236,Low,0,Routine monitoring
1983,0.0,Low,0,Routine monitoring
1984,0.0003,Low,0,Routine monitoring
1985,0.0203,Low,0,Routine monitoring
1986,0.0033,Low,0,Routine monitoring
1987,0.0005,Low,0,Routine monitoring
1988,0.0004,Low,0,Routine monitoring
1989,0.0016,Low,0,Routine monitoring
1990,0.0018,Low,0,Routine monitoring
1991,0.0011,Low,0,Routine monitoring
1992,1e-04,Low,0,Routine monitoring
1993,0.0002,Low,0,Routine monitoring
1994,0.0108,Low,0,Routine monitoring
1995,1e-04,Low,0,Routine monitoring
1996,0.0011,Low,0,Routine monitoring
1997,0.0019,Low,0,Routine monitoring
1998,0.0008,Low,0,Routine monitoring
1999,0.0003,Low,0,Routine monitoring
2000,0.0012,Low,0,Routine monitoring
2001,0.1756,Low,0,Routine monitoring
2002,0.0006,Low,0,Routine monitoring
2003,0.0023,Low,0,Routine monitoring
2004,0.0008,Low,0,Routine monitoring
2005,0.0009,Low,0,Routine monitoring
2006,0.0013,Low,0,Routine monitoring
2007,0.0013,Low,0,Routine monitoring
2008,0.0067,Low,0,Routine monitoring
2009,0.0056,Low,0,Routine monitoring
2010,0.0058,Low,0,Routine monitoring
2011,0.0008,Low,0,Routine monitoring
2012,0.0006,Low,0,Routine monitoring
2013,1e-04,Low,0,Routine monitoring
2014,0.0172,Low,0,Routine monitoring
2015,0.0005,Low,0,Routine monitoring
2016,0.0005,Low,0,Routine monitoring
2017,0.0002,Low,0,Routine monitoring
2018,0.0028,Low,0,Routine monitoring
2019,0.0315,Low,0,Routine monitoring
2020,0.0008,Low,0,Routine monitoring
2021,0.0002,Low,0,Routine monitoring
2022,0.0011,Low,0,Routine monitoring
2023,0.0132,Low,0,Routine monitoring
2024,0.0003,Low,0,Routine monitoring
2025,0.0397,Low,0,Routine monitoring
2026,0.0148,Low,0,Routine monitoring
2027,0.0,Low,0,Routine monitoring
2028,0.0,Low,0,Routine monitoring
2029,0.0,Low,0,Routine monitoring
2030,0.0006,Low,0,Routine monitoring
2031,0.0006,Low,0,Routine monitoring
2032,0.0025,Low,0,Routine monitoring
2033,0.0,Low,0,Routine monitoring
2034,0.0019,Low,0,Routine monitoring
2035,0.0236,Low,0,Routine monitoring
2036,0.0005,Low,0,Routine monitoring
2037,0.0013,Low,0,Routine monitoring
2038,0.0015,Low,0,Routine monitoring
2039,0.0107,Low,0,Routine monitoring
2040,1e-04,Low,0,Routine monitoring
2041,0.095,Low,0,Routine monitoring
2042,0.001,Low,0,Routine monitoring
2043,0.0019,Low,0,Routine monitoring
2044,0.1133,Low,0,Routine monitoring
2045,0.0004,Low,0,Routine monitoring
2046,0.7329,High,0,Analyst investigation
2047,0.0026,Low,0,Routine monitoring
2048,0.0046,Low,0,Routine monitoring
2049,0.0005,Low,0,Routine monitoring
2050,0.0734,Low,0,Routine monitoring
2051,0.0381,Low,0,Routine monitoring
2052,0.0006,Low,0,Routine monitoring
2053,0.0129,Low,0,Routine monitoring
2054,0.0046,Low,0,Routine monitoring
2055,0.002,Low,0,Routine monitoring
2056,0.0019,Low,0,Routine monitoring
2057,0.0004,Low,0,Routine monitoring
2058,0.0019,Low,0,Routine monitoring
2059,0.0006,Low,0,Routine monitoring
2060,0.0003,Low,0,Routine monitoring
2061,0.0248,Low,0,Routine monitoring
2062,0.006,Low,0,Routine monitoring
2063,0.0025,Low,0,Routine monitoring
2064,1e-04,Low,0,Routine monitoring
2065,0.0002,Low,0,Routine monitoring
2066,0.001,Low,0,Routine monitoring
2067,0.0173,Low,0,Routine monitoring
2068,0.0057,Low,0,Routine monitoring
2069,1e-04,Low,0,Routine monitoring
2070,0.0004,Low,0,Routine monitoring
2071,0.2939,Low,0,Routine monitoring
2072,0.0007,Low,0,Routine monitoring
2073,1e-04,Low,0,Routine monitoring
2074,0.0287,Low,0,Routine monitoring
2075,0.0,Low,0,Routine monitoring
2076,0.0,Low,0,Routine monitoring
2077,0.0031,Low,0,Routine monitoring
2078,0.0002,Low,0,Routine monitoring
2079,0.0052,Low,0,Routine monitoring
2080,0.0009,Low,0,Routine monitoring
2081,0.0018,Low,0,Routine monitoring
2082,1e-04,Low,0,Routine monitoring
2083,0.0013,Low,0,Routine monitoring
2084,0.0011,Low,0,Routine monitoring
2085,1e-04,Low,0,Routine monitoring
2086,0.0012,Low,0,Routine monitoring
2087,0.0109,Low,0,Routine monitoring
2088,0.0027,Low,0,Routine monitoring
2089,0.0046,Low,0,Routine monitoring
2090,0.0144,Low,0,Routine monitoring
2091,0.0047,Low,0,Routine monitoring
2092,0.0801,Low,0,Routine monitoring
2093,0.0,Low,0,Routine monitoring
2094,1e-04,Low,0,Routine monitoring
2095,0.0048,Low,0,Routine monitoring
2096,0.0002,Low,0,Routine monitoring
2097,0.0023,Low,0,Routine monitoring
2098,0.0189,Low,0,Routine monitoring
2099,0.0274,Low,0,Routine monitoring
2100,0.0019,Low,0,Routine monitoring
2101,1e-04,Low,0,Routine monitoring
2102,0.0819,Low,0,Routine monitoring
2103,0.0015,Low,0,Routine monitoring
2104,0.007,Low,0,Routine monitoring
2105,0.0002,Low,0,Routine monitoring
2106,0.0008,Low,0,Routine monitoring
2107,0.0028,Low,0,Routine monitoring
2108,0.0184,Low,0,Routine monitoring
2109,0.0,Low,0,Routine monitoring
2110,0.0172,Low,0,Routine monitoring
2111,0.0007,Low,0,Routine monitoring
2112,0.0066,Low,0,Routine monitoring
2113,0.0017,Low,0,Routine monitoring
2114,1e-04,Low,0,Routine monitoring
2115,0.6824,High,0,Analyst investigation
2116,0.0027,Low,0,Routine monitoring
2117,0.0003,Low,0,Routine monitoring
2118,1e-04,Low,0,Routine monitoring
2119,0.0014,Low,0,Routine monitoring
2120,0.1015,Low,0,Routine monitoring
2121,0.0005,Low,0,Routine monitoring
2122,0.0008,Low,0,Routine monitoring
2123,0.0008,Low,0,Routine monitoring
2124,0.0069,Low,0,Routine monitoring
2125,0.006,Low,0,Routine monitoring
2126,0.0003,Low,0,Routine monitoring
2127,0.0007,Low,0,Routine monitoring
2128,0.0015,Low,0,Routine monitoring
2129,0.0013,Low,0,Routine monitoring
2130,0.0481,Low,0,Routine monitoring
2131,0.0007,Low,0,Routine monitoring
2132,0.0002,Low,0,Routine monitoring
2133,0.0041,Low,0,Routine monitoring
2134,0.0004,Low,0,Routine monitoring
2135,0.0025,Low,0,Routine monitoring
2136,1e-04,Low,0,Routine monitoring
2137,0.0009,Low,0,Routine monitoring
2138,0.0159,Low,0,Routine monitoring
2139,0.0366,Low,0,Routine monitoring
2140,0.0921,Low,0,Routine monitoring
2141,0.0013,Low,0,Routine monitoring
2142,0.0152,Low,0,Routine monitoring
2143,0.3392,Low,0,Routine monitoring
2144,0.0039,Low,0,Routine monitoring
2145,0.0942,Low,0,Routine monitoring
2146,0.0013,Low,0,Routine monitoring
2147,0.0056,Low,0,Routine monitoring
2148,0.0096,Low,0,Routine monitoring
2149,0.0002,Low,0,Routine monitoring
2150,1e-04,Low,0,Routine monitoring
2151,0.0306,Low,0,Routine monitoring
2152,0.0007,Low,0,Routine monitoring
2153,0.0061,Low,0,Routine monitoring
2154,1e-04,Low,0,Routine monitoring
2155,0.0002,Low,0,Routine monitoring
2156,0.0005,Low,0,Routine monitoring
2157,0.0003,Low,0,Routine monitoring
2158,0.0011,Low,0,Routine monitoring
2159,0.0003,Low,0,Routine monitoring
2160,0.0123,Low,0,Routine monitoring
2161,1e-04,Low,0,Routine monitoring
2162,0.0005,Low,0,Routine monitoring
2163,0.045,Low,0,Routine monitoring
2164,0.0009,Low,0,Routine monitoring
2165,0.0118,Low,0,Routine monitoring
2166,0.0003,Low,0,Routine monitoring
2167,0.0127,Low,0,Routine monitoring
2168,0.0002,Low,0,Routine monitoring
2169,0.0066,Low,0,Routine monitoring
2170,1e-04,Low,0,Routine monitoring
2171,0.0184,Low,0,Routine monitoring
2172,0.0028,Low,0,Routine monitoring
2173,0.0042,Low,0,Routine monitoring
2174,0.0333,Low,0,Routine monitoring
2175,0.0036,Low,0,Routine monitoring
2176,0.0049,Low,0,Routine monitoring
2177,0.0066,Low,0,Routine monitoring
2178,0.0008,Low,0,Routine monitoring
2179,0.0014,Low,0,Routine monitoring
2180,0.0011,Low,0,Routine monitoring
2181,0.0076,Low,0,Routine monitoring
2182,0.0304,Low,0,Routine monitoring
2183,0.0004,Low,0,Routine monitoring
2184,0.0053,Low,0,Routine monitoring
2185,0.0005,Low,0,Routine monitoring
2186,0.1725,Low,0,Routine monitoring
2187,0.0059,Low,0,Routine monitoring
2188,0.0004,Low,0,Routine monitoring
2189,0.0006,Low,0,Routine monitoring
2190,0.0017,Low,0,Routine monitoring
2191,0.0003,Low,0,Routine monitoring
2192,0.0007,Low,0,Routine monitoring
2193,0.0013,Low,0,Routine monitoring
2194,0.0,Low,0,Routine monitoring
2195,0.0259,Low,0,Routine monitoring
2196,0.0065,Low,0,Routine monitoring
2197,0.0079,Low,0,Routine monitoring
2198,1e-04,Low,0,Routine monitoring
2199,0.0083,Low,0,Routine monitoring
2200,1e-04,Low,0,Routine monitoring
2201,0.0297,Low,0,Routine monitoring
2202,0.0644,Low,0,Routine monitoring
2203,0.0164,Low,0,Routine monitoring
2204,0.0009,Low,0,Routine monitoring
2205,0.0116,Low,0,Routine monitoring
2206,0.0499,Low,0,Routine monitoring
2207,0.0003,Low,0,Routine monitoring
2208,0.0033,Low,0,Routine monitoring
2209,0.0019,Low,0,Routine monitoring
2210,0.0028,Low,0,Routine monitoring
2211,0.0016,Low,0,Routine monitoring
2212,0.0149,Low,0,Routine monitoring
2213,0.0007,Low,0,Routine monitoring
2214,0.1744,Low,0,Routine monitoring
2215,0.0035,Low,0,Routine monitoring
2216,0.0082,Low,0,Routine monitoring
2217,0.0043,Low,0,Routine monitoring
2218,0.0003,Low,0,Routine monitoring
2219,0.0006,Low,0,Routine monitoring
2220,0.0017,Low,0,Routine monitoring
2221,0.018,Low,0,Routine monitoring
2222,1e-04,Low,0,Routine monitoring
2223,0.0008,Low,0,Routine monitoring
2224,0.0013,Low,0,Routine monitoring
2225,0.0056,Low,0,Routine monitoring
2226,0.0004,Low,0,Routine monitoring
2227,0.0032,Low,0,Routine monitoring
2228,0.0007,Low,0,Routine monitoring
2229,0.0005,Low,0,Routine monitoring
2230,0.0021,Low,0,Routine monitoring
2231,0.0072,Low,0,Routine monitoring
2232,0.12,Low,0,Routine monitoring
2233,1e-04,Low,0,Routine monitoring
2234,0.0009,Low,0,Routine monitoring
2235,0.0355,Low,0,Routine monitoring
2236,0.5836,Medium,0,Enhanced monitoring
2237,0.0004,Low,0,Routine monitoring
2238,0.0007,Low,0,Routine monitoring
2239,0.0016,Low,0,Routine monitoring
2240,0.0015,Low,0,Routine monitoring
2241,0.5285,Medium,0,Enhanced monitoring
2242,0.322,Low,0,Routine monitoring
2243,0.0005,Low,0,Routine monitoring
2244,1e-04,Low,0,Routine monitoring
2245,0.0055,Low,0,Routine monitoring
2246,0.0006,Low,0,Routine monitoring
2247,0.0008,Low,0,Routine monitoring
2248,0.0379,Low,0,Routine monitoring
2249,0.0008,Low,0,Routine monitoring
2250,0.0009,Low,0,Routine monitoring
2251,0.0022,Low,0,Routine monitoring
2252,1e-04,Low,0,Routine monitoring
2253,0.0691,Low,0,Routine monitoring
2254,0.0967,Low,0,Routine monitoring
2255,0.0026,Low,0,Routine monitoring
2256,0.0013,Low,0,Routine monitoring
2257,0.001,Low,0,Routine monitoring
2258,0.0007,Low,0,Routine monitoring
2259,0.0,Low,0,Routine monitoring
2260,0.8683,Critical,0,Immediate freeze+STR
2261,0.0004,Low,0,Routine monitoring
2262,0.0077,Low,0,Routine monitoring
2263,0.0008,Low,0,Routine monitoring
2264,0.0008,Low,0,Routine monitoring
2265,0.0021,Low,0,Routine monitoring
2266,0.0004,Low,0,Routine monitoring
2267,0.0005,Low,0,Routine monitoring
2268,0.17,Low,0,Routine monitoring
2269,0.0,Low,0,Routine monitoring
2270,0.0005,Low,0,Routine monitoring
2271,0.0092,Low,0,Routine monitoring
2272,0.019,Low,0,Routine monitoring
2273,0.0008,Low,0,Routine monitoring
2274,0.0003,Low,0,Routine monitoring
2275,0.0899,Low,0,Routine monitoring
2276,0.0007,Low,0,Routine monitoring
2277,0.0179,Low,0,Routine monitoring
2278,0.0005,Low,0,Routine monitoring
2279,0.0386,Low,0,Routine monitoring
2280,1e-04,Low,0,Routine monitoring
2281,0.0104,Low,0,Routine monitoring
2282,0.6736,High,0,Analyst investigation
2283,1e-04,Low,0,Routine monitoring
2284,0.0117,Low,0,Routine monitoring
2285,0.1762,Low,0,Routine monitoring
2286,0.0032,Low,0,Routine monitoring
2287,0.0023,Low,0,Routine monitoring
2288,0.0051,Low,0,Routine monitoring
2289,0.0013,Low,0,Routine monitoring
2290,0.0019,Low,0,Routine monitoring
2291,0.0002,Low,0,Routine monitoring
2292,0.001,Low,0,Routine monitoring
2293,0.0018,Low,0,Routine monitoring
2294,0.0046,Low,0,Routine monitoring
2295,0.0783,Low,0,Routine monitoring
2296,0.001,Low,0,Routine monitoring
2297,0.0006,Low,0,Routine monitoring
2298,1e-04,Low,0,Routine monitoring
2299,0.0098,Low,0,Routine monitoring
2300,0.0122,Low,0,Routine monitoring
2301,0.0004,Low,0,Routine monitoring
2302,0.0005,Low,0,Routine monitoring
2303,0.0975,Low,0,Routine monitoring
2304,0.0242,Low,0,Routine monitoring
2305,0.0162,Low,0,Routine monitoring
2306,0.0024,Low,0,Routine monitoring
2307,0.0131,Low,0,Routine monitoring
2308,0.0004,Low,0,Routine monitoring
2309,0.0042,Low,0,Routine monitoring
2310,0.0012,Low,0,Routine monitoring
2311,1e-04,Low,0,Routine monitoring
2312,0.0025,Low,0,Routine monitoring
2313,0.0671,Low,0,Routine monitoring
2314,0.0,Low,0,Routine monitoring
2315,0.0663,Low,0,Routine monitoring
2316,0.0672,Low,0,Routine monitoring
2317,0.0004,Low,0,Routine monitoring
2318,0.0002,Low,0,Routine monitoring
2319,0.0109,Low,0,Routine monitoring
2320,0.0005,Low,0,Routine monitoring
2321,0.0026,Low,0,Routine monitoring
2322,0.0,Low,0,Routine monitoring
2323,0.0214,Low,0,Routine monitoring
2324,0.0005,Low,0,Routine monitoring
2325,0.0188,Low,0,Routine monitoring
2326,0.0077,Low,0,Routine monitoring
2327,0.0044,Low,0,Routine monitoring
2328,0.0167,Low,0,Routine monitoring
2329,0.0019,Low,0,Routine monitoring
2330,0.0054,Low,0,Routine monitoring
2331,0.0015,Low,0,Routine monitoring
2332,0.0019,Low,0,Routine monitoring
2333,0.1121,Low,0,Routine monitoring
2334,0.0577,Low,0,Routine monitoring
2335,0.0004,Low,0,Routine monitoring
2336,0.0002,Low,0,Routine monitoring
2337,0.0007,Low,0,Routine monitoring
2338,0.0093,Low,0,Routine monitoring
2339,0.0036,Low,0,Routine monitoring
2340,0.018,Low,0,Routine monitoring
2341,0.0013,Low,0,Routine monitoring
2342,0.0048,Low,0,Routine monitoring
2343,0.0127,Low,0,Routine monitoring
2344,0.0269,Low,0,Routine monitoring
2345,0.0012,Low,0,Routine monitoring
2346,0.0059,Low,0,Routine monitoring
2347,0.0237,Low,0,Routine monitoring
2348,0.0079,Low,0,Routine monitoring
2349,0.0044,Low,0,Routine monitoring
2350,0.0147,Low,0,Routine monitoring
2351,0.001,Low,0,Routine monitoring
2352,0.7712,High,0,Analyst investigation
2353,0.0014,Low,0,Routine monitoring
2354,1e-04,Low,0,Routine monitoring
2355,0.0036,Low,0,Routine monitoring
2356,0.0119,Low,0,Routine monitoring
2357,0.0027,Low,0,Routine monitoring
2358,1e-04,Low,0,Routine monitoring
2359,0.0338,Low,0,Routine monitoring
2360,0.0002,Low,0,Routine monitoring
2361,0.0016,Low,0,Routine monitoring
2362,0.0021,Low,0,Routine monitoring
2363,0.0084,Low,0,Routine monitoring
2364,0.0016,Low,0,Routine monitoring
2365,0.0009,Low,0,Routine monitoring
2366,0.0015,Low,0,Routine monitoring
2367,1e-04,Low,0,Routine monitoring
2368,0.0015,Low,0,Routine monitoring
2369,0.0032,Low,0,Routine monitoring
2370,0.0027,Low,0,Routine monitoring
2371,0.0016,Low,0,Routine monitoring
2372,1e-04,Low,0,Routine monitoring
2373,0.0039,Low,0,Routine monitoring
2374,0.0028,Low,0,Routine monitoring
2375,0.008,Low,0,Routine monitoring
2376,0.0,Low,0,Routine monitoring
2377,0.0109,Low,0,Routine monitoring
2378,0.0043,Low,0,Routine monitoring
2379,1e-04,Low,0,Routine monitoring
2380,0.0004,Low,0,Routine monitoring
2381,0.0003,Low,0,Routine monitoring
2382,0.0029,Low,0,Routine monitoring
2383,0.0003,Low,0,Routine monitoring
2384,0.0009,Low,0,Routine monitoring
2385,0.0215,Low,0,Routine monitoring
2386,0.0017,Low,0,Routine monitoring
2387,0.0555,Low,0,Routine monitoring
2388,0.0017,Low,0,Routine monitoring
2389,0.003,Low,0,Routine monitoring
2390,1e-04,Low,0,Routine monitoring
2391,0.001,Low,0,Routine monitoring
2392,0.0004,Low,0,Routine monitoring
2393,0.0723,Low,0,Routine monitoring
2394,1e-04,Low,0,Routine monitoring
2395,0.0074,Low,0,Routine monitoring
2396,0.0052,Low,0,Routine monitoring
2397,0.0018,Low,0,Routine monitoring
2398,0.0516,Low,0,Routine monitoring
2399,0.0003,Low,0,Routine monitoring
2400,0.0007,Low,0,Routine monitoring
2401,0.0009,Low,0,Routine monitoring
2402,0.6147,High,0,Analyst investigation
2403,0.003,Low,0,Routine monitoring
2404,0.0008,Low,0,Routine monitoring
2405,0.0138,Low,0,Routine monitoring
2406,0.0889,Low,0,Routine monitoring
2407,0.0003,Low,0,Routine monitoring
2408,0.0015,Low,0,Routine monitoring
2409,1e-04,Low,0,Routine monitoring
2410,0.3218,Low,0,Routine monitoring
2411,0.0719,Low,0,Routine monitoring
2412,0.1146,Low,0,Routine monitoring
2413,0.0014,Low,0,Routine monitoring
2414,0.0018,Low,0,Routine monitoring
2415,0.003,Low,0,Routine monitoring
2416,0.0056,Low,0,Routine monitoring
2417,0.0048,Low,0,Routine monitoring
2418,0.0122,Low,0,Routine monitoring
2419,0.2128,Low,0,Routine monitoring
2420,0.0739,Low,0,Routine monitoring
2421,1e-04,Low,0,Routine monitoring
2422,0.0012,Low,0,Routine monitoring
2423,0.0003,Low,0,Routine monitoring
2424,0.0171,Low,0,Routine monitoring
2425,0.0019,Low,0,Routine monitoring
2426,0.0087,Low,0,Routine monitoring
2427,0.0362,Low,0,Routine monitoring
2428,0.0007,Low,0,Routine monitoring
2429,0.002,Low,0,Routine monitoring
2430,0.0012,Low,0,Routine monitoring
2431,0.0003,Low,0,Routine monitoring
2432,0.0011,Low,0,Routine monitoring
2433,0.0066,Low,0,Routine monitoring
2434,0.0005,Low,0,Routine monitoring
2435,0.0021,Low,0,Routine monitoring
2436,0.0029,Low,0,Routine monitoring
2437,0.0042,Low,0,Routine monitoring
2438,1e-04,Low,0,Routine monitoring
2439,0.0006,Low,0,Routine monitoring
2440,0.005,Low,0,Routine monitoring
2441,0.0011,Low,0,Routine monitoring
2442,0.0026,Low,0,Routine monitoring
2443,0.0063,Low,0,Routine monitoring
2444,0.1516,Low,0,Routine monitoring
2445,0.0015,Low,0,Routine monitoring
2446,0.0013,Low,0,Routine monitoring
2447,1e-04,Low,0,Routine monitoring
2448,0.0002,Low,0,Routine monitoring
2449,0.0014,Low,0,Routine monitoring
2450,0.0434,Low,0,Routine monitoring
2451,0.0049,Low,0,Routine monitoring
2452,0.1182,Low,0,Routine monitoring
2453,0.0336,Low,0,Routine monitoring
2454,0.0032,Low,0,Routine monitoring
2455,0.0032,Low,0,Routine monitoring
2456,0.0006,Low,0,Routine monitoring
2457,1e-04,Low,0,Routine monitoring
2458,0.0037,Low,0,Routine monitoring
2459,0.0007,Low,0,Routine monitoring
2460,0.0136,Low,0,Routine monitoring
2461,0.0021,Low,0,Routine monitoring
2462,1e-04,Low,0,Routine monitoring
2463,0.0074,Low,0,Routine monitoring
2464,0.0044,Low,0,Routine monitoring
2465,0.0005,Low,0,Routine monitoring
2466,0.003,Low,0,Routine monitoring
2467,0.0025,Low,0,Routine monitoring
2468,0.0039,Low,0,Routine monitoring
2469,0.0026,Low,0,Routine monitoring
2470,0.05,Low,0,Routine monitoring
2471,0.4692,Medium,0,Enhanced monitoring
2472,1e-04,Low,0,Routine monitoring
2473,0.0034,Low,0,Routine monitoring
2474,0.0002,Low,0,Routine monitoring
2475,0.0017,Low,0,Routine monitoring
2476,0.0063,Low,0,Routine monitoring
2477,0.0004,Low,0,Routine monitoring
2478,0.0971,Low,0,Routine monitoring
2479,0.0437,Low,0,Routine monitoring
2480,0.0002,Low,0,Routine monitoring
2481,0.0008,Low,0,Routine monitoring
2482,0.0048,Low,0,Routine monitoring
2483,0.1393,Low,0,Routine monitoring
2484,1e-04,Low,0,Routine monitoring
2485,0.0177,Low,0,Routine monitoring
2486,0.8989,Critical,0,Immediate freeze+STR
2487,0.0062,Low,0,Routine monitoring
2488,0.0079,Low,0,Routine monitoring
2489,0.0514,Low,0,Routine monitoring
2490,0.0,Low,0,Routine monitoring
2491,0.0003,Low,0,Routine monitoring
2492,0.0011,Low,0,Routine monitoring
2493,0.0013,Low,0,Routine monitoring
2494,0.3704,Medium,0,Enhanced monitoring
2495,0.0,Low,0,Routine monitoring
2496,1e-04,Low,0,Routine monitoring
2497,0.0004,Low,0,Routine monitoring
2498,0.0004,Low,0,Routine monitoring
2499,0.0014,Low,0,Routine monitoring
2500,0.0011,Low,0,Routine monitoring
2501,0.0069,Low,0,Routine monitoring
2502,0.0055,Low,0,Routine monitoring
2503,1e-04,Low,0,Routine monitoring
2504,0.0026,Low,0,Routine monitoring
2505,0.0482,Low,0,Routine monitoring
2506,0.0002,Low,0,Routine monitoring
2507,0.2429,Low,0,Routine monitoring
2508,0.0011,Low,0,Routine monitoring
2509,0.0002,Low,0,Routine monitoring
2510,0.0009,Low,0,Routine monitoring
2511,0.0136,Low,0,Routine monitoring
2512,0.0013,Low,0,Routine monitoring
2513,1e-04,Low,0,Routine monitoring
2514,0.0025,Low,0,Routine monitoring
2515,0.0021,Low,0,Routine monitoring
2516,0.0005,Low,0,Routine monitoring
2517,0.0007,Low,0,Routine monitoring
2518,0.0338,Low,0,Routine monitoring
2519,0.0006,Low,0,Routine monitoring
2520,1e-04,Low,0,Routine monitoring
2521,1e-04,Low,0,Routine monitoring
2522,0.0002,Low,0,Routine monitoring
2523,0.0494,Low,0,Routine monitoring
2524,0.0061,Low,0,Routine monitoring
2525,0.0002,Low,0,Routine monitoring
2526,0.0147,Low,0,Routine monitoring
2527,0.0004,Low,0,Routine monitoring
2528,0.0003,Low,0,Routine monitoring
2529,0.0418,Low,0,Routine monitoring
2530,0.0199,Low,0,Routine monitoring
2531,0.0027,Low,0,Routine monitoring
2532,0.001,Low,0,Routine monitoring
2533,0.0031,Low,0,Routine monitoring
2534,0.0194,Low,0,Routine monitoring
2535,0.0004,Low,0,Routine monitoring
2536,0.0023,Low,0,Routine monitoring
2537,0.0017,Low,0,Routine monitoring
2538,0.0381,Low,0,Routine monitoring
2539,1e-04,Low,0,Routine monitoring
2540,0.0003,Low,0,Routine monitoring
2541,0.0002,Low,0,Routine monitoring
2542,0.0011,Low,0,Routine monitoring
2543,0.0019,Low,0,Routine monitoring
2544,0.0002,Low,0,Routine monitoring
2545,1e-04,Low,0,Routine monitoring
2546,0.0121,Low,0,Routine monitoring
2547,0.0018,Low,0,Routine monitoring
2548,0.0031,Low,0,Routine monitoring
2549,0.0,Low,0,Routine monitoring
2550,0.0098,Low,0,Routine monitoring
2551,0.0067,Low,0,Routine monitoring
2552,0.0002,Low,0,Routine monitoring
2553,0.0985,Low,0,Routine monitoring
2554,0.0002,Low,0,Routine monitoring
2555,0.0011,Low,0,Routine monitoring
2556,0.0178,Low,0,Routine monitoring
2557,0.0044,Low,0,Routine monitoring
2558,0.0406,Low,0,Routine monitoring
2559,0.0151,Low,0,Routine monitoring
2560,0.01,Low,0,Routine monitoring
2561,1e-04,Low,0,Routine monitoring
2562,0.0016,Low,0,Routine monitoring
2563,0.0045,Low,0,Routine monitoring
2564,0.0012,Low,0,Routine monitoring
2565,0.0693,Low,0,Routine monitoring
2566,0.0016,Low,0,Routine monitoring
2567,0.0003,Low,0,Routine monitoring
2568,0.0014,Low,0,Routine monitoring
2569,0.0002,Low,0,Routine monitoring
2570,0.0049,Low,0,Routine monitoring
2571,0.0018,Low,0,Routine monitoring
2572,0.0053,Low,0,Routine monitoring
2573,1e-04,Low,0,Routine monitoring
2574,0.0014,Low,0,Routine monitoring
2575,0.0008,Low,0,Routine monitoring
2576,0.0031,Low,0,Routine monitoring
2577,0.0006,Low,0,Routine monitoring
2578,0.0015,Low,0,Routine monitoring
2579,0.0046,Low,0,Routine monitoring
2580,0.0007,Low,0,Routine monitoring
2581,0.0028,Low,0,Routine monitoring
2582,0.0011,Low,0,Routine monitoring
2583,1e-04,Low,0,Routine monitoring
2584,0.0,Low,0,Routine monitoring
2585,0.0022,Low,0,Routine monitoring
2586,0.0018,Low,0,Routine monitoring
2587,0.0598,Low,0,Routine monitoring
2588,0.0016,Low,0,Routine monitoring
2589,0.0002,Low,0,Routine monitoring
2590,0.0007,Low,0,Routine monitoring
2591,0.0004,Low,0,Routine monitoring
2592,0.0011,Low,0,Routine monitoring
2593,0.0079,Low,0,Routine monitoring
2594,0.0014,Low,0,Routine monitoring
2595,0.0002,Low,0,Routine monitoring
2596,0.0062,Low,0,Routine monitoring
2597,0.001,Low,0,Routine monitoring
2598,0.0018,Low,0,Routine monitoring
2599,0.0009,Low,0,Routine monitoring
2600,0.0004,Low,0,Routine monitoring
2601,0.0002,Low,0,Routine monitoring
2602,0.0003,Low,0,Routine monitoring
2603,0.0149,Low,0,Routine monitoring
2604,0.0002,Low,0,Routine monitoring
2605,0.0023,Low,0,Routine monitoring
2606,0.0048,Low,0,Routine monitoring
2607,0.0,Low,0,Routine monitoring
2608,0.0247,Low,0,Routine monitoring
2609,0.0004,Low,0,Routine monitoring
2610,0.0021,Low,0,Routine monitoring
2611,0.0115,Low,0,Routine monitoring
2612,0.1199,Low,0,Routine monitoring
2613,0.0018,Low,0,Routine monitoring
2614,0.0004,Low,0,Routine monitoring
2615,0.0003,Low,0,Routine monitoring
2616,0.1543,Low,0,Routine monitoring
2617,0.0201,Low,0,Routine monitoring
2618,0.0033,Low,0,Routine monitoring
2619,0.0455,Low,0,Routine monitoring
2620,0.322,Low,0,Routine monitoring
2621,0.0056,Low,0,Routine monitoring
2622,0.0004,Low,0,Routine monitoring
2623,0.0003,Low,0,Routine monitoring
2624,0.0026,Low,0,Routine monitoring
2625,0.0021,Low,0,Routine monitoring
2626,0.0017,Low,0,Routine monitoring
2627,0.0068,Low,0,Routine monitoring
2628,0.3987,Medium,0,Enhanced monitoring
2629,1e-04,Low,0,Routine monitoring
2630,0.0011,Low,0,Routine monitoring
2631,0.0002,Low,0,Routine monitoring
2632,0.0028,Low,0,Routine monitoring
2633,0.0065,Low,0,Routine monitoring
2634,0.0015,Low,0,Routine monitoring
2635,0.0006,Low,0,Routine monitoring
2636,0.0007,Low,0,Routine monitoring
2637,0.0028,Low,0,Routine monitoring
2638,0.0005,Low,0,Routine monitoring
2639,0.0182,Low,0,Routine monitoring
2640,0.0002,Low,0,Routine monitoring
2641,0.002,Low,0,Routine monitoring
2642,0.0118,Low,0,Routine monitoring
2643,0.0201,Low,0,Routine monitoring
2644,0.0023,Low,0,Routine monitoring
2645,0.0079,Low,0,Routine monitoring
2646,0.0045,Low,0,Routine monitoring
2647,0.0018,Low,0,Routine monitoring
2648,0.0291,Low,0,Routine monitoring
2649,0.0004,Low,0,Routine monitoring
2650,0.0005,Low,0,Routine monitoring
2651,0.0139,Low,0,Routine monitoring
2652,0.1088,Low,0,Routine monitoring
2653,0.0011,Low,0,Routine monitoring
2654,0.0098,Low,0,Routine monitoring
2655,1e-04,Low,0,Routine monitoring
2656,0.0783,Low,0,Routine monitoring
2657,0.007,Low,0,Routine monitoring
2658,0.0026,Low,0,Routine monitoring
2659,0.1928,Low,0,Routine monitoring
2660,0.0002,Low,0,Routine monitoring
2661,0.0006,Low,0,Routine monitoring
2662,0.001,Low,0,Routine monitoring
2663,0.0011,Low,0,Routine monitoring
2664,0.1547,Low,0,Routine monitoring
2665,0.0008,Low,0,Routine monitoring
2666,0.0005,Low,0,Routine monitoring
2667,0.0008,Low,0,Routine monitoring
2668,0.0044,Low,0,Routine monitoring
2669,0.0007,Low,0,Routine monitoring
2670,0.0038,Low,0,Routine monitoring
2671,0.0006,Low,0,Routine monitoring
2672,0.0009,Low,0,Routine monitoring
2673,0.0623,Low,0,Routine monitoring
2674,0.0012,Low,0,Routine monitoring
2675,0.0003,Low,0,Routine monitoring
2676,0.0494,Low,0,Routine monitoring
2677,0.017,Low,0,Routine monitoring
2678,0.0003,Low,0,Routine monitoring
2679,0.0003,Low,0,Routine monitoring
2680,0.0073,Low,0,Routine monitoring
2681,0.0014,Low,0,Routine monitoring
2682,0.0005,Low,0,Routine monitoring
2683,0.0005,Low,0,Routine monitoring
2684,0.0004,Low,0,Routine monitoring
2685,0.002,Low,0,Routine monitoring
2686,0.003,Low,0,Routine monitoring
2687,0.0261,Low,0,Routine monitoring
2688,0.0005,Low,0,Routine monitoring
2689,0.0048,Low,0,Routine monitoring
2690,0.0073,Low,0,Routine monitoring
2691,0.0002,Low,0,Routine monitoring
2692,0.0099,Low,0,Routine monitoring
2693,1e-04,Low,0,Routine monitoring
2694,0.0013,Low,0,Routine monitoring
2695,0.0233,Low,0,Routine monitoring
2696,0.0024,Low,0,Routine monitoring
2697,0.0018,Low,0,Routine monitoring
2698,1e-04,Low,0,Routine monitoring
2699,0.0201,Low,0,Routine monitoring
2700,0.001,Low,0,Routine monitoring
2701,0.0004,Low,0,Routine monitoring
2702,0.0096,Low,0,Routine monitoring
2703,0.038,Low,0,Routine monitoring
2704,0.0015,Low,0,Routine monitoring
2705,0.0005,Low,0,Routine monitoring
2706,0.0006,Low,0,Routine monitoring
2707,0.0746,Low,0,Routine monitoring
2708,0.0139,Low,0,Routine monitoring
2709,1e-04,Low,0,Routine monitoring
2710,0.0012,Low,0,Routine monitoring
2711,0.0134,Low,0,Routine monitoring
2712,0.0745,Low,0,Routine monitoring
2713,0.0007,Low,0,Routine monitoring
2714,0.0004,Low,0,Routine monitoring
2715,0.0032,Low,0,Routine monitoring
2716,0.0078,Low,0,Routine monitoring
2717,0.0007,Low,0,Routine monitoring
2718,0.0007,Low,0,Routine monitoring
2719,0.0004,Low,0,Routine monitoring
2720,0.0018,Low,0,Routine monitoring
2721,0.0003,Low,0,Routine monitoring
2722,0.0002,Low,0,Routine monitoring
2723,0.0094,Low,0,Routine monitoring
2724,0.0158,Low,0,Routine monitoring
2725,0.0006,Low,0,Routine monitoring
2726,0.0002,Low,0,Routine monitoring
2727,1e-04,Low,0,Routine monitoring
2728,0.001,Low,0,Routine monitoring
2729,1e-04,Low,0,Routine monitoring
2730,0.0002,Low,0,Routine monitoring
2731,0.0003,Low,0,Routine monitoring
2732,0.0021,Low,0,Routine monitoring
2733,0.0004,Low,0,Routine monitoring
2734,0.0148,Low,0,Routine monitoring
2735,0.0008,Low,0,Routine monitoring
2736,0.002,Low,0,Routine monitoring
2737,0.015,Low,0,Routine monitoring
2738,0.0015,Low,0,Routine monitoring
2739,0.0057,Low,0,Routine monitoring
2740,0.0051,Low,0,Routine monitoring
2741,0.0016,Low,0,Routine monitoring
2742,0.0313,Low,0,Routine monitoring
2743,0.0673,Low,0,Routine monitoring
2744,0.0041,Low,0,Routine monitoring
2745,0.0008,Low,0,Routine monitoring
2746,0.026,Low,0,Routine monitoring
2747,0.0077,Low,0,Routine monitoring
2748,0.1307,Low,0,Routine monitoring
2749,0.0024,Low,0,Routine monitoring
2750,0.1842,Low,0,Routine monitoring
2751,0.0014,Low,0,Routine monitoring
2752,0.0009,Low,0,Routine monitoring
2753,0.0055,Low,0,Routine monitoring
2754,1e-04,Low,0,Routine monitoring
2755,1e-04,Low,0,Routine monitoring
2756,0.0002,Low,0,Routine monitoring
2757,0.0094,Low,0,Routine monitoring
2758,0.0006,Low,0,Routine monitoring
2759,0.0087,Low,0,Routine monitoring
2760,0.0005,Low,0,Routine monitoring
2761,1e-04,Low,0,Routine monitoring
2762,0.0299,Low,0,Routine monitoring
2763,0.001,Low,0,Routine monitoring
2764,0.0047,Low,0,Routine monitoring
2765,0.0178,Low,0,Routine monitoring
2766,0.0088,Low,0,Routine monitoring
2767,0.001,Low,0,Routine monitoring
2768,0.0023,Low,0,Routine monitoring
2769,0.001,Low,0,Routine monitoring
2770,0.0284,Low,0,Routine monitoring
2771,0.0029,Low,0,Routine monitoring
2772,0.0007,Low,0,Routine monitoring
2773,0.0003,Low,0,Routine monitoring
2774,0.0051,Low,0,Routine monitoring
2775,0.0002,Low,0,Routine monitoring
2776,0.0033,Low,0,Routine monitoring
2777,0.0009,Low,0,Routine monitoring
2778,0.5415,Medium,0,Enhanced monitoring
2779,0.0005,Low,0,Routine monitoring
2780,0.2633,Low,0,Routine monitoring
2781,0.0004,Low,0,Routine monitoring
2782,0.0019,Low,0,Routine monitoring
2783,0.0012,Low,0,Routine monitoring
2784,0.0055,Low,0,Routine monitoring
2785,0.3768,Medium,0,Enhanced monitoring
2786,0.0005,Low,0,Routine monitoring
2787,0.0033,Low,0,Routine monitoring
2788,0.0005,Low,0,Routine monitoring
2789,0.0037,Low,0,Routine monitoring
2790,0.0012,Low,0,Routine monitoring
2791,0.001,Low,0,Routine monitoring
2792,0.0052,Low,0,Routine monitoring
2793,0.0018,Low,0,Routine monitoring
2794,1e-04,Low,0,Routine monitoring
2795,0.0004,Low,0,Routine monitoring
2796,0.0073,Low,0,Routine monitoring
2797,0.0029,Low,0,Routine monitoring
2798,0.002,Low,0,Routine monitoring
2799,1e-04,Low,0,Routine monitoring
2800,0.0004,Low,0,Routine monitoring
2801,0.0007,Low,0,Routine monitoring
2802,0.0081,Low,0,Routine monitoring
2803,0.0014,Low,0,Routine monitoring
2804,0.0041,Low,0,Routine monitoring
2805,0.0011,Low,0,Routine monitoring
2806,0.0011,Low,0,Routine monitoring
2807,0.0006,Low,0,Routine monitoring
2808,0.0005,Low,0,Routine monitoring
2809,0.001,Low,0,Routine monitoring
2810,0.0002,Low,0,Routine monitoring
2811,0.2356,Low,0,Routine monitoring
2812,0.0075,Low,0,Routine monitoring
2813,0.0055,Low,0,Routine monitoring
2814,0.0006,Low,0,Routine monitoring
2815,0.0002,Low,0,Routine monitoring
2816,0.0009,Low,0,Routine monitoring
2817,0.0004,Low,0,Routine monitoring
2818,0.0023,Low,0,Routine monitoring
2819,0.002,Low,0,Routine monitoring
2820,0.0049,Low,0,Routine monitoring
2821,0.0003,Low,0,Routine monitoring
2822,1e-04,Low,0,Routine monitoring
2823,0.0002,Low,0,Routine monitoring
2824,0.0003,Low,0,Routine monitoring
2825,0.0042,Low,0,Routine monitoring
2826,0.0002,Low,0,Routine monitoring
2827,0.0028,Low,0,Routine monitoring
2828,0.001,Low,0,Routine monitoring
2829,0.0029,Low,0,Routine monitoring
2830,0.0006,Low,0,Routine monitoring
2831,0.0,Low,0,Routine monitoring
2832,0.0002,Low,0,Routine monitoring
2833,0.0023,Low,0,Routine monitoring
2834,0.0003,Low,0,Routine monitoring
2835,1e-04,Low,0,Routine monitoring
2836,0.0009,Low,0,Routine monitoring
2837,0.0002,Low,0,Routine monitoring
2838,0.0002,Low,0,Routine monitoring
2839,0.0823,Low,0,Routine monitoring
2840,0.0066,Low,0,Routine monitoring
2841,0.0015,Low,0,Routine monitoring
2842,0.0013,Low,0,Routine monitoring
2843,0.0013,Low,0,Routine monitoring
2844,0.0018,Low,0,Routine monitoring
2845,0.0003,Low,0,Routine monitoring
2846,0.006,Low,0,Routine monitoring
2847,0.0271,Low,0,Routine monitoring
2848,0.0009,Low,0,Routine monitoring
2849,0.0003,Low,0,Routine monitoring
2850,0.0008,Low,0,Routine monitoring
2851,0.0033,Low,0,Routine monitoring
2852,0.0583,Low,0,Routine monitoring
2853,0.0137,Low,0,Routine monitoring
2854,0.0008,Low,0,Routine monitoring
2855,0.0248,Low,0,Routine monitoring
2856,0.0358,Low,0,Routine monitoring
2857,0.0014,Low,0,Routine monitoring
2858,0.0002,Low,0,Routine monitoring
2859,0.0024,Low,0,Routine monitoring
2860,0.0008,Low,0,Routine monitoring
2861,0.0077,Low,0,Routine monitoring
2862,0.0034,Low,0,Routine monitoring
2863,0.0004,Low,0,Routine monitoring
2864,0.0544,Low,0,Routine monitoring
2865,0.0263,Low,0,Routine monitoring
2866,0.0006,Low,0,Routine monitoring
2867,0.0215,Low,0,Routine monitoring
2868,0.013,Low,0,Routine monitoring
2869,0.0,Low,0,Routine monitoring
2870,0.0004,Low,0,Routine monitoring
2871,0.0017,Low,0,Routine monitoring
2872,0.0209,Low,0,Routine monitoring
2873,0.0009,Low,0,Routine monitoring
2874,0.0794,Low,0,Routine monitoring
2875,0.0106,Low,0,Routine monitoring
2876,0.0507,Low,0,Routine monitoring
2877,0.0005,Low,0,Routine monitoring
2878,0.0018,Low,0,Routine monitoring
2879,0.0055,Low,0,Routine monitoring
2880,0.0011,Low,0,Routine monitoring
2881,0.0015,Low,0,Routine monitoring
2882,0.2869,Low,0,Routine monitoring
2883,0.0013,Low,0,Routine monitoring
2884,0.0991,Low,0,Routine monitoring
2885,0.008,Low,0,Routine monitoring
2886,0.001,Low,0,Routine monitoring
2887,0.008,Low,0,Routine monitoring
2888,0.0095,Low,0,Routine monitoring
2889,0.0002,Low,0,Routine monitoring
2890,0.0039,Low,0,Routine monitoring
2891,0.0009,Low,0,Routine monitoring
2892,0.0004,Low,0,Routine monitoring
2893,0.0076,Low,0,Routine monitoring
2894,0.139,Low,0,Routine monitoring
2895,0.0034,Low,0,Routine monitoring
2896,0.0002,Low,0,Routine monitoring
2897,0.0024,Low,0,Routine monitoring
2898,0.4597,Medium,0,Enhanced monitoring
2899,0.0011,Low,0,Routine monitoring
2900,1e-04,Low,0,Routine monitoring
2901,0.0006,Low,0,Routine monitoring
2902,0.004,Low,0,Routine monitoring
2903,0.0108,Low,0,Routine monitoring
2904,0.0008,Low,0,Routine monitoring
2905,0.072,Low,0,Routine monitoring
2906,0.2068,Low,0,Routine monitoring
2907,0.0046,Low,0,Routine monitoring
2908,0.001,Low,0,Routine monitoring
2909,0.0039,Low,0,Routine monitoring
2910,0.0002,Low,0,Routine monitoring
2911,0.001,Low,0,Routine monitoring
2912,0.0005,Low,0,Routine monitoring
2913,0.0645,Low,0,Routine monitoring
2914,0.0015,Low,0,Routine monitoring
2915,0.003,Low,0,Routine monitoring
2916,0.0002,Low,0,Routine monitoring
2917,0.0021,Low,0,Routine monitoring
2918,0.0036,Low,0,Routine monitoring
2919,0.0004,Low,0,Routine monitoring
2920,0.0006,Low,0,Routine monitoring
2921,0.0489,Low,0,Routine monitoring
2922,0.0146,Low,0,Routine monitoring
2923,0.0004,Low,0,Routine monitoring
2924,0.011,Low,0,Routine monitoring
2925,0.0111,Low,0,Routine monitoring
2926,0.0019,Low,0,Routine monitoring
2927,0.0902,Low,0,Routine monitoring
2928,0.014,Low,0,Routine monitoring
2929,0.0137,Low,0,Routine monitoring
2930,0.0029,Low,0,Routine monitoring
2931,0.2677,Low,0,Routine monitoring
2932,0.045,Low,0,Routine monitoring
2933,0.0003,Low,0,Routine monitoring
2934,0.2884,Low,0,Routine monitoring
2935,0.0703,Low,0,Routine monitoring
2936,0.0013,Low,0,Routine monitoring
2937,0.0,Low,0,Routine monitoring
2938,0.0041,Low,0,Routine monitoring
2939,0.0024,Low,0,Routine monitoring
2940,0.0003,Low,0,Routine monitoring
2941,0.0007,Low,0,Routine monitoring
2942,1e-04,Low,0,Routine monitoring
2943,0.0043,Low,0,Routine monitoring
2944,0.0062,Low,0,Routine monitoring
2945,0.0118,Low,0,Routine monitoring
2946,0.0004,Low,0,Routine monitoring
2947,0.0023,Low,0,Routine monitoring
2948,1e-04,Low,0,Routine monitoring
2949,0.0083,Low,0,Routine monitoring
2950,0.0002,Low,0,Routine monitoring
2951,0.001,Low,0,Routine monitoring
2952,0.0047,Low,0,Routine monitoring
2953,0.0509,Low,0,Routine monitoring
2954,0.0002,Low,0,Routine monitoring
2955,0.0198,Low,0,Routine monitoring
2956,0.0212,Low,0,Routine monitoring
2957,0.0007,Low,0,Routine monitoring
2958,0.0018,Low,0,Routine monitoring
2959,0.0185,Low,0,Routine monitoring
2960,0.0123,Low,0,Routine monitoring
2961,1e-04,Low,0,Routine monitoring
2962,0.0064,Low,0,Routine monitoring
2963,0.0004,Low,0,Routine monitoring
2964,0.0028,Low,0,Routine monitoring
2965,0.0317,Low,0,Routine monitoring
2966,1e-04,Low,0,Routine monitoring
2967,0.0006,Low,0,Routine monitoring
2968,0.0015,Low,0,Routine monitoring
2969,0.0168,Low,0,Routine monitoring
2970,0.0,Low,0,Routine monitoring
2971,0.0132,Low,0,Routine monitoring
2972,0.0007,Low,0,Routine monitoring
2973,0.0002,Low,0,Routine monitoring
2974,0.0009,Low,0,Routine monitoring
2975,0.0059,Low,0,Routine monitoring
2976,0.0006,Low,0,Routine monitoring
2977,0.0087,Low,0,Routine monitoring
2978,0.0385,Low,0,Routine monitoring
2979,0.0008,Low,0,Routine monitoring
2980,0.0004,Low,0,Routine monitoring
2981,0.0105,Low,0,Routine monitoring
2982,1e-04,Low,0,Routine monitoring
2983,0.0017,Low,0,Routine monitoring
2984,0.0469,Low,0,Routine monitoring
2985,0.0,Low,0,Routine monitoring
2986,0.0505,Low,0,Routine monitoring
2987,0.0103,Low,0,Routine monitoring
2988,0.0011,Low,0,Routine monitoring
2989,0.0051,Low,0,Routine monitoring
2990,0.1753,Low,0,Routine monitoring
2991,0.0038,Low,0,Routine monitoring
2992,0.0014,Low,0,Routine monitoring
2993,0.0349,Low,0,Routine monitoring
2994,0.0011,Low,0,Routine monitoring
2995,0.0,Low,0,Routine monitoring
2996,0.0002,Low,0,Routine monitoring
2997,0.0017,Low,0,Routine monitoring
2998,1e-04,Low,0,Routine monitoring
2999,0.0023,Low,0,Routine monitoring
3000,0.0076,Low,0,Routine monitoring
3001,0.0011,Low,0,Routine monitoring
3002,0.0003,Low,0,Routine monitoring
3003,0.0013,Low,0,Routine monitoring
3004,0.0028,Low,0,Routine monitoring
3005,0.2126,Low,0,Routine monitoring
3006,0.0029,Low,0,Routine monitoring
3007,0.0003,Low,0,Routine monitoring
3008,0.0011,Low,0,Routine monitoring
3009,1e-04,Low,0,Routine monitoring
3010,0.0079,Low,0,Routine monitoring
3011,0.0014,Low,0,Routine monitoring
3012,0.0025,Low,0,Routine monitoring
3013,0.0026,Low,0,Routine monitoring
3014,0.0007,Low,0,Routine monitoring
3015,0.0006,Low,0,Routine monitoring
3016,1e-04,Low,0,Routine monitoring
3017,0.0151,Low,0,Routine monitoring
3018,0.0199,Low,0,Routine monitoring
3019,0.0648,Low,0,Routine monitoring
3020,0.0007,Low,0,Routine monitoring
3021,0.0019,Low,0,Routine monitoring
3022,0.0002,Low,0,Routine monitoring
3023,0.0004,Low,0,Routine monitoring
3024,0.0061,Low,0,Routine monitoring
3025,0.0034,Low,0,Routine monitoring
3026,1e-04,Low,0,Routine monitoring
3027,0.0004,Low,0,Routine monitoring
3028,0.0002,Low,0,Routine monitoring
3029,0.0003,Low,0,Routine monitoring
3030,0.0015,Low,0,Routine monitoring
3031,0.0024,Low,0,Routine monitoring
3032,0.122,Low,0,Routine monitoring
3033,0.0009,Low,0,Routine monitoring
3034,0.0002,Low,0,Routine monitoring
3035,0.0007,Low,0,Routine monitoring
3036,0.0044,Low,0,Routine monitoring
3037,0.0005,Low,0,Routine monitoring
3038,1e-04,Low,0,Routine monitoring
3039,0.0013,Low,0,Routine monitoring
3040,0.0351,Low,0,Routine monitoring
3041,0.0047,Low,0,Routine monitoring
3042,0.0014,Low,0,Routine monitoring
3043,0.0008,Low,0,Routine monitoring
3044,0.0,Low,0,Routine monitoring
3045,0.0007,Low,0,Routine monitoring
3046,0.011,Low,0,Routine monitoring
3047,0.0013,Low,0,Routine monitoring
3048,0.0006,Low,0,Routine monitoring
3049,0.0062,Low,0,Routine monitoring
3050,0.0004,Low,0,Routine monitoring
3051,0.0205,Low,0,Routine monitoring
3052,0.0006,Low,0,Routine monitoring
3053,0.0292,Low,0,Routine monitoring
3054,0.0183,Low,0,Routine monitoring
3055,0.0014,Low,0,Routine monitoring
3056,0.0,Low,0,Routine monitoring
3057,0.001,Low,0,Routine monitoring
3058,1e-04,Low,0,Routine monitoring
3059,1e-04,Low,0,Routine monitoring
3060,0.009,Low,0,Routine monitoring
3061,0.0005,Low,0,Routine monitoring
3062,0.002,Low,0,Routine monitoring
3063,0.0147,Low,0,Routine monitoring
3064,0.003,Low,0,Routine monitoring
3065,1e-04,Low,0,Routine monitoring
3066,0.0023,Low,0,Routine monitoring
3067,0.0009,Low,0,Routine monitoring
3068,0.0048,Low,0,Routine monitoring
3069,0.0038,Low,0,Routine monitoring
3070,0.0049,Low,0,Routine monitoring
3071,0.002,Low,0,Routine monitoring
3072,0.0098,Low,0,Routine monitoring
3073,0.0005,Low,0,Routine monitoring
3074,0.0035,Low,0,Routine monitoring
3075,0.0002,Low,0,Routine monitoring
3076,0.0012,Low,0,Routine monitoring
3077,0.0228,Low,0,Routine monitoring
3078,0.0322,Low,0,Routine monitoring
3079,1e-04,Low,0,Routine monitoring
3080,0.0679,Low,0,Routine monitoring
3081,0.0199,Low,0,Routine monitoring
3082,0.0028,Low,0,Routine monitoring
3083,0.0304,Low,0,Routine monitoring
3084,0.0046,Low,0,Routine monitoring
3085,0.0853,Low,0,Routine monitoring
3086,0.034,Low,0,Routine monitoring
3087,0.0026,Low,0,Routine monitoring
3088,0.0013,Low,0,Routine monitoring
3089,0.001,Low,0,Routine monitoring
3090,0.0,Low,0,Routine monitoring
3091,0.0009,Low,0,Routine monitoring
3092,0.0008,Low,0,Routine monitoring
3093,0.1245,Low,0,Routine monitoring
3094,0.0057,Low,0,Routine monitoring
3095,1e-04,Low,0,Routine monitoring
3096,0.0004,Low,0,Routine monitoring
3097,0.0004,Low,0,Routine monitoring
3098,0.0002,Low,0,Routine monitoring
3099,0.0444,Low,0,Routine monitoring
3100,0.0003,Low,0,Routine monitoring
3101,0.0031,Low,0,Routine monitoring
3102,0.1343,Low,0,Routine monitoring
3103,0.0079,Low,0,Routine monitoring
3104,0.0065,Low,0,Routine monitoring
3105,1e-04,Low,0,Routine monitoring
3106,0.0002,Low,0,Routine monitoring
3107,0.0011,Low,0,Routine monitoring
3108,0.0002,Low,0,Routine monitoring
3109,1e-04,Low,0,Routine monitoring
3110,0.0041,Low,0,Routine monitoring
3111,0.0006,Low,0,Routine monitoring
3112,0.0002,Low,0,Routine monitoring
3113,0.0006,Low,0,Routine monitoring
3114,0.0185,Low,0,Routine monitoring
3115,0.0015,Low,0,Routine monitoring
3116,0.0003,Low,0,Routine monitoring
3117,0.0023,Low,0,Routine monitoring
3118,0.0115,Low,0,Routine monitoring
3119,0.0019,Low,0,Routine monitoring
3120,0.004,Low,0,Routine monitoring
3121,0.0005,Low,0,Routine monitoring
3122,0.0003,Low,0,Routine monitoring
3123,0.0348,Low,0,Routine monitoring
3124,0.1274,Low,0,Routine monitoring
3125,0.0751,Low,0,Routine monitoring
3126,0.0354,Low,0,Routine monitoring
3127,0.0018,Low,0,Routine monitoring
3128,0.0449,Low,0,Routine monitoring
3129,1e-04,Low,0,Routine monitoring
3130,0.0004,Low,0,Routine monitoring
3131,0.0004,Low,0,Routine monitoring
3132,0.0031,Low,0,Routine monitoring
3133,0.0505,Low,0,Routine monitoring
3134,0.5,Medium,0,Enhanced monitoring
3135,0.0002,Low,0,Routine monitoring
3136,0.0,Low,0,Routine monitoring
3137,1e-04,Low,0,Routine monitoring
3138,0.0005,Low,0,Routine monitoring
3139,0.039,Low,0,Routine monitoring
3140,0.0003,Low,0,Routine monitoring
3141,1e-04,Low,0,Routine monitoring
3142,0.0012,Low,0,Routine monitoring
3143,0.0012,Low,0,Routine monitoring
3144,1e-04,Low,0,Routine monitoring
3145,0.0405,Low,0,Routine monitoring
3146,0.0008,Low,0,Routine monitoring
3147,0.0003,Low,0,Routine monitoring
3148,0.002,Low,0,Routine monitoring
3149,0.0072,Low,0,Routine monitoring
3150,0.0033,Low,0,Routine monitoring
3151,0.0079,Low,0,Routine monitoring
3152,0.0003,Low,0,Routine monitoring
3153,0.0002,Low,0,Routine monitoring
3154,0.0017,Low,0,Routine monitoring
3155,0.0051,Low,0,Routine monitoring
3156,0.0006,Low,0,Routine monitoring
3157,0.0087,Low,0,Routine monitoring
3158,0.0044,Low,0,Routine monitoring
3159,0.0002,Low,0,Routine monitoring
3160,0.0044,Low,0,Routine monitoring
3161,0.0016,Low,0,Routine monitoring
3162,0.0122,Low,0,Routine monitoring
3163,0.0004,Low,0,Routine monitoring
3164,0.0003,Low,0,Routine monitoring
3165,0.0253,Low,0,Routine monitoring
3166,0.0,Low,0,Routine monitoring
3167,0.001,Low,0,Routine monitoring
3168,0.0352,Low,0,Routine monitoring
3169,0.0007,Low,0,Routine monitoring
3170,0.002,Low,0,Routine monitoring
3171,0.0036,Low,0,Routine monitoring
3172,0.0241,Low,0,Routine monitoring
3173,0.01,Low,0,Routine monitoring
3174,0.0004,Low,0,Routine monitoring
3175,0.0019,Low,0,Routine monitoring
3176,0.0056,Low,0,Routine monitoring
3177,0.0079,Low,0,Routine monitoring
3178,0.1827,Low,0,Routine monitoring
3179,0.0327,Low,0,Routine monitoring
3180,0.0006,Low,0,Routine monitoring
3181,0.19,Low,0,Routine monitoring
3182,0.0002,Low,0,Routine monitoring
3183,0.0023,Low,0,Routine monitoring
3184,0.0002,Low,0,Routine monitoring
3185,0.0004,Low,0,Routine monitoring
3186,0.0016,Low,0,Routine monitoring
3187,0.0004,Low,0,Routine monitoring
3188,0.0639,Low,0,Routine monitoring
3189,0.0659,Low,0,Routine monitoring
3190,0.0006,Low,0,Routine monitoring
3191,0.0009,Low,0,Routine monitoring
3192,0.0167,Low,0,Routine monitoring
3193,0.0004,Low,0,Routine monitoring
3194,0.0045,Low,0,Routine monitoring
3195,0.0017,Low,0,Routine monitoring
3196,0.007,Low,0,Routine monitoring
3197,0.0104,Low,0,Routine monitoring
3198,0.0016,Low,0,Routine monitoring
3199,0.0023,Low,0,Routine monitoring
3200,0.0048,Low,0,Routine monitoring
3201,0.0003,Low,0,Routine monitoring
3202,1e-04,Low,0,Routine monitoring
3203,0.0671,Low,0,Routine monitoring
3204,0.0055,Low,0,Routine monitoring
3205,1e-04,Low,0,Routine monitoring
3206,0.0023,Low,0,Routine monitoring
3207,0.0016,Low,0,Routine monitoring
3208,0.009,Low,0,Routine monitoring
3209,0.0066,Low,0,Routine monitoring
3210,0.0051,Low,0,Routine monitoring
3211,1e-04,Low,0,Routine monitoring
3212,0.0004,Low,0,Routine monitoring
3213,0.0265,Low,0,Routine monitoring
3214,0.0409,Low,0,Routine monitoring
3215,0.0029,Low,0,Routine monitoring
3216,0.0021,Low,0,Routine monitoring
3217,0.0013,Low,0,Routine monitoring
3218,0.001,Low,0,Routine monitoring
3219,0.0015,Low,0,Routine monitoring
3220,0.0003,Low,0,Routine monitoring
3221,0.0052,Low,0,Routine monitoring
3222,0.0029,Low,0,Routine monitoring
3223,0.5186,Medium,0,Enhanced monitoring
3224,0.0008,Low,0,Routine monitoring
3225,0.001,Low,0,Routine monitoring
3226,0.0077,Low,0,Routine monitoring
3227,0.0162,Low,0,Routine monitoring
3228,0.0013,Low,0,Routine monitoring
3229,0.027,Low,0,Routine monitoring
3230,0.0041,Low,0,Routine monitoring
3231,0.0002,Low,0,Routine monitoring
3232,0.0003,Low,0,Routine monitoring
3233,0.0742,Low,0,Routine monitoring
3234,0.0028,Low,0,Routine monitoring
3235,0.0205,Low,0,Routine monitoring
3236,0.0031,Low,0,Routine monitoring
3237,1e-04,Low,0,Routine monitoring
3238,0.0005,Low,0,Routine monitoring
3239,0.0126,Low,0,Routine monitoring
3240,0.0004,Low,0,Routine monitoring
3241,0.0076,Low,0,Routine monitoring
3242,0.0602,Low,0,Routine monitoring
3243,0.0054,Low,0,Routine monitoring
3244,0.0016,Low,0,Routine monitoring
3245,0.0103,Low,0,Routine monitoring
3246,0.0004,Low,0,Routine monitoring
3247,0.0011,Low,0,Routine monitoring
3248,0.0032,Low,0,Routine monitoring
3249,0.0004,Low,0,Routine monitoring
3250,0.0,Low,0,Routine monitoring
3251,0.0138,Low,0,Routine monitoring
3252,0.0021,Low,0,Routine monitoring
3253,0.0002,Low,0,Routine monitoring
3254,0.0019,Low,0,Routine monitoring
3255,0.002,Low,0,Routine monitoring
3256,0.0031,Low,0,Routine monitoring
3257,0.0017,Low,0,Routine monitoring
3258,0.0007,Low,0,Routine monitoring
3259,0.8012,Critical,0,Immediate freeze+STR
3260,0.0229,Low,0,Routine monitoring
3261,0.0004,Low,0,Routine monitoring
3262,0.0012,Low,0,Routine monitoring
3263,1e-04,Low,0,Routine monitoring
3264,0.0002,Low,0,Routine monitoring
3265,0.3011,Low,0,Routine monitoring
3266,0.0013,Low,0,Routine monitoring
3267,0.0117,Low,0,Routine monitoring
3268,0.0004,Low,0,Routine monitoring
3269,0.0004,Low,0,Routine monitoring
3270,0.0009,Low,0,Routine monitoring
3271,0.0006,Low,0,Routine monitoring
3272,0.0094,Low,0,Routine monitoring
3273,0.0002,Low,0,Routine monitoring
3274,0.0038,Low,0,Routine monitoring
3275,0.0028,Low,0,Routine monitoring
3276,0.0029,Low,0,Routine monitoring
3277,0.0011,Low,0,Routine monitoring
3278,0.0016,Low,0,Routine monitoring
3279,0.0009,Low,0,Routine monitoring
3280,0.0,Low,0,Routine monitoring
3281,0.0009,Low,0,Routine monitoring
3282,0.002,Low,0,Routine monitoring
3283,0.0053,Low,0,Routine monitoring
3284,1e-04,Low,0,Routine monitoring
3285,0.0814,Low,0,Routine monitoring
3286,0.0039,Low,0,Routine monitoring
3287,0.0018,Low,0,Routine monitoring
3288,0.0003,Low,0,Routine monitoring
3289,0.0002,Low,0,Routine monitoring
3290,0.0023,Low,0,Routine monitoring
3291,0.0013,Low,0,Routine monitoring
3292,0.0027,Low,0,Routine monitoring
3293,1e-04,Low,0,Routine monitoring
3294,0.0003,Low,0,Routine monitoring
3295,0.0128,Low,0,Routine monitoring
3296,0.0003,Low,0,Routine monitoring
3297,1e-04,Low,0,Routine monitoring
3298,0.0011,Low,0,Routine monitoring
3299,0.0009,Low,0,Routine monitoring
3300,1e-04,Low,0,Routine monitoring
3301,0.3001,Low,0,Routine monitoring
3302,0.0085,Low,0,Routine monitoring
3303,0.011,Low,0,Routine monitoring
3304,0.1232,Low,0,Routine monitoring
3305,0.0016,Low,0,Routine monitoring
3306,0.0014,Low,0,Routine monitoring
3307,0.0365,Low,0,Routine monitoring
3308,0.0003,Low,0,Routine monitoring
3309,0.0049,Low,0,Routine monitoring
3310,0.0016,Low,0,Routine monitoring
3311,0.0013,Low,0,Routine monitoring
3312,0.0007,Low,0,Routine monitoring
3313,0.0018,Low,0,Routine monitoring
3314,0.0023,Low,0,Routine monitoring
3315,0.0026,Low,0,Routine monitoring
3316,0.0,Low,0,Routine monitoring
3317,0.0002,Low,0,Routine monitoring
3318,0.0009,Low,0,Routine monitoring
3319,0.0014,Low,0,Routine monitoring
3320,0.0008,Low,0,Routine monitoring
3321,0.0037,Low,0,Routine monitoring
3322,0.0002,Low,0,Routine monitoring
3323,0.0002,Low,0,Routine monitoring
3324,0.095,Low,0,Routine monitoring
3325,0.0054,Low,0,Routine monitoring
3326,0.0859,Low,0,Routine monitoring
3327,0.0013,Low,0,Routine monitoring
3328,0.0047,Low,0,Routine monitoring
3329,1e-04,Low,0,Routine monitoring
3330,0.0235,Low,0,Routine monitoring
3331,0.0008,Low,0,Routine monitoring
3332,0.0538,Low,0,Routine monitoring
3333,0.0,Low,0,Routine monitoring
3334,0.0002,Low,0,Routine monitoring
3335,0.0009,Low,0,Routine monitoring
3336,0.0,Low,0,Routine monitoring
3337,0.0004,Low,0,Routine monitoring
3338,0.008,Low,0,Routine monitoring
3339,0.0018,Low,0,Routine monitoring
3340,0.0018,Low,0,Routine monitoring
3341,1e-04,Low,0,Routine monitoring
3342,0.0003,Low,0,Routine monitoring
3343,0.0037,Low,0,Routine monitoring
3344,0.008,Low,0,Routine monitoring
3345,0.0191,Low,0,Routine monitoring
3346,0.0016,Low,0,Routine monitoring
3347,0.0048,Low,0,Routine monitoring
3348,0.0031,Low,0,Routine monitoring
3349,0.0003,Low,0,Routine monitoring
3350,0.0029,Low,0,Routine monitoring
3351,0.001,Low,0,Routine monitoring
3352,0.0051,Low,0,Routine monitoring
3353,0.0069,Low,0,Routine monitoring
3354,0.0074,Low,0,Routine monitoring
3355,0.4767,Medium,0,Enhanced monitoring
3356,0.0003,Low,0,Routine monitoring
3357,0.0286,Low,0,Routine monitoring
3358,0.0249,Low,0,Routine monitoring
3359,0.0109,Low,0,Routine monitoring
3360,0.001,Low,0,Routine monitoring
3361,0.0035,Low,0,Routine monitoring
3362,1e-04,Low,0,Routine monitoring
3363,0.0118,Low,0,Routine monitoring
3364,0.0004,Low,0,Routine monitoring
3365,0.0002,Low,0,Routine monitoring
3366,0.0002,Low,0,Routine monitoring
3367,1e-04,Low,0,Routine monitoring
3368,0.0002,Low,0,Routine monitoring
3369,0.0,Low,0,Routine monitoring
3370,0.0005,Low,0,Routine monitoring
3371,1e-04,Low,0,Routine monitoring
3372,0.0004,Low,0,Routine monitoring
3373,0.0029,Low,0,Routine monitoring
3374,0.0016,Low,0,Routine monitoring
3375,1e-04,Low,0,Routine monitoring
3376,0.0014,Low,0,Routine monitoring
3377,0.0009,Low,0,Routine monitoring
3378,0.0139,Low,0,Routine monitoring
3379,0.0002,Low,0,Routine monitoring
3380,0.0064,Low,0,Routine monitoring
3381,0.0119,Low,0,Routine monitoring
3382,0.0019,Low,0,Routine monitoring
3383,0.0004,Low,0,Routine monitoring
3384,0.0061,Low,0,Routine monitoring
3385,0.0094,Low,0,Routine monitoring
3386,1e-04,Low,0,Routine monitoring
3387,0.0013,Low,0,Routine monitoring
3388,0.0002,Low,0,Routine monitoring
3389,0.0139,Low,0,Routine monitoring
3390,0.0445,Low,0,Routine monitoring
3391,0.0002,Low,0,Routine monitoring
3392,0.0004,Low,0,Routine monitoring
3393,0.0002,Low,0,Routine monitoring
3394,0.0004,Low,0,Routine monitoring
3395,0.0683,Low,0,Routine monitoring
3396,0.0004,Low,0,Routine monitoring
3397,0.0032,Low,0,Routine monitoring
3398,0.7414,High,0,Analyst investigation
3399,0.0002,Low,0,Routine monitoring
3400,1e-04,Low,0,Routine monitoring
3401,0.0009,Low,0,Routine monitoring
3402,0.0053,Low,0,Routine monitoring
3403,0.0066,Low,0,Routine monitoring
3404,0.0014,Low,0,Routine monitoring
3405,0.0661,Low,0,Routine monitoring
3406,1e-04,Low,0,Routine monitoring
3407,0.0,Low,0,Routine monitoring
3408,0.0003,Low,0,Routine monitoring
3409,0.0176,Low,0,Routine monitoring
3410,0.0018,Low,0,Routine monitoring
3411,0.0655,Low,0,Routine monitoring
3412,0.0021,Low,0,Routine monitoring
3413,0.0148,Low,0,Routine monitoring
3414,0.0003,Low,0,Routine monitoring
3415,0.0004,Low,0,Routine monitoring
3416,0.0006,Low,0,Routine monitoring
3417,0.0006,Low,0,Routine monitoring
3418,0.0029,Low,0,Routine monitoring
3419,0.0089,Low,0,Routine monitoring
3420,0.0263,Low,0,Routine monitoring
3421,0.0022,Low,0,Routine monitoring
3422,1e-04,Low,0,Routine monitoring
3423,0.0111,Low,0,Routine monitoring
3424,1e-04,Low,0,Routine monitoring
3425,0.0006,Low,0,Routine monitoring
3426,0.0007,Low,0,Routine monitoring
3427,0.0137,Low,0,Routine monitoring
3428,0.0061,Low,0,Routine monitoring
3429,1e-04,Low,0,Routine monitoring
3430,0.0037,Low,0,Routine monitoring
3431,0.0,Low,0,Routine monitoring
3432,0.0148,Low,0,Routine monitoring
3433,0.0069,Low,0,Routine monitoring
3434,1e-04,Low,0,Routine monitoring
3435,0.0,Low,0,Routine monitoring
3436,1e-04,Low,0,Routine monitoring
3437,0.0,Low,0,Routine monitoring
3438,0.0094,Low,0,Routine monitoring
3439,0.0026,Low,0,Routine monitoring
3440,0.0015,Low,0,Routine monitoring
3441,0.078,Low,0,Routine monitoring
3442,0.0038,Low,0,Routine monitoring
3443,0.0024,Low,0,Routine monitoring
3444,0.0002,Low,0,Routine monitoring
3445,0.0014,Low,0,Routine monitoring
3446,0.0006,Low,0,Routine monitoring
3447,0.0006,Low,0,Routine monitoring
3448,0.0009,Low,0,Routine monitoring
3449,0.0037,Low,0,Routine monitoring
3450,0.0995,Low,0,Routine monitoring
3451,0.0013,Low,0,Routine monitoring
3452,0.0127,Low,0,Routine monitoring
3453,0.0002,Low,0,Routine monitoring
3454,0.1563,Low,0,Routine monitoring
3455,0.0039,Low,0,Routine monitoring
3456,0.0124,Low,0,Routine monitoring
3457,0.2449,Low,0,Routine monitoring
3458,0.0004,Low,0,Routine monitoring
3459,0.003,Low,0,Routine monitoring
3460,0.0,Low,0,Routine monitoring
3461,0.0037,Low,0,Routine monitoring
3462,0.0086,Low,0,Routine monitoring
3463,0.2435,Low,0,Routine monitoring
3464,0.0111,Low,0,Routine monitoring
3465,0.052,Low,0,Routine monitoring
3466,0.0005,Low,0,Routine monitoring
3467,0.0006,Low,0,Routine monitoring
3468,0.0008,Low,0,Routine monitoring
3469,0.0025,Low,0,Routine monitoring
3470,0.0155,Low,0,Routine monitoring
3471,0.0002,Low,0,Routine monitoring
3472,0.0032,Low,0,Routine monitoring
3473,0.003,Low,0,Routine monitoring
3474,0.0045,Low,0,Routine monitoring
3475,0.0009,Low,0,Routine monitoring
3476,0.0083,Low,0,Routine monitoring
3477,0.0307,Low,0,Routine monitoring
3478,0.0003,Low,0,Routine monitoring
3479,0.0007,Low,0,Routine monitoring
3480,0.0013,Low,0,Routine monitoring
3481,0.0022,Low,0,Routine monitoring
3482,0.0078,Low,0,Routine monitoring
3483,0.0003,Low,0,Routine monitoring
3484,0.0024,Low,0,Routine monitoring
3485,0.0233,Low,0,Routine monitoring
3486,0.0015,Low,0,Routine monitoring
3487,0.0002,Low,0,Routine monitoring
3488,0.0006,Low,0,Routine monitoring
3489,0.0035,Low,0,Routine monitoring
3490,0.0003,Low,0,Routine monitoring
3491,0.0002,Low,0,Routine monitoring
3492,1e-04,Low,0,Routine monitoring
3493,0.028,Low,0,Routine monitoring
3494,0.0025,Low,0,Routine monitoring
3495,0.0004,Low,0,Routine monitoring
3496,0.0005,Low,0,Routine monitoring
3497,0.0002,Low,0,Routine monitoring
3498,0.0145,Low,0,Routine monitoring
3499,0.003,Low,0,Routine monitoring
3500,0.0067,Low,0,Routine monitoring
3501,0.0024,Low,0,Routine monitoring
3502,0.0035,Low,0,Routine monitoring
3503,0.0021,Low,0,Routine monitoring
3504,0.0042,Low,0,Routine monitoring
3505,0.0544,Low,0,Routine monitoring
3506,0.0004,Low,0,Routine monitoring
3507,0.0009,Low,0,Routine monitoring
3508,0.0004,Low,0,Routine monitoring
3509,0.0004,Low,0,Routine monitoring
3510,0.0003,Low,0,Routine monitoring
3511,0.0004,Low,0,Routine monitoring
3512,0.0011,Low,0,Routine monitoring
3513,0.0003,Low,0,Routine monitoring
3514,0.0225,Low,0,Routine monitoring
3515,0.0018,Low,0,Routine monitoring
3516,0.0018,Low,0,Routine monitoring
3517,0.0053,Low,0,Routine monitoring
3518,0.0002,Low,0,Routine monitoring
3519,0.0002,Low,0,Routine monitoring
3520,0.0016,Low,0,Routine monitoring
3521,0.0406,Low,0,Routine monitoring
3522,0.0008,Low,0,Routine monitoring
3523,0.0067,Low,0,Routine monitoring
3524,0.0024,Low,0,Routine monitoring
3525,0.0607,Low,0,Routine monitoring
3526,0.0002,Low,0,Routine monitoring
3527,0.0049,Low,0,Routine monitoring
3528,0.0002,Low,0,Routine monitoring
3529,0.0031,Low,0,Routine monitoring
3530,1e-04,Low,0,Routine monitoring
3531,0.0005,Low,0,Routine monitoring
3532,0.0002,Low,0,Routine monitoring
3533,0.002,Low,0,Routine monitoring
3534,0.0554,Low,0,Routine monitoring
3535,0.4673,Medium,0,Enhanced monitoring
3536,1e-04,Low,0,Routine monitoring
3537,0.0032,Low,0,Routine monitoring
3538,0.0014,Low,0,Routine monitoring
3539,0.0008,Low,0,Routine monitoring
3540,0.0004,Low,0,Routine monitoring
3541,0.0135,Low,0,Routine monitoring
3542,0.0003,Low,0,Routine monitoring
3543,0.0013,Low,0,Routine monitoring
3544,0.0,Low,0,Routine monitoring
3545,0.0059,Low,0,Routine monitoring
3546,0.552,Medium,0,Enhanced monitoring
3547,0.0003,Low,0,Routine monitoring
3548,0.0007,Low,0,Routine monitoring
3549,0.0026,Low,0,Routine monitoring
3550,0.0002,Low,0,Routine monitoring
3551,0.0362,Low,0,Routine monitoring
3552,0.0084,Low,0,Routine monitoring
3553,0.0156,Low,0,Routine monitoring
3554,0.027,Low,0,Routine monitoring
3555,0.0294,Low,0,Routine monitoring
3556,0.0004,Low,0,Routine monitoring
3557,0.2722,Low,0,Routine monitoring
3558,0.0,Low,0,Routine monitoring
3559,0.0012,Low,0,Routine monitoring
3560,0.0005,Low,0,Routine monitoring
3561,0.0208,Low,0,Routine monitoring
3562,0.0103,Low,0,Routine monitoring
3563,0.0002,Low,0,Routine monitoring
3564,0.0007,Low,0,Routine monitoring
3565,0.0,Low,0,Routine monitoring
3566,0.0246,Low,0,Routine monitoring
3567,0.0009,Low,0,Routine monitoring
3568,0.0006,Low,0,Routine monitoring
3569,0.0158,Low,0,Routine monitoring
3570,0.001,Low,0,Routine monitoring
3571,0.0008,Low,0,Routine monitoring
3572,0.0011,Low,0,Routine monitoring
3573,0.0009,Low,0,Routine monitoring
3574,0.004,Low,0,Routine monitoring
3575,0.0002,Low,0,Routine monitoring
3576,1e-04,Low,0,Routine monitoring
3577,0.0067,Low,0,Routine monitoring
3578,0.1934,Low,0,Routine monitoring
3579,0.0134,Low,0,Routine monitoring
3580,0.0,Low,0,Routine monitoring
3581,0.0024,Low,0,Routine monitoring
3582,0.0337,Low,0,Routine monitoring
3583,0.0014,Low,0,Routine monitoring
3584,0.0015,Low,0,Routine monitoring
3585,0.0063,Low,0,Routine monitoring
3586,0.0019,Low,0,Routine monitoring
3587,0.0097,Low,0,Routine monitoring
3588,0.0058,Low,0,Routine monitoring
3589,1e-04,Low,0,Routine monitoring
3590,0.0004,Low,0,Routine monitoring
3591,1e-04,Low,0,Routine monitoring
3592,0.0,Low,0,Routine monitoring
3593,1e-04,Low,0,Routine monitoring
3594,0.0027,Low,0,Routine monitoring
3595,0.0005,Low,0,Routine monitoring
3596,0.0017,Low,0,Routine monitoring
3597,0.0048,Low,0,Routine monitoring
3598,0.0622,Low,0,Routine monitoring
3599,0.0009,Low,0,Routine monitoring
3600,0.0079,Low,0,Routine monitoring
3601,0.0335,Low,0,Routine monitoring
3602,0.0004,Low,0,Routine monitoring
3603,0.0002,Low,0,Routine monitoring
3604,0.0007,Low,0,Routine monitoring
3605,0.0002,Low,0,Routine monitoring
3606,0.0067,Low,0,Routine monitoring
3607,0.0448,Low,0,Routine monitoring
3608,0.0016,Low,0,Routine monitoring
3609,0.0061,Low,0,Routine monitoring
3610,0.0012,Low,0,Routine monitoring
3611,0.0,Low,0,Routine monitoring
3612,0.0005,Low,0,Routine monitoring
3613,0.0031,Low,0,Routine monitoring
3614,0.002,Low,0,Routine monitoring
3615,0.0004,Low,0,Routine monitoring
3616,0.0067,Low,0,Routine monitoring
3617,0.0351,Low,0,Routine monitoring
3618,0.0005,Low,0,Routine monitoring
3619,0.0013,Low,0,Routine monitoring
3620,0.0004,Low,0,Routine monitoring
3621,0.001,Low,0,Routine monitoring
3622,0.0004,Low,0,Routine monitoring
3623,0.0,Low,0,Routine monitoring
3624,0.001,Low,0,Routine monitoring
3625,0.0736,Low,0,Routine monitoring
3626,1e-04,Low,0,Routine monitoring
3627,0.0005,Low,0,Routine monitoring
3628,0.0004,Low,0,Routine monitoring
3629,0.0007,Low,0,Routine monitoring
3630,0.0,Low,0,Routine monitoring
3631,0.0002,Low,0,Routine monitoring
3632,0.0029,Low,0,Routine monitoring
3633,0.117,Low,0,Routine monitoring
3634,0.0007,Low,0,Routine monitoring
3635,0.0005,Low,0,Routine monitoring
3636,0.0044,Low,0,Routine monitoring
3637,0.0002,Low,0,Routine monitoring
3638,0.0418,Low,0,Routine monitoring
3639,0.0077,Low,0,Routine monitoring
3640,0.0005,Low,0,Routine monitoring
3641,0.0185,Low,0,Routine monitoring
3642,1e-04,Low,0,Routine monitoring
3643,1e-04,Low,0,Routine monitoring
3644,0.0026,Low,0,Routine monitoring
3645,0.0002,Low,0,Routine monitoring
3646,0.0246,Low,0,Routine monitoring
3647,0.002,Low,0,Routine monitoring
3648,0.0006,Low,0,Routine monitoring
3649,1e-04,Low,0,Routine monitoring
3650,0.0163,Low,0,Routine monitoring
3651,0.0169,Low,0,Routine monitoring
3652,0.0026,Low,0,Routine monitoring
3653,0.0011,Low,0,Routine monitoring
3654,0.0004,Low,0,Routine monitoring
3655,0.0061,Low,0,Routine monitoring
3656,0.0003,Low,0,Routine monitoring
3657,0.0018,Low,0,Routine monitoring
3658,0.0056,Low,0,Routine monitoring
3659,0.0004,Low,0,Routine monitoring
3660,0.0005,Low,0,Routine monitoring
3661,0.0168,Low,0,Routine monitoring
3662,0.0005,Low,0,Routine monitoring
3663,0.0079,Low,0,Routine monitoring
3664,0.0063,Low,0,Routine monitoring
3665,0.0087,Low,0,Routine monitoring
3666,0.1568,Low,0,Routine monitoring
3667,0.004,Low,0,Routine monitoring
3668,0.0089,Low,0,Routine monitoring
3669,0.0002,Low,0,Routine monitoring
3670,0.0017,Low,0,Routine monitoring
3671,0.0007,Low,0,Routine monitoring
3672,0.0005,Low,0,Routine monitoring
3673,0.0026,Low,0,Routine monitoring
3674,1e-04,Low,0,Routine monitoring
3675,0.0073,Low,0,Routine monitoring
3676,1e-04,Low,0,Routine monitoring
3677,0.0002,Low,0,Routine monitoring
3678,0.0002,Low,0,Routine monitoring
3679,0.0116,Low,0,Routine monitoring
3680,0.0009,Low,0,Routine monitoring
3681,0.0014,Low,0,Routine monitoring
3682,0.0009,Low,0,Routine monitoring
3683,0.0006,Low,0,Routine monitoring
3684,0.0002,Low,0,Routine monitoring
3685,0.0555,Low,0,Routine monitoring
3686,0.0007,Low,0,Routine monitoring
3687,0.0004,Low,0,Routine monitoring
3688,0.0726,Low,0,Routine monitoring
3689,0.0002,Low,0,Routine monitoring
3690,1e-04,Low,0,Routine monitoring
3691,0.0002,Low,0,Routine monitoring
3692,0.0059,Low,0,Routine monitoring
3693,0.0095,Low,0,Routine monitoring
3694,0.0006,Low,0,Routine monitoring
3695,1e-04,Low,0,Routine monitoring
3696,0.0007,Low,0,Routine monitoring
3697,0.0005,Low,0,Routine monitoring
3698,0.0005,Low,0,Routine monitoring
3699,0.0005,Low,0,Routine monitoring
3700,0.0057,Low,0,Routine monitoring
3701,0.0289,Low,0,Routine monitoring
3702,0.0003,Low,0,Routine monitoring
3703,0.0004,Low,0,Routine monitoring
3704,0.0085,Low,0,Routine monitoring
3705,0.0093,Low,0,Routine monitoring
3706,0.0,Low,0,Routine monitoring
3707,0.0067,Low,0,Routine monitoring
3708,1e-04,Low,0,Routine monitoring
3709,0.0082,Low,0,Routine monitoring
3710,0.0004,Low,0,Routine monitoring
3711,1e-04,Low,0,Routine monitoring
3712,0.0024,Low,0,Routine monitoring
3713,0.0047,Low,0,Routine monitoring
3714,0.0024,Low,0,Routine monitoring
3715,0.0003,Low,0,Routine monitoring
3716,0.0005,Low,0,Routine monitoring
3717,0.0002,Low,0,Routine monitoring
3718,0.0028,Low,0,Routine monitoring
3719,0.0006,Low,0,Routine monitoring
3720,0.0003,Low,0,Routine monitoring
3721,0.0002,Low,0,Routine monitoring
3722,0.0239,Low,0,Routine monitoring
3723,0.3229,Low,0,Routine monitoring
3724,0.0005,Low,0,Routine monitoring
3725,0.0033,Low,0,Routine monitoring
3726,0.028,Low,0,Routine monitoring
3727,0.0024,Low,0,Routine monitoring
3728,0.0054,Low,0,Routine monitoring
3729,0.0037,Low,0,Routine monitoring
3730,0.0004,Low,0,Routine monitoring
3731,0.1089,Low,0,Routine monitoring
3732,0.0,Low,0,Routine monitoring
3733,0.0009,Low,0,Routine monitoring
3734,0.001,Low,0,Routine monitoring
3735,0.0002,Low,0,Routine monitoring
3736,0.0113,Low,0,Routine monitoring
3737,0.0025,Low,0,Routine monitoring
3738,0.0004,Low,0,Routine monitoring
3739,0.0002,Low,0,Routine monitoring
3740,0.0005,Low,0,Routine monitoring
3741,0.0002,Low,0,Routine monitoring
3742,0.0003,Low,0,Routine monitoring
3743,0.0172,Low,0,Routine monitoring
3744,0.0003,Low,0,Routine monitoring
3745,0.0009,Low,0,Routine monitoring
3746,0.0014,Low,0,Routine monitoring
3747,0.0004,Low,0,Routine monitoring
3748,0.1257,Low,0,Routine monitoring
3749,0.0003,Low,0,Routine monitoring
3750,0.0017,Low,0,Routine monitoring
3751,0.0006,Low,0,Routine monitoring
3752,0.0002,Low,0,Routine monitoring
3753,0.0019,Low,0,Routine monitoring
3754,0.0006,Low,0,Routine monitoring
3755,0.0008,Low,0,Routine monitoring
3756,0.0236,Low,0,Routine monitoring
3757,0.0933,Low,0,Routine monitoring
3758,0.0314,Low,0,Routine monitoring
3759,0.0013,Low,0,Routine monitoring
3760,0.006,Low,0,Routine monitoring
3761,0.0015,Low,0,Routine monitoring
3762,0.0004,Low,0,Routine monitoring
3763,0.0,Low,0,Routine monitoring
3764,0.0025,Low,0,Routine monitoring
3765,0.0042,Low,0,Routine monitoring
3766,0.4774,Medium,0,Enhanced monitoring
3767,0.0019,Low,0,Routine monitoring
3768,0.0011,Low,0,Routine monitoring
3769,0.0002,Low,0,Routine monitoring
3770,0.0011,Low,0,Routine monitoring
3771,0.0,Low,0,Routine monitoring
3772,0.0228,Low,0,Routine monitoring
3773,0.0002,Low,0,Routine monitoring
3774,0.0009,Low,0,Routine monitoring
3775,0.0093,Low,0,Routine monitoring
3776,0.0003,Low,0,Routine monitoring
3777,0.0,Low,0,Routine monitoring
3778,0.0024,Low,0,Routine monitoring
3779,0.0022,Low,0,Routine monitoring
3780,0.001,Low,0,Routine monitoring
3781,0.0007,Low,0,Routine monitoring
3782,0.0017,Low,0,Routine monitoring
3783,0.0,Low,0,Routine monitoring
3784,0.0003,Low,0,Routine monitoring
3785,0.0,Low,0,Routine monitoring
3786,0.0012,Low,0,Routine monitoring
3787,0.0003,Low,0,Routine monitoring
3788,0.0091,Low,0,Routine monitoring
3789,0.0002,Low,0,Routine monitoring
3790,0.0003,Low,0,Routine monitoring
3791,0.0037,Low,0,Routine monitoring
3792,0.0007,Low,0,Routine monitoring
3793,0.0002,Low,0,Routine monitoring
3794,0.0005,Low,0,Routine monitoring
3795,0.0043,Low,0,Routine monitoring
3796,0.0006,Low,0,Routine monitoring
3797,0.0003,Low,0,Routine monitoring
3798,0.0005,Low,0,Routine monitoring
3799,0.0006,Low,0,Routine monitoring
3800,0.0012,Low,0,Routine monitoring
3801,0.0352,Low,0,Routine monitoring
3802,0.0028,Low,0,Routine monitoring
3803,0.0005,Low,0,Routine monitoring
3804,0.0004,Low,0,Routine monitoring
3805,0.0006,Low,0,Routine monitoring
3806,0.0007,Low,0,Routine monitoring
3807,0.0,Low,0,Routine monitoring
3808,0.0111,Low,0,Routine monitoring
3809,0.0011,Low,0,Routine monitoring
3810,0.0006,Low,0,Routine monitoring
3811,0.0075,Low,0,Routine monitoring
3812,0.0071,Low,0,Routine monitoring
3813,1e-04,Low,0,Routine monitoring
3814,0.0017,Low,0,Routine monitoring
3815,0.0012,Low,0,Routine monitoring
3816,1e-04,Low,0,Routine monitoring
3817,0.0134,Low,0,Routine monitoring
3818,0.0095,Low,0,Routine monitoring
3819,1e-04,Low,0,Routine monitoring
3820,0.0004,Low,0,Routine monitoring
3821,0.0029,Low,0,Routine monitoring
3822,1e-04,Low,0,Routine monitoring
3823,0.0033,Low,0,Routine monitoring
3824,0.0004,Low,0,Routine monitoring
3825,0.0294,Low,0,Routine monitoring
3826,0.0056,Low,0,Routine monitoring
3827,0.0012,Low,0,Routine monitoring
3828,0.0012,Low,0,Routine monitoring
3829,0.002,Low,0,Routine monitoring
3830,0.0002,Low,0,Routine monitoring
3831,0.0181,Low,0,Routine monitoring
3832,0.0003,Low,0,Routine monitoring
3833,0.0002,Low,0,Routine monitoring
3834,0.0004,Low,0,Routine monitoring
3835,0.0011,Low,0,Routine monitoring
3836,0.002,Low,0,Routine monitoring
3837,0.0009,Low,0,Routine monitoring
3838,0.0007,Low,0,Routine monitoring
3839,0.004,Low,0,Routine monitoring
3840,0.0023,Low,0,Routine monitoring
3841,0.0004,Low,0,Routine monitoring
3842,0.0002,Low,0,Routine monitoring
3843,0.0005,Low,0,Routine monitoring
3844,0.0002,Low,0,Routine monitoring
3845,0.004,Low,0,Routine monitoring
3846,0.0069,Low,0,Routine monitoring
3847,0.0011,Low,0,Routine monitoring
3848,0.002,Low,0,Routine monitoring
3849,0.0018,Low,0,Routine monitoring
3850,0.0002,Low,0,Routine monitoring
3851,0.0032,Low,0,Routine monitoring
3852,0.0008,Low,0,Routine monitoring
3853,0.0542,Low,0,Routine monitoring
3854,0.0003,Low,0,Routine monitoring
3855,0.0026,Low,0,Routine monitoring
3856,0.0004,Low,0,Routine monitoring
3857,0.0006,Low,0,Routine monitoring
3858,0.0023,Low,0,Routine monitoring
3859,0.2847,Low,0,Routine monitoring
3860,0.0004,Low,0,Routine monitoring
3861,0.0004,Low,0,Routine monitoring
3862,1e-04,Low,0,Routine monitoring
3863,0.0017,Low,0,Routine monitoring
3864,0.0044,Low,0,Routine monitoring
3865,0.0002,Low,0,Routine monitoring
3866,0.0,Low,0,Routine monitoring
3867,0.001,Low,0,Routine monitoring
3868,0.0009,Low,0,Routine monitoring
3869,0.0041,Low,0,Routine monitoring
3870,0.0038,Low,0,Routine monitoring
3871,0.0045,Low,0,Routine monitoring
3872,0.0002,Low,0,Routine monitoring
3873,0.0004,Low,0,Routine monitoring
3874,0.0008,Low,0,Routine monitoring
3875,1e-04,Low,0,Routine monitoring
3876,0.0616,Low,0,Routine monitoring
3877,0.0002,Low,0,Routine monitoring
3878,0.0022,Low,0,Routine monitoring
3879,0.0183,Low,0,Routine monitoring
3880,0.0015,Low,0,Routine monitoring
3881,0.0002,Low,0,Routine monitoring
3882,0.0003,Low,0,Routine monitoring
3883,0.0005,Low,0,Routine monitoring
3884,0.0002,Low,0,Routine monitoring
3885,0.0048,Low,0,Routine monitoring
3886,1e-04,Low,0,Routine monitoring
3887,0.001,Low,0,Routine monitoring
3888,0.0004,Low,0,Routine monitoring
3889,0.0238,Low,0,Routine monitoring
3890,1e-04,Low,0,Routine monitoring
3891,0.3727,Medium,0,Enhanced monitoring
3892,0.0011,Low,0,Routine monitoring
3893,0.0006,Low,0,Routine monitoring
3894,0.0018,Low,0,Routine monitoring
3895,0.0048,Low,0,Routine monitoring
3896,0.0357,Low,0,Routine monitoring
3897,0.0019,Low,0,Routine monitoring
3898,0.1039,Low,0,Routine monitoring
3899,0.0003,Low,0,Routine monitoring
3900,0.0006,Low,0,Routine monitoring
3901,0.0004,Low,0,Routine monitoring
3902,0.0004,Low,0,Routine monitoring
3903,0.0018,Low,0,Routine monitoring
3904,0.001,Low,0,Routine monitoring
3905,0.0245,Low,0,Routine monitoring
3906,0.0002,Low,0,Routine monitoring
3907,1e-04,Low,0,Routine monitoring
3908,0.0008,Low,0,Routine monitoring
3909,0.0009,Low,0,Routine monitoring
3910,0.0024,Low,0,Routine monitoring
3911,0.0011,Low,0,Routine monitoring
3912,0.0124,Low,0,Routine monitoring
3913,0.007,Low,0,Routine monitoring
3914,0.0028,Low,0,Routine monitoring
3915,0.0018,Low,0,Routine monitoring
3916,0.0069,Low,0,Routine monitoring
3917,0.0004,Low,0,Routine monitoring
3918,0.0068,Low,0,Routine monitoring
3919,0.0087,Low,0,Routine monitoring
3920,0.0051,Low,0,Routine monitoring
3921,0.0038,Low,0,Routine monitoring
3922,0.0091,Low,0,Routine monitoring
3923,0.0002,Low,0,Routine monitoring
3924,1e-04,Low,0,Routine monitoring
3925,0.0117,Low,0,Routine monitoring
3926,0.0013,Low,0,Routine monitoring
3927,0.0024,Low,0,Routine monitoring
3928,0.0002,Low,0,Routine monitoring
3929,0.0008,Low,0,Routine monitoring
3930,0.0251,Low,0,Routine monitoring
3931,0.0004,Low,0,Routine monitoring
3932,0.1928,Low,0,Routine monitoring
3933,0.0035,Low,0,Routine monitoring
3934,0.0016,Low,0,Routine monitoring
3935,1e-04,Low,0,Routine monitoring
3936,0.0009,Low,0,Routine monitoring
3937,0.0195,Low,0,Routine monitoring
3938,0.0037,Low,0,Routine monitoring
3939,0.0004,Low,0,Routine monitoring
3940,0.0005,Low,0,Routine monitoring
3941,0.0003,Low,0,Routine monitoring
3942,0.0728,Low,0,Routine monitoring
3943,0.0005,Low,0,Routine monitoring
3944,0.0003,Low,0,Routine monitoring
3945,0.0005,Low,0,Routine monitoring
3946,0.0101,Low,0,Routine monitoring
3947,0.0003,Low,0,Routine monitoring
3948,0.0006,Low,0,Routine monitoring
3949,0.0002,Low,0,Routine monitoring
3950,0.0305,Low,0,Routine monitoring
3951,0.0005,Low,0,Routine monitoring
3952,0.0013,Low,0,Routine monitoring
3953,0.0017,Low,0,Routine monitoring
3954,0.0068,Low,0,Routine monitoring
3955,0.0103,Low,0,Routine monitoring
3956,0.0038,Low,0,Routine monitoring
3957,0.0002,Low,0,Routine monitoring
3958,0.0018,Low,0,Routine monitoring
3959,0.0005,Low,0,Routine monitoring
3960,0.0125,Low,0,Routine monitoring
3961,0.0015,Low,0,Routine monitoring
3962,0.0004,Low,0,Routine monitoring
3963,0.0,Low,0,Routine monitoring
3964,0.0003,Low,0,Routine monitoring
3965,0.0009,Low,0,Routine monitoring
3966,0.0219,Low,0,Routine monitoring
3967,1e-04,Low,0,Routine monitoring
3968,1e-04,Low,0,Routine monitoring
3969,0.0004,Low,0,Routine monitoring
3970,0.0004,Low,0,Routine monitoring
3971,0.0014,Low,0,Routine monitoring
3972,0.003,Low,0,Routine monitoring
3973,0.0008,Low,0,Routine monitoring
3974,0.0027,Low,0,Routine monitoring
3975,0.0007,Low,0,Routine monitoring
3976,0.0005,Low,0,Routine monitoring
3977,0.033,Low,0,Routine monitoring
3978,0.0039,Low,0,Routine monitoring
3979,0.001,Low,0,Routine monitoring
3980,0.0008,Low,0,Routine monitoring
3981,0.1678,Low,0,Routine monitoring
3982,0.0007,Low,0,Routine monitoring
3983,0.0006,Low,0,Routine monitoring
3984,0.0003,Low,0,Routine monitoring
3985,0.0009,Low,0,Routine monitoring
3986,0.0021,Low,0,Routine monitoring
3987,0.0013,Low,0,Routine monitoring
3988,0.0072,Low,0,Routine monitoring
3989,0.0524,Low,0,Routine monitoring
3990,0.0009,Low,0,Routine monitoring
3991,0.0002,Low,0,Routine monitoring
3992,0.0076,Low,0,Routine monitoring
3993,0.1872,Low,0,Routine monitoring
3994,0.0,Low,0,Routine monitoring
3995,0.0,Low,0,Routine monitoring
3996,0.0017,Low,0,Routine monitoring
3997,0.0002,Low,0,Routine monitoring
3998,0.0051,Low,0,Routine monitoring
3999,0.0248,Low,0,Routine monitoring
4000,1e-04,Low,0,Routine monitoring
4001,0.0008,Low,0,Routine monitoring
4002,0.0048,Low,0,Routine monitoring
4003,0.0025,Low,0,Routine monitoring
4004,1e-04,Low,0,Routine monitoring
4005,0.0011,Low,0,Routine monitoring
4006,0.0,Low,0,Routine monitoring
4007,1e-04,Low,0,Routine monitoring
4008,0.0009,Low,0,Routine monitoring
4009,0.0006,Low,0,Routine monitoring
4010,0.0038,Low,0,Routine monitoring
4011,0.0002,Low,0,Routine monitoring
4012,0.0005,Low,0,Routine monitoring
4013,0.0061,Low,0,Routine monitoring
4014,0.0012,Low,0,Routine monitoring
4015,0.0004,Low,0,Routine monitoring
4016,0.003,Low,0,Routine monitoring
4017,0.0002,Low,0,Routine monitoring
4018,0.0009,Low,0,Routine monitoring
4019,0.0011,Low,0,Routine monitoring
4020,0.0009,Low,0,Routine monitoring
4021,0.0004,Low,0,Routine monitoring
4022,0.0002,Low,0,Routine monitoring
4023,0.0005,Low,0,Routine monitoring
4024,0.0407,Low,0,Routine monitoring
4025,0.0769,Low,0,Routine monitoring
4026,0.1021,Low,0,Routine monitoring
4027,0.0089,Low,0,Routine monitoring
4028,0.0014,Low,0,Routine monitoring
4029,0.0007,Low,0,Routine monitoring
4030,0.0128,Low,0,Routine monitoring
4031,0.0003,Low,0,Routine monitoring
4032,0.0036,Low,0,Routine monitoring
4033,0.0066,Low,0,Routine monitoring
4034,0.0002,Low,0,Routine monitoring
4035,0.0026,Low,0,Routine monitoring
4036,0.0008,Low,0,Routine monitoring
4037,1e-04,Low,0,Routine monitoring
4038,0.0012,Low,0,Routine monitoring
4039,1e-04,Low,0,Routine monitoring
4040,0.0268,Low,0,Routine monitoring
4041,0.0011,Low,0,Routine monitoring
4042,0.0007,Low,0,Routine monitoring
4043,0.0025,Low,0,Routine monitoring
4044,0.0026,Low,0,Routine monitoring
4045,0.0002,Low,0,Routine monitoring
4046,0.0005,Low,0,Routine monitoring
4047,0.0254,Low,0,Routine monitoring
4048,0.0009,Low,0,Routine monitoring
4049,1e-04,Low,0,Routine monitoring
4050,0.0003,Low,0,Routine monitoring
4051,0.0005,Low,0,Routine monitoring
4052,0.0003,Low,0,Routine monitoring
4053,0.0107,Low,0,Routine monitoring
4054,0.0002,Low,0,Routine monitoring
4055,0.0009,Low,0,Routine monitoring
4056,0.0004,Low,0,Routine monitoring
4057,0.0018,Low,0,Routine monitoring
4058,0.0006,Low,0,Routine monitoring
4059,0.0004,Low,0,Routine monitoring
4060,0.0,Low,0,Routine monitoring
4061,0.0038,Low,0,Routine monitoring
4062,0.0054,Low,0,Routine monitoring
4063,0.0011,Low,0,Routine monitoring
4064,0.0052,Low,0,Routine monitoring
4065,0.0005,Low,0,Routine monitoring
4066,1e-04,Low,0,Routine monitoring
4067,0.0002,Low,0,Routine monitoring
4068,1e-04,Low,0,Routine monitoring
4069,0.0011,Low,0,Routine monitoring
4070,1e-04,Low,0,Routine monitoring
4071,1e-04,Low,0,Routine monitoring
4072,0.1092,Low,0,Routine monitoring
4073,0.0003,Low,0,Routine monitoring
4074,0.0,Low,0,Routine monitoring
4075,0.0002,Low,0,Routine monitoring
4076,0.0004,Low,0,Routine monitoring
4077,0.0003,Low,0,Routine monitoring
4078,0.0005,Low,0,Routine monitoring
4079,0.0005,Low,0,Routine monitoring
4080,0.0036,Low,0,Routine monitoring
4081,0.0052,Low,0,Routine monitoring
4082,0.0002,Low,0,Routine monitoring
4083,0.0006,Low,0,Routine monitoring
4084,1e-04,Low,0,Routine monitoring
4085,0.0004,Low,0,Routine monitoring
4086,0.0158,Low,0,Routine monitoring
4087,0.0063,Low,0,Routine monitoring
4088,0.0018,Low,0,Routine monitoring
4089,1e-04,Low,0,Routine monitoring
4090,0.0008,Low,0,Routine monitoring
4091,1e-04,Low,0,Routine monitoring
4092,0.0003,Low,0,Routine monitoring
4093,0.0004,Low,0,Routine monitoring
4094,0.002,Low,0,Routine monitoring
4095,0.0,Low,0,Routine monitoring
4096,0.001,Low,0,Routine monitoring
4097,0.0011,Low,0,Routine monitoring
4098,0.0022,Low,0,Routine monitoring
4099,0.3038,Low,0,Routine monitoring
4100,0.0,Low,0,Routine monitoring
4101,0.0003,Low,0,Routine monitoring
4102,0.0032,Low,0,Routine monitoring
4103,1e-04,Low,0,Routine monitoring
4104,0.0024,Low,0,Routine monitoring
4105,0.0023,Low,0,Routine monitoring
4106,0.0003,Low,0,Routine monitoring
4107,1e-04,Low,0,Routine monitoring
4108,0.0004,Low,0,Routine monitoring
4109,0.0027,Low,0,Routine monitoring
4110,0.0016,Low,0,Routine monitoring
4111,0.0043,Low,0,Routine monitoring
4112,0.0003,Low,0,Routine monitoring
4113,0.0004,Low,0,Routine monitoring
4114,0.0006,Low,0,Routine monitoring
4115,1e-04,Low,0,Routine monitoring
4116,0.0006,Low,0,Routine monitoring
4117,0.0,Low,0,Routine monitoring
4118,0.0002,Low,0,Routine monitoring
4119,0.0007,Low,0,Routine monitoring
4120,1e-04,Low,0,Routine monitoring
4121,1e-04,Low,0,Routine monitoring
4122,1e-04,Low,0,Routine monitoring
4123,0.1444,Low,0,Routine monitoring
4124,0.0033,Low,0,Routine monitoring
4125,0.0003,Low,0,Routine monitoring
4126,0.1249,Low,0,Routine monitoring
4127,0.0013,Low,0,Routine monitoring
4128,1e-04,Low,0,Routine monitoring
4129,0.0004,Low,0,Routine monitoring
4130,1e-04,Low,0,Routine monitoring
4131,0.0208,Low,0,Routine monitoring
4132,0.0261,Low,0,Routine monitoring
4133,0.0082,Low,0,Routine monitoring
4134,0.0002,Low,0,Routine monitoring
4135,0.0116,Low,0,Routine monitoring
4136,0.0081,Low,0,Routine monitoring
4137,0.0004,Low,0,Routine monitoring
4138,0.0005,Low,0,Routine monitoring
4139,0.0066,Low,0,Routine monitoring
4140,1e-04,Low,0,Routine monitoring
4141,0.0019,Low,0,Routine monitoring
4142,0.0005,Low,0,Routine monitoring
4143,0.0012,Low,0,Routine monitoring
4144,0.0008,Low,0,Routine monitoring
4145,0.0156,Low,0,Routine monitoring
4146,0.0073,Low,0,Routine monitoring
4147,0.0006,Low,0,Routine monitoring
4148,0.0002,Low,0,Routine monitoring
4149,0.0009,Low,0,Routine monitoring
4150,0.0066,Low,0,Routine monitoring
4151,0.0192,Low,0,Routine monitoring
4152,0.047,Low,0,Routine monitoring
4153,0.0081,Low,0,Routine monitoring
4154,0.0055,Low,0,Routine monitoring
4155,0.0004,Low,0,Routine monitoring
4156,0.0044,Low,0,Routine monitoring
4157,0.0133,Low,0,Routine monitoring
4158,1e-04,Low,0,Routine monitoring
4159,0.0011,Low,0,Routine monitoring
4160,0.0003,Low,0,Routine monitoring
4161,0.0007,Low,0,Routine monitoring
4162,0.0,Low,0,Routine monitoring
4163,0.0604,Low,0,Routine monitoring
4164,0.0035,Low,0,Routine monitoring
4165,0.0072,Low,0,Routine monitoring
4166,0.0027,Low,0,Routine monitoring
4167,0.0029,Low,0,Routine monitoring
4168,0.0006,Low,0,Routine monitoring
4169,1e-04,Low,0,Routine monitoring
4170,0.0019,Low,0,Routine monitoring
4171,0.0056,Low,0,Routine monitoring
4172,0.0026,Low,0,Routine monitoring
4173,0.0003,Low,0,Routine monitoring
4174,0.0,Low,0,Routine monitoring
4175,0.0163,Low,0,Routine monitoring
4176,0.0013,Low,0,Routine monitoring
4177,0.0839,Low,0,Routine monitoring
4178,0.0033,Low,0,Routine monitoring
4179,0.007,Low,0,Routine monitoring
4180,0.0433,Low,0,Routine monitoring
4181,0.0019,Low,0,Routine monitoring
4182,0.0345,Low,0,Routine monitoring
4183,0.0009,Low,0,Routine monitoring
4184,0.0087,Low,0,Routine monitoring
4185,0.069,Low,0,Routine monitoring
4186,0.0008,Low,0,Routine monitoring
4187,0.0024,Low,0,Routine monitoring
4188,0.0015,Low,0,Routine monitoring
4189,0.0258,Low,0,Routine monitoring
4190,0.0198,Low,0,Routine monitoring
4191,0.0003,Low,0,Routine monitoring
4192,0.0786,Low,0,Routine monitoring
4193,0.0023,Low,0,Routine monitoring
4194,0.0024,Low,0,Routine monitoring
4195,0.0167,Low,0,Routine monitoring
4196,0.0024,Low,0,Routine monitoring
4197,0.0047,Low,0,Routine monitoring
4198,0.0004,Low,0,Routine monitoring
4199,0.0002,Low,0,Routine monitoring
4200,0.0007,Low,0,Routine monitoring
4201,0.0008,Low,0,Routine monitoring
4202,0.0005,Low,0,Routine monitoring
4203,0.0,Low,0,Routine monitoring
4204,0.0066,Low,0,Routine monitoring
4205,0.0002,Low,0,Routine monitoring
4206,0.0004,Low,0,Routine monitoring
4207,0.0026,Low,0,Routine monitoring
4208,0.0033,Low,0,Routine monitoring
4209,0.0007,Low,0,Routine monitoring
4210,0.0048,Low,0,Routine monitoring
4211,0.0005,Low,0,Routine monitoring
4212,0.0048,Low,0,Routine monitoring
4213,0.0039,Low,0,Routine monitoring
4214,0.0012,Low,0,Routine monitoring
4215,0.0022,Low,0,Routine monitoring
4216,0.0039,Low,0,Routine monitoring
4217,0.0015,Low,0,Routine monitoring
4218,0.0338,Low,0,Routine monitoring
4219,0.0133,Low,0,Routine monitoring
4220,0.0159,Low,0,Routine monitoring
4221,0.0064,Low,0,Routine monitoring
4222,0.0019,Low,0,Routine monitoring
4223,0.1007,Low,0,Routine monitoring
4224,0.0771,Low,0,Routine monitoring
4225,1e-04,Low,0,Routine monitoring
4226,0.001,Low,0,Routine monitoring
4227,0.0054,Low,0,Routine monitoring
4228,0.0005,Low,0,Routine monitoring
4229,0.0009,Low,0,Routine monitoring
4230,0.0015,Low,0,Routine monitoring
4231,0.0014,Low,0,Routine monitoring
4232,0.0005,Low,0,Routine monitoring
4233,0.0005,Low,0,Routine monitoring
4234,0.0036,Low,0,Routine monitoring
4235,0.0025,Low,0,Routine monitoring
4236,0.001,Low,0,Routine monitoring
4237,1e-04,Low,0,Routine monitoring
4238,0.0014,Low,0,Routine monitoring
4239,0.0025,Low,0,Routine monitoring
4240,0.0002,Low,0,Routine monitoring
4241,1e-04,Low,0,Routine monitoring
4242,1e-04,Low,0,Routine monitoring
4243,0.0075,Low,0,Routine monitoring
4244,0.0003,Low,0,Routine monitoring
4245,0.0006,Low,0,Routine monitoring
4246,0.0072,Low,0,Routine monitoring
4247,0.0028,Low,0,Routine monitoring
4248,0.2367,Low,0,Routine monitoring
4249,0.0032,Low,0,Routine monitoring
4250,0.0795,Low,0,Routine monitoring
4251,0.0006,Low,0,Routine monitoring
4252,0.0035,Low,0,Routine monitoring
4253,0.0007,Low,0,Routine monitoring
4254,0.0008,Low,0,Routine monitoring
4255,0.0009,Low,0,Routine monitoring
4256,0.0005,Low,0,Routine monitoring
4257,0.001,Low,0,Routine monitoring
4258,0.0018,Low,0,Routine monitoring
4259,0.0022,Low,0,Routine monitoring
4260,0.0028,Low,0,Routine monitoring
4261,0.0016,Low,0,Routine monitoring
4262,0.001,Low,0,Routine monitoring
4263,0.0025,Low,0,Routine monitoring
4264,0.0006,Low,0,Routine monitoring
4265,0.0068,Low,0,Routine monitoring
4266,0.0047,Low,0,Routine monitoring
4267,0.0007,Low,0,Routine monitoring
4268,1e-04,Low,0,Routine monitoring
4269,0.0014,Low,0,Routine monitoring
4270,0.0002,Low,0,Routine monitoring
4271,0.0011,Low,0,Routine monitoring
4272,1e-04,Low,0,Routine monitoring
4273,0.0005,Low,0,Routine monitoring
4274,0.0037,Low,0,Routine monitoring
4275,0.0003,Low,0,Routine monitoring
4276,0.0128,Low,0,Routine monitoring
4277,0.0007,Low,0,Routine monitoring
4278,0.0014,Low,0,Routine monitoring
4279,0.0031,Low,0,Routine monitoring
4280,0.0005,Low,0,Routine monitoring
4281,0.0012,Low,0,Routine monitoring
4282,0.0006,Low,0,Routine monitoring
4283,0.0002,Low,0,Routine monitoring
4284,1e-04,Low,0,Routine monitoring
4285,0.0002,Low,0,Routine monitoring
4286,0.001,Low,0,Routine monitoring
4287,0.001,Low,0,Routine monitoring
4288,0.0011,Low,0,Routine monitoring
4289,0.0,Low,0,Routine monitoring
4290,0.0021,Low,0,Routine monitoring
4291,0.0009,Low,0,Routine monitoring
4292,0.0177,Low,0,Routine monitoring
4293,1e-04,Low,0,Routine monitoring
4294,0.0051,Low,0,Routine monitoring
4295,0.0034,Low,0,Routine monitoring
4296,0.0006,Low,0,Routine monitoring
4297,0.0014,Low,0,Routine monitoring
4298,0.0589,Low,0,Routine monitoring
4299,0.0013,Low,0,Routine monitoring
4300,0.0005,Low,0,Routine monitoring
4301,1e-04,Low,0,Routine monitoring
4302,0.0015,Low,0,Routine monitoring
4303,0.0004,Low,0,Routine monitoring
4304,0.1074,Low,0,Routine monitoring
4305,0.0019,Low,0,Routine monitoring
4306,0.0009,Low,0,Routine monitoring
4307,0.0129,Low,0,Routine monitoring
4308,0.0067,Low,0,Routine monitoring
4309,0.0054,Low,0,Routine monitoring
4310,0.0036,Low,0,Routine monitoring
4311,0.004,Low,0,Routine monitoring
4312,0.0,Low,0,Routine monitoring
4313,0.0168,Low,0,Routine monitoring
4314,0.0007,Low,0,Routine monitoring
4315,0.0201,Low,0,Routine monitoring
4316,0.0017,Low,0,Routine monitoring
4317,0.0007,Low,0,Routine monitoring
4318,0.0052,Low,0,Routine monitoring
4319,0.0005,Low,0,Routine monitoring
4320,0.1228,Low,0,Routine monitoring
4321,0.0038,Low,0,Routine monitoring
4322,0.0005,Low,0,Routine monitoring
4323,0.0114,Low,0,Routine monitoring
4324,0.0021,Low,0,Routine monitoring
4325,1e-04,Low,0,Routine monitoring
4326,0.0161,Low,0,Routine monitoring
4327,0.0003,Low,0,Routine monitoring
4328,0.0033,Low,0,Routine monitoring
4329,0.001,Low,0,Routine monitoring
4330,0.0003,Low,0,Routine monitoring
4331,0.0077,Low,0,Routine monitoring
4332,0.0003,Low,0,Routine monitoring
4333,0.0008,Low,0,Routine monitoring
4334,0.0002,Low,0,Routine monitoring
4335,0.0003,Low,0,Routine monitoring
4336,0.0067,Low,0,Routine monitoring
4337,0.0002,Low,0,Routine monitoring
4338,0.0238,Low,0,Routine monitoring
4339,0.0003,Low,0,Routine monitoring
4340,0.0,Low,0,Routine monitoring
4341,0.0005,Low,0,Routine monitoring
4342,0.0139,Low,0,Routine monitoring
4343,0.0004,Low,0,Routine monitoring
4344,1e-04,Low,0,Routine monitoring
4345,0.0002,Low,0,Routine monitoring
4346,0.0002,Low,0,Routine monitoring
4347,0.0014,Low,0,Routine monitoring
4348,0.0041,Low,0,Routine monitoring
4349,0.0356,Low,0,Routine monitoring
4350,0.0009,Low,0,Routine monitoring
4351,1e-04,Low,0,Routine monitoring
4352,0.0101,Low,0,Routine monitoring
4353,0.0041,Low,0,Routine monitoring
4354,0.0007,Low,0,Routine monitoring
4355,0.0011,Low,0,Routine monitoring
4356,0.009,Low,0,Routine monitoring
4357,0.0012,Low,0,Routine monitoring
4358,0.0033,Low,0,Routine monitoring
4359,0.0005,Low,0,Routine monitoring
4360,0.0002,Low,0,Routine monitoring
4361,1e-04,Low,0,Routine monitoring
4362,0.0002,Low,0,Routine monitoring
4363,0.0011,Low,0,Routine monitoring
4364,0.0005,Low,0,Routine monitoring
4365,0.0193,Low,0,Routine monitoring
4366,0.0003,Low,0,Routine monitoring
4367,0.0004,Low,0,Routine monitoring
4368,0.0017,Low,0,Routine monitoring
4369,0.0025,Low,0,Routine monitoring
4370,0.0036,Low,0,Routine monitoring
4371,0.0003,Low,0,Routine monitoring
4372,0.0004,Low,0,Routine monitoring
4373,0.0005,Low,0,Routine monitoring
4374,0.0055,Low,0,Routine monitoring
4375,0.0022,Low,0,Routine monitoring
4376,0.5929,High,0,Analyst investigation
4377,0.0018,Low,0,Routine monitoring
4378,1e-04,Low,0,Routine monitoring
4379,0.0005,Low,0,Routine monitoring
4380,0.0049,Low,0,Routine monitoring
4381,0.0013,Low,0,Routine monitoring
4382,0.0123,Low,0,Routine monitoring
4383,0.0002,Low,0,Routine monitoring
4384,0.0016,Low,0,Routine monitoring
4385,0.0009,Low,0,Routine monitoring
4386,0.0002,Low,0,Routine monitoring
4387,0.0101,Low,0,Routine monitoring
4388,1e-04,Low,0,Routine monitoring
4389,0.0408,Low,0,Routine monitoring
4390,1e-04,Low,0,Routine monitoring
4391,0.0002,Low,0,Routine monitoring
4392,1e-04,Low,0,Routine monitoring
4393,1e-04,Low,0,Routine monitoring
4394,0.0006,Low,0,Routine monitoring
4395,0.0122,Low,0,Routine monitoring
4396,0.0007,Low,0,Routine monitoring
4397,0.0006,Low,0,Routine monitoring
4398,0.0006,Low,0,Routine monitoring
4399,0.0039,Low,0,Routine monitoring
4400,0.0017,Low,0,Routine monitoring
4401,0.001,Low,0,Routine monitoring
4402,0.0003,Low,0,Routine monitoring
4403,0.0013,Low,0,Routine monitoring
4404,0.0002,Low,0,Routine monitoring
4405,0.0242,Low,0,Routine monitoring
4406,0.0006,Low,0,Routine monitoring
4407,0.0049,Low,0,Routine monitoring
4408,0.0026,Low,0,Routine monitoring
4409,0.0005,Low,0,Routine monitoring
4410,0.0029,Low,0,Routine monitoring
4411,0.002,Low,0,Routine monitoring
4412,1e-04,Low,0,Routine monitoring
4413,0.0116,Low,0,Routine monitoring
4414,0.0013,Low,0,Routine monitoring
4415,0.0007,Low,0,Routine monitoring
4416,0.0006,Low,0,Routine monitoring
4417,0.0023,Low,0,Routine monitoring
4418,0.0049,Low,0,Routine monitoring
4419,0.0004,Low,0,Routine monitoring
4420,0.005,Low,0,Routine monitoring
4421,1e-04,Low,0,Routine monitoring
4422,0.0094,Low,0,Routine monitoring
4423,0.0024,Low,0,Routine monitoring
4424,0.0015,Low,0,Routine monitoring
4425,0.0133,Low,0,Routine monitoring
4426,0.0005,Low,0,Routine monitoring
4427,0.0009,Low,0,Routine monitoring
4428,0.0044,Low,0,Routine monitoring
4429,0.0027,Low,0,Routine monitoring
4430,0.0011,Low,0,Routine monitoring
4431,0.0229,Low,0,Routine monitoring
4432,0.0047,Low,0,Routine monitoring
4433,0.001,Low,0,Routine monitoring
4434,0.0009,Low,0,Routine monitoring
4435,0.0095,Low,0,Routine monitoring
4436,0.2009,Low,0,Routine monitoring
4437,0.0086,Low,0,Routine monitoring
4438,0.0005,Low,0,Routine monitoring
4439,0.0006,Low,0,Routine monitoring
4440,0.0131,Low,0,Routine monitoring
4441,0.0003,Low,0,Routine monitoring
4442,0.0003,Low,0,Routine monitoring
4443,0.0292,Low,0,Routine monitoring
4444,0.0013,Low,0,Routine monitoring
4445,0.0029,Low,0,Routine monitoring
4446,0.0011,Low,0,Routine monitoring
4447,0.0003,Low,0,Routine monitoring
4448,0.0009,Low,0,Routine monitoring
4449,0.0005,Low,0,Routine monitoring
4450,0.0003,Low,0,Routine monitoring
4451,0.0014,Low,0,Routine monitoring
4452,0.0101,Low,0,Routine monitoring
4453,0.0007,Low,0,Routine monitoring
4454,0.0011,Low,0,Routine monitoring
4455,0.0009,Low,0,Routine monitoring
4456,0.0014,Low,0,Routine monitoring
4457,0.0175,Low,0,Routine monitoring
4458,0.0187,Low,0,Routine monitoring
4459,0.0005,Low,0,Routine monitoring
4460,0.0013,Low,0,Routine monitoring
4461,0.0095,Low,0,Routine monitoring
4462,0.0123,Low,0,Routine monitoring
4463,0.0006,Low,0,Routine monitoring
4464,0.0005,Low,0,Routine monitoring
4465,1e-04,Low,0,Routine monitoring
4466,0.0393,Low,0,Routine monitoring
4467,0.0024,Low,0,Routine monitoring
4468,0.0007,Low,0,Routine monitoring
4469,0.0051,Low,0,Routine monitoring
4470,0.0004,Low,0,Routine monitoring
4471,0.0014,Low,0,Routine monitoring
4472,0.0005,Low,0,Routine monitoring
4473,0.0005,Low,0,Routine monitoring
4474,0.0028,Low,0,Routine monitoring
4475,0.0165,Low,0,Routine monitoring
4476,0.0033,Low,0,Routine monitoring
4477,0.0046,Low,0,Routine monitoring
4478,0.0004,Low,0,Routine monitoring
4479,0.0084,Low,0,Routine monitoring
4480,0.0045,Low,0,Routine monitoring
4481,0.0013,Low,0,Routine monitoring
4482,0.16,Low,0,Routine monitoring
4483,0.0033,Low,0,Routine monitoring
4484,0.0005,Low,0,Routine monitoring
4485,0.0002,Low,0,Routine monitoring
4486,0.0018,Low,0,Routine monitoring
4487,0.0013,Low,0,Routine monitoring
4488,0.0084,Low,0,Routine monitoring
4489,0.001,Low,0,Routine monitoring
4490,0.0018,Low,0,Routine monitoring
4491,0.0042,Low,0,Routine monitoring
4492,0.0009,Low,0,Routine monitoring
4493,0.0003,Low,0,Routine monitoring
4494,0.0006,Low,0,Routine monitoring
4495,0.0238,Low,0,Routine monitoring
4496,0.0004,Low,0,Routine monitoring
4497,0.0069,Low,0,Routine monitoring
4498,0.0175,Low,0,Routine monitoring
4499,0.0017,Low,0,Routine monitoring
4500,0.0005,Low,0,Routine monitoring
4501,0.0004,Low,0,Routine monitoring
4502,0.0432,Low,0,Routine monitoring
4503,0.0016,Low,0,Routine monitoring
4504,0.0073,Low,0,Routine monitoring
4505,0.0154,Low,0,Routine monitoring
4506,0.0011,Low,0,Routine monitoring
4507,0.0008,Low,0,Routine monitoring
4508,0.0006,Low,0,Routine monitoring
4509,0.0321,Low,0,Routine monitoring
4510,0.0021,Low,0,Routine monitoring
4511,0.0007,Low,0,Routine monitoring
4512,0.0146,Low,0,Routine monitoring
4513,0.7468,High,0,Analyst investigation
4514,0.0002,Low,0,Routine monitoring
4515,0.0002,Low,0,Routine monitoring
4516,0.0003,Low,0,Routine monitoring
4517,0.0048,Low,0,Routine monitoring
4518,0.0003,Low,0,Routine monitoring
4519,0.0063,Low,0,Routine monitoring
4520,0.0115,Low,0,Routine monitoring
4521,0.0018,Low,0,Routine monitoring
4522,0.0087,Low,0,Routine monitoring
4523,0.0099,Low,0,Routine monitoring
4524,0.0058,Low,0,Routine monitoring
4525,0.001,Low,0,Routine monitoring
4526,0.0034,Low,0,Routine monitoring
4527,0.0017,Low,0,Routine monitoring
4528,0.0005,Low,0,Routine monitoring
4529,0.0745,Low,0,Routine monitoring
4530,0.0011,Low,0,Routine monitoring
4531,0.0007,Low,0,Routine monitoring
4532,0.0008,Low,0,Routine monitoring
4533,0.0005,Low,0,Routine monitoring
4534,0.0023,Low,0,Routine monitoring
4535,0.0002,Low,0,Routine monitoring
4536,0.0016,Low,0,Routine monitoring
4537,0.0004,Low,0,Routine monitoring
4538,0.0005,Low,0,Routine monitoring
4539,0.0012,Low,0,Routine monitoring
4540,0.0012,Low,0,Routine monitoring
4541,0.0065,Low,0,Routine monitoring
4542,0.0201,Low,0,Routine monitoring
4543,0.0017,Low,0,Routine monitoring
4544,0.0025,Low,0,Routine monitoring
4545,0.0229,Low,0,Routine monitoring
4546,0.0088,Low,0,Routine monitoring
4547,0.0008,Low,0,Routine monitoring
4548,0.0086,Low,0,Routine monitoring
4549,0.0107,Low,0,Routine monitoring
4550,0.0005,Low,0,Routine monitoring
4551,0.0007,Low,0,Routine monitoring
4552,0.0052,Low,0,Routine monitoring
4553,0.0043,Low,0,Routine monitoring
4554,0.0085,Low,0,Routine monitoring
4555,0.0006,Low,0,Routine monitoring
4556,0.0014,Low,0,Routine monitoring
4557,0.0099,Low,0,Routine monitoring
4558,0.0006,Low,0,Routine monitoring
4559,0.0002,Low,0,Routine monitoring
4560,0.0012,Low,0,Routine monitoring
4561,0.0015,Low,0,Routine monitoring
4562,0.0033,Low,0,Routine monitoring
4563,0.0466,Low,0,Routine monitoring
4564,0.0406,Low,0,Routine monitoring
4565,0.0068,Low,0,Routine monitoring
4566,0.0588,Low,0,Routine monitoring
4567,0.0111,Low,0,Routine monitoring
4568,0.0039,Low,0,Routine monitoring
4569,0.0023,Low,0,Routine monitoring
4570,0.0046,Low,0,Routine monitoring
4571,0.014,Low,0,Routine monitoring
4572,0.0025,Low,0,Routine monitoring
4573,0.0006,Low,0,Routine monitoring
4574,0.0079,Low,0,Routine monitoring
4575,1e-04,Low,0,Routine monitoring
4576,0.0055,Low,0,Routine monitoring
4577,0.0003,Low,0,Routine monitoring
4578,0.0036,Low,0,Routine monitoring
4579,0.0008,Low,0,Routine monitoring
4580,0.0017,Low,0,Routine monitoring
4581,0.0012,Low,0,Routine monitoring
4582,0.0007,Low,0,Routine monitoring
4583,0.0024,Low,0,Routine monitoring
4584,0.0014,Low,0,Routine monitoring
4585,0.0056,Low,0,Routine monitoring
4586,0.0071,Low,0,Routine monitoring
4587,0.0038,Low,0,Routine monitoring
4588,0.0149,Low,0,Routine monitoring
4589,0.0011,Low,0,Routine monitoring
4590,0.0003,Low,0,Routine monitoring
4591,0.0009,Low,0,Routine monitoring
4592,0.0003,Low,0,Routine monitoring
4593,0.0003,Low,0,Routine monitoring
4594,0.0094,Low,0,Routine monitoring
4595,0.0012,Low,0,Routine monitoring
4596,0.0087,Low,0,Routine monitoring
4597,0.0109,Low,0,Routine monitoring
4598,0.0431,Low,0,Routine monitoring
4599,0.0039,Low,0,Routine monitoring
4600,0.0081,Low,0,Routine monitoring
4601,0.0046,Low,0,Routine monitoring
4602,0.0023,Low,0,Routine monitoring
4603,0.0016,Low,0,Routine monitoring
4604,0.0055,Low,0,Routine monitoring
4605,0.0014,Low,0,Routine monitoring
4606,0.0033,Low,0,Routine monitoring
4607,0.001,Low,0,Routine monitoring
4608,0.0098,Low,0,Routine monitoring
4609,0.0002,Low,0,Routine monitoring
4610,0.0008,Low,0,Routine monitoring
4611,0.0022,Low,0,Routine monitoring
4612,0.0007,Low,0,Routine monitoring
4613,0.0141,Low,0,Routine monitoring
4614,0.0055,Low,0,Routine monitoring
4615,0.0002,Low,0,Routine monitoring
4616,0.002,Low,0,Routine monitoring
4617,0.0005,Low,0,Routine monitoring
4618,0.0005,Low,0,Routine monitoring
4619,1e-04,Low,0,Routine monitoring
4620,0.0458,Low,0,Routine monitoring
4621,0.2825,Low,0,Routine monitoring
4622,0.321,Low,0,Routine monitoring
4623,1e-04,Low,0,Routine monitoring
4624,0.043,Low,0,Routine monitoring
4625,0.0006,Low,0,Routine monitoring
4626,0.0003,Low,0,Routine monitoring
4627,0.0005,Low,0,Routine monitoring
4628,0.0143,Low,0,Routine monitoring
4629,0.0007,Low,0,Routine monitoring
4630,0.0003,Low,0,Routine monitoring
4631,0.0039,Low,0,Routine monitoring
4632,0.0057,Low,0,Routine monitoring
4633,0.0089,Low,0,Routine monitoring
4634,0.0019,Low,0,Routine monitoring
4635,0.0013,Low,0,Routine monitoring
4636,0.0005,Low,0,Routine monitoring
4637,1e-04,Low,0,Routine monitoring
4638,0.0041,Low,0,Routine monitoring
4639,0.0003,Low,0,Routine monitoring
4640,0.0071,Low,0,Routine monitoring
4641,0.0019,Low,0,Routine monitoring
4642,0.0006,Low,0,Routine monitoring
4643,0.0004,Low,0,Routine monitoring
4644,0.0016,Low,0,Routine monitoring
4645,0.0063,Low,0,Routine monitoring
4646,0.0009,Low,0,Routine monitoring
4647,0.0019,Low,0,Routine monitoring
4648,0.0004,Low,0,Routine monitoring
4649,0.0022,Low,0,Routine monitoring
4650,0.0003,Low,0,Routine monitoring
4651,0.0013,Low,0,Routine monitoring
4652,0.0007,Low,0,Routine monitoring
4653,0.0008,Low,0,Routine monitoring
4654,0.0002,Low,0,Routine monitoring
4655,0.0015,Low,0,Routine monitoring
4656,0.0006,Low,0,Routine monitoring
4657,0.0004,Low,0,Routine monitoring
4658,0.003,Low,0,Routine monitoring
4659,0.0003,Low,0,Routine monitoring
4660,0.0099,Low,0,Routine monitoring
4661,0.0008,Low,0,Routine monitoring
4662,0.0016,Low,0,Routine monitoring
4663,0.0007,Low,0,Routine monitoring
4664,0.0005,Low,0,Routine monitoring
4665,0.0024,Low,0,Routine monitoring
4666,0.0,Low,0,Routine monitoring
4667,0.0022,Low,0,Routine monitoring
4668,1e-04,Low,0,Routine monitoring
4669,0.0007,Low,0,Routine monitoring
4670,0.0004,Low,0,Routine monitoring
4671,0.0068,Low,0,Routine monitoring
4672,0.015,Low,0,Routine monitoring
4673,0.0054,Low,0,Routine monitoring
4674,0.0027,Low,0,Routine monitoring
4675,0.0107,Low,0,Routine monitoring
4676,0.0071,Low,0,Routine monitoring
4677,0.0005,Low,0,Routine monitoring
4678,1e-04,Low,0,Routine monitoring
4679,0.0003,Low,0,Routine monitoring
4680,0.0003,Low,0,Routine monitoring
4681,0.0003,Low,0,Routine monitoring
4682,0.0028,Low,0,Routine monitoring
4683,0.0005,Low,0,Routine monitoring
4684,0.0008,Low,0,Routine monitoring
4685,0.0005,Low,0,Routine monitoring
4686,0.0007,Low,0,Routine monitoring
4687,0.0016,Low,0,Routine monitoring
4688,0.007,Low,0,Routine monitoring
4689,0.0014,Low,0,Routine monitoring
4690,0.0255,Low,0,Routine monitoring
4691,0.0004,Low,0,Routine monitoring
4692,0.0,Low,0,Routine monitoring
4693,0.0014,Low,0,Routine monitoring
4694,0.0007,Low,0,Routine monitoring
4695,0.0008,Low,0,Routine monitoring
4696,0.0017,Low,0,Routine monitoring
4697,1e-04,Low,0,Routine monitoring
4698,0.0015,Low,0,Routine monitoring
4699,0.0007,Low,0,Routine monitoring
4700,0.0,Low,0,Routine monitoring
4701,0.0015,Low,0,Routine monitoring
4702,0.0037,Low,0,Routine monitoring
4703,0.0015,Low,0,Routine monitoring
4704,0.0006,Low,0,Routine monitoring
4705,1e-04,Low,0,Routine monitoring
4706,0.0909,Low,0,Routine monitoring
4707,0.0045,Low,0,Routine monitoring
4708,0.002,Low,0,Routine monitoring
4709,0.0002,Low,0,Routine monitoring
4710,0.0,Low,0,Routine monitoring
4711,0.0002,Low,0,Routine monitoring
4712,1e-04,Low,0,Routine monitoring
4713,0.0002,Low,0,Routine monitoring
4714,0.0011,Low,0,Routine monitoring
4715,0.003,Low,0,Routine monitoring
4716,0.0011,Low,0,Routine monitoring
4717,0.001,Low,0,Routine monitoring
4718,0.0,Low,0,Routine monitoring
4719,1e-04,Low,0,Routine monitoring
4720,1e-04,Low,0,Routine monitoring
4721,0.001,Low,0,Routine monitoring
4722,0.0003,Low,0,Routine monitoring
4723,0.0024,Low,0,Routine monitoring
4724,0.0009,Low,0,Routine monitoring
4725,1e-04,Low,0,Routine monitoring
4726,0.0012,Low,0,Routine monitoring
4727,0.0019,Low,0,Routine monitoring
4728,0.0012,Low,0,Routine monitoring
4729,0.0003,Low,0,Routine monitoring
4730,0.0025,Low,0,Routine monitoring
4731,1e-04,Low,0,Routine monitoring
4732,1e-04,Low,0,Routine monitoring
4733,0.0004,Low,0,Routine monitoring
4734,0.0,Low,0,Routine monitoring
4735,0.0005,Low,0,Routine monitoring
4736,0.0008,Low,0,Routine monitoring
4737,1e-04,Low,0,Routine monitoring
4738,1e-04,Low,0,Routine monitoring
4739,1e-04,Low,0,Routine monitoring
4740,0.0002,Low,0,Routine monitoring
4741,1e-04,Low,0,Routine monitoring
4742,0.0002,Low,0,Routine monitoring
4743,0.0,Low,0,Routine monitoring
4744,1e-04,Low,0,Routine monitoring
4745,0.0005,Low,0,Routine monitoring
4746,0.0028,Low,0,Routine monitoring
4747,0.0025,Low,0,Routine monitoring
4748,0.0005,Low,0,Routine monitoring
4749,0.0138,Low,0,Routine monitoring
4750,0.0125,Low,0,Routine monitoring
4751,0.0003,Low,0,Routine monitoring
4752,0.0004,Low,0,Routine monitoring
4753,1e-04,Low,0,Routine monitoring
4754,0.0026,Low,0,Routine monitoring
4755,0.0004,Low,0,Routine monitoring
4756,0.0005,Low,0,Routine monitoring
4757,0.0078,Low,0,Routine monitoring
4758,0.003,Low,0,Routine monitoring
4759,0.0003,Low,0,Routine monitoring
4760,0.0033,Low,0,Routine monitoring
4761,0.0031,Low,0,Routine monitoring
4762,0.0002,Low,0,Routine monitoring
4763,0.0091,Low,0,Routine monitoring
4764,0.0158,Low,0,Routine monitoring
4765,0.0008,Low,0,Routine monitoring
4766,0.0015,Low,0,Routine monitoring
4767,0.0002,Low,0,Routine monitoring
4768,0.002,Low,0,Routine monitoring
4769,0.0056,Low,0,Routine monitoring
4770,1e-04,Low,0,Routine monitoring
4771,0.003,Low,0,Routine monitoring
4772,0.0003,Low,0,Routine monitoring
4773,1e-04,Low,0,Routine monitoring
4774,0.0,Low,0,Routine monitoring
4775,0.0002,Low,0,Routine monitoring
4776,0.0,Low,0,Routine monitoring
4777,1e-04,Low,0,Routine monitoring
4778,0.011,Low,0,Routine monitoring
4779,1e-04,Low,0,Routine monitoring
4780,0.0012,Low,0,Routine monitoring
4781,1e-04,Low,0,Routine monitoring
4782,0.0007,Low,0,Routine monitoring
4783,0.0005,Low,0,Routine monitoring
4784,0.0015,Low,0,Routine monitoring
4785,0.0099,Low,0,Routine monitoring
4786,1e-04,Low,0,Routine monitoring
4787,0.002,Low,0,Routine monitoring
4788,0.0086,Low,0,Routine monitoring
4789,1e-04,Low,0,Routine monitoring
4790,0.0028,Low,0,Routine monitoring
4791,0.0006,Low,0,Routine monitoring
4792,0.0081,Low,0,Routine monitoring
4793,0.0004,Low,0,Routine monitoring
4794,0.0007,Low,0,Routine monitoring
4795,0.0,Low,0,Routine monitoring
4796,0.0013,Low,0,Routine monitoring
4797,0.0007,Low,0,Routine monitoring
4798,0.0005,Low,0,Routine monitoring
4799,0.0016,Low,0,Routine monitoring
4800,0.001,Low,0,Routine monitoring
4801,0.0011,Low,0,Routine monitoring
4802,0.0023,Low,0,Routine monitoring
4803,0.0034,Low,0,Routine monitoring
4804,0.0003,Low,0,Routine monitoring
4805,0.0003,Low,0,Routine monitoring
4806,0.001,Low,0,Routine monitoring
4807,1e-04,Low,0,Routine monitoring
4808,0.0003,Low,0,Routine monitoring
4809,0.0014,Low,0,Routine monitoring
4810,0.0011,Low,0,Routine monitoring
4811,1e-04,Low,0,Routine monitoring
4812,1e-04,Low,0,Routine monitoring
4813,0.0005,Low,0,Routine monitoring
4814,0.0009,Low,0,Routine monitoring
4815,0.0,Low,0,Routine monitoring
4816,0.0007,Low,0,Routine monitoring
4817,0.0005,Low,0,Routine monitoring
4818,0.0042,Low,0,Routine monitoring
4819,0.0023,Low,0,Routine monitoring
4820,0.0002,Low,0,Routine monitoring
4821,1e-04,Low,0,Routine monitoring
4822,1e-04,Low,0,Routine monitoring
4823,1e-04,Low,0,Routine monitoring
4824,0.0028,Low,0,Routine monitoring
4825,0.0103,Low,0,Routine monitoring
4826,0.0003,Low,0,Routine monitoring
4827,0.0002,Low,0,Routine monitoring
4828,0.001,Low,0,Routine monitoring
4829,1e-04,Low,0,Routine monitoring
4830,0.0059,Low,0,Routine monitoring
4831,0.0057,Low,0,Routine monitoring
4832,1e-04,Low,0,Routine monitoring
4833,0.0022,Low,0,Routine monitoring
4834,0.0006,Low,0,Routine monitoring
4835,0.0014,Low,0,Routine monitoring
4836,0.0004,Low,0,Routine monitoring
4837,0.0012,Low,0,Routine monitoring
4838,1e-04,Low,0,Routine monitoring
4839,0.0025,Low,0,Routine monitoring
4840,0.0005,Low,0,Routine monitoring
4841,0.0003,Low,0,Routine monitoring
4842,0.0005,Low,0,Routine monitoring
4843,0.0002,Low,0,Routine monitoring
4844,0.0003,Low,0,Routine monitoring
4845,0.0006,Low,0,Routine monitoring
4846,0.0004,Low,0,Routine monitoring
4847,0.0008,Low,0,Routine monitoring
4848,0.0039,Low,0,Routine monitoring
4849,0.0009,Low,0,Routine monitoring
4850,0.0041,Low,0,Routine monitoring
4851,0.0043,Low,0,Routine monitoring
4852,0.0004,Low,0,Routine monitoring
4853,0.0003,Low,0,Routine monitoring
4854,0.0002,Low,0,Routine monitoring
4855,0.0022,Low,0,Routine monitoring
4856,0.0007,Low,0,Routine monitoring
4857,0.0078,Low,0,Routine monitoring
4858,1e-04,Low,0,Routine monitoring
4859,1e-04,Low,0,Routine monitoring
4860,1e-04,Low,0,Routine monitoring
4861,0.0004,Low,0,Routine monitoring
4862,0.0008,Low,0,Routine monitoring
4863,1e-04,Low,0,Routine monitoring
4864,0.0016,Low,0,Routine monitoring
4865,0.0004,Low,0,Routine monitoring
4866,1e-04,Low,0,Routine monitoring
4867,1e-04,Low,0,Routine monitoring
4868,0.0016,Low,0,Routine monitoring
4869,1e-04,Low,0,Routine monitoring
4870,0.0026,Low,0,Routine monitoring
4871,0.0004,Low,0,Routine monitoring
4872,0.0023,Low,0,Routine monitoring
4873,1e-04,Low,0,Routine monitoring
4874,0.0004,Low,0,Routine monitoring
4875,0.0002,Low,0,Routine monitoring
4876,0.0002,Low,0,Routine monitoring
4877,0.0009,Low,0,Routine monitoring
4878,0.0005,Low,0,Routine monitoring
4879,0.0015,Low,0,Routine monitoring
4880,0.0009,Low,0,Routine monitoring
4881,1e-04,Low,0,Routine monitoring
4882,0.0014,Low,0,Routine monitoring
4883,0.0004,Low,0,Routine monitoring
4884,0.0003,Low,0,Routine monitoring
4885,1e-04,Low,0,Routine monitoring
4886,1e-04,Low,0,Routine monitoring
4887,1e-04,Low,0,Routine monitoring
4888,0.0029,Low,0,Routine monitoring
4889,1e-04,Low,0,Routine monitoring
4890,0.0,Low,0,Routine monitoring
4891,0.0027,Low,0,Routine monitoring
4892,0.001,Low,0,Routine monitoring
4893,0.0002,Low,0,Routine monitoring
4894,0.0009,Low,0,Routine monitoring
4895,0.0027,Low,0,Routine monitoring
4896,0.0048,Low,0,Routine monitoring
4897,0.0002,Low,0,Routine monitoring
4898,0.007,Low,0,Routine monitoring
4899,0.0006,Low,0,Routine monitoring
4900,0.0,Low,0,Routine monitoring
4901,0.0003,Low,0,Routine monitoring
4902,0.0103,Low,0,Routine monitoring
4903,0.0029,Low,0,Routine monitoring
4904,0.0003,Low,0,Routine monitoring
4905,1e-04,Low,0,Routine monitoring
4906,1e-04,Low,0,Routine monitoring
4907,1e-04,Low,0,Routine monitoring
4908,0.0009,Low,0,Routine monitoring
4909,0.0005,Low,0,Routine monitoring
4910,0.0018,Low,0,Routine monitoring
4911,0.0007,Low,0,Routine monitoring
4912,0.0004,Low,0,Routine monitoring
4913,0.0007,Low,0,Routine monitoring
4914,0.0006,Low,0,Routine monitoring
4915,0.0011,Low,0,Routine monitoring
4916,0.0011,Low,0,Routine monitoring
4917,0.0002,Low,0,Routine monitoring
4918,1e-04,Low,0,Routine monitoring
4919,1e-04,Low,0,Routine monitoring
4920,0.0003,Low,0,Routine monitoring
4921,0.0055,Low,0,Routine monitoring
4922,0.0022,Low,0,Routine monitoring
4923,0.0002,Low,0,Routine monitoring
4924,0.0008,Low,0,Routine monitoring
4925,0.0004,Low,0,Routine monitoring
4926,0.0009,Low,0,Routine monitoring
4927,1e-04,Low,0,Routine monitoring
4928,0.0002,Low,0,Routine monitoring
4929,0.0002,Low,0,Routine monitoring
4930,0.0019,Low,0,Routine monitoring
4931,0.0,Low,0,Routine monitoring
4932,0.0014,Low,0,Routine monitoring
4933,0.0015,Low,0,Routine monitoring
4934,0.0013,Low,0,Routine monitoring
4935,0.0003,Low,0,Routine monitoring
4936,0.0015,Low,0,Routine monitoring
4937,1e-04,Low,0,Routine monitoring
4938,0.0004,Low,0,Routine monitoring
4939,0.0006,Low,0,Routine monitoring
4940,0.0059,Low,0,Routine monitoring
4941,0.0013,Low,0,Routine monitoring
4942,1e-04,Low,0,Routine monitoring
4943,0.0026,Low,0,Routine monitoring
4944,0.0012,Low,0,Routine monitoring
4945,0.0,Low,0,Routine monitoring
4946,0.0,Low,0,Routine monitoring
4947,0.0002,Low,0,Routine monitoring
4948,1e-04,Low,0,Routine monitoring
4949,1e-04,Low,0,Routine monitoring
4950,0.0024,Low,0,Routine monitoring
4951,0.0003,Low,0,Routine monitoring
4952,0.0004,Low,0,Routine monitoring
4953,0.0034,Low,0,Routine monitoring
4954,0.0172,Low,0,Routine monitoring
4955,0.0006,Low,0,Routine monitoring
4956,0.0019,Low,0,Routine monitoring
4957,0.0082,Low,0,Routine monitoring
4958,0.0033,Low,0,Routine monitoring
4959,0.0003,Low,0,Routine monitoring
4960,0.0003,Low,0,Routine monitoring
4961,0.0023,Low,0,Routine monitoring
4962,1e-04,Low,0,Routine monitoring
4963,0.0006,Low,0,Routine monitoring
4964,1e-04,Low,0,Routine monitoring
4965,1e-04,Low,0,Routine monitoring
4966,0.0002,Low,0,Routine monitoring
4967,1e-04,Low,0,Routine monitoring
4968,0.0006,Low,0,Routine monitoring
4969,1e-04,Low,0,Routine monitoring
4970,0.0003,Low,0,Routine monitoring
4971,0.0004,Low,0,Routine monitoring
4972,0.0017,Low,0,Routine monitoring
4973,0.0002,Low,0,Routine monitoring
4974,0.0012,Low,0,Routine monitoring
4975,0.0002,Low,0,Routine monitoring
4976,0.0017,Low,0,Routine monitoring
4977,1e-04,Low,0,Routine monitoring
4978,0.0005,Low,0,Routine monitoring
4979,0.0177,Low,0,Routine monitoring
4980,0.01,Low,0,Routine monitoring
4981,0.0067,Low,0,Routine monitoring
4982,0.0002,Low,0,Routine monitoring
4983,0.003,Low,0,Routine monitoring
4984,0.0017,Low,0,Routine monitoring
4985,0.0008,Low,0,Routine monitoring
4986,0.0022,Low,0,Routine monitoring
4987,0.0004,Low,0,Routine monitoring
4988,0.0004,Low,0,Routine monitoring
4989,0.0005,Low,0,Routine monitoring
4990,1e-04,Low,0,Routine monitoring
4991,0.0006,Low,0,Routine monitoring
4992,0.0015,Low,0,Routine monitoring
4993,0.0018,Low,0,Routine monitoring
4994,0.0009,Low,0,Routine monitoring
4995,0.001,Low,0,Routine monitoring
4996,1e-04,Low,0,Routine monitoring
4997,0.0034,Low,0,Routine monitoring
4998,0.0,Low,0,Routine monitoring
4999,0.0005,Low,0,Routine monitoring
5000,0.0076,Low,0,Routine monitoring
5001,0.0006,Low,0,Routine monitoring
5002,0.0088,Low,0,Routine monitoring
5003,0.0004,Low,0,Routine monitoring
5004,0.0003,Low,0,Routine monitoring
5005,0.0004,Low,0,Routine monitoring
5006,0.0003,Low,0,Routine monitoring
5007,0.0026,Low,0,Routine monitoring
5008,1e-04,Low,0,Routine monitoring
5009,0.0,Low,0,Routine monitoring
5010,1e-04,Low,0,Routine monitoring
5011,0.0002,Low,0,Routine monitoring
5012,1e-04,Low,0,Routine monitoring
5013,0.0002,Low,0,Routine monitoring
5014,0.001,Low,0,Routine monitoring
5015,0.0,Low,0,Routine monitoring
5016,0.0007,Low,0,Routine monitoring
5017,0.0003,Low,0,Routine monitoring
5018,0.0006,Low,0,Routine monitoring
5019,0.0039,Low,0,Routine monitoring
5020,0.0016,Low,0,Routine monitoring
5021,0.0008,Low,0,Routine monitoring
5022,0.0004,Low,0,Routine monitoring
5023,0.0039,Low,0,Routine monitoring
5024,0.0003,Low,0,Routine monitoring
5025,0.0009,Low,0,Routine monitoring
5026,0.0002,Low,0,Routine monitoring
5027,0.0,Low,0,Routine monitoring
5028,0.0195,Low,0,Routine monitoring
5029,0.003,Low,0,Routine monitoring
5030,0.0005,Low,0,Routine monitoring
5031,0.0005,Low,0,Routine monitoring
5032,0.0,Low,0,Routine monitoring
5033,0.0,Low,0,Routine monitoring
5034,0.0015,Low,0,Routine monitoring
5035,1e-04,Low,0,Routine monitoring
5036,0.0002,Low,0,Routine monitoring
5037,1e-04,Low,0,Routine monitoring
5038,0.0005,Low,0,Routine monitoring
5039,0.0023,Low,0,Routine monitoring
5040,0.0016,Low,0,Routine monitoring
5041,0.0003,Low,0,Routine monitoring
5042,0.0003,Low,0,Routine monitoring
5043,0.0,Low,0,Routine monitoring
5044,1e-04,Low,0,Routine monitoring
5045,1e-04,Low,0,Routine monitoring
5046,0.0007,Low,0,Routine monitoring
5047,0.0003,Low,0,Routine monitoring
5048,0.0027,Low,0,Routine monitoring
5049,0.0154,Low,0,Routine monitoring
5050,0.0006,Low,0,Routine monitoring
5051,0.0003,Low,0,Routine monitoring
5052,0.0005,Low,0,Routine monitoring
5053,0.0008,Low,0,Routine monitoring
5054,0.0016,Low,0,Routine monitoring
5055,0.0002,Low,0,Routine monitoring
5056,0.0005,Low,0,Routine monitoring
5057,0.0002,Low,0,Routine monitoring
5058,0.0014,Low,0,Routine monitoring
5059,0.0016,Low,0,Routine monitoring
5060,0.0004,Low,0,Routine monitoring
5061,0.0012,Low,0,Routine monitoring
5062,1e-04,Low,0,Routine monitoring
5063,1e-04,Low,0,Routine monitoring
5064,0.0003,Low,0,Routine monitoring
5065,0.0012,Low,0,Routine monitoring
5066,0.0003,Low,0,Routine monitoring
5067,0.0064,Low,0,Routine monitoring
5068,0.0003,Low,0,Routine monitoring
5069,1e-04,Low,0,Routine monitoring
5070,0.0002,Low,0,Routine monitoring
5071,0.0004,Low,0,Routine monitoring
5072,0.0004,Low,0,Routine monitoring
5073,0.0046,Low,0,Routine monitoring
5074,0.0038,Low,0,Routine monitoring
5075,1e-04,Low,0,Routine monitoring
5076,1e-04,Low,0,Routine monitoring
5077,0.0002,Low,0,Routine monitoring
5078,1e-04,Low,0,Routine monitoring
5079,0.0133,Low,0,Routine monitoring
5080,0.0004,Low,0,Routine monitoring
5081,1e-04,Low,0,Routine monitoring
5082,0.0015,Low,0,Routine monitoring
5083,0.0002,Low,0,Routine monitoring
5084,1e-04,Low,0,Routine monitoring
5085,1e-04,Low,0,Routine monitoring
5086,0.0007,Low,0,Routine monitoring
5087,0.0015,Low,0,Routine monitoring
5088,0.0054,Low,0,Routine monitoring
5089,0.0007,Low,0,Routine monitoring
5090,0.0014,Low,0,Routine monitoring
5091,0.0005,Low,0,Routine monitoring
5092,0.0002,Low,0,Routine monitoring
5093,1e-04,Low,0,Routine monitoring
5094,0.0058,Low,0,Routine monitoring
5095,0.0003,Low,0,Routine monitoring
5096,0.0019,Low,0,Routine monitoring
5097,0.0006,Low,0,Routine monitoring
5098,0.006,Low,0,Routine monitoring
5099,0.008,Low,0,Routine monitoring
5100,0.0,Low,0,Routine monitoring
5101,1e-04,Low,0,Routine monitoring
5102,1e-04,Low,0,Routine monitoring
5103,0.0016,Low,0,Routine monitoring
5104,1e-04,Low,0,Routine monitoring
5105,0.0008,Low,0,Routine monitoring
5106,0.0017,Low,0,Routine monitoring
5107,0.0011,Low,0,Routine monitoring
5108,0.0076,Low,0,Routine monitoring
5109,0.0005,Low,0,Routine monitoring
5110,0.0002,Low,0,Routine monitoring
5111,0.0031,Low,0,Routine monitoring
5112,0.0043,Low,0,Routine monitoring
5113,0.0011,Low,0,Routine monitoring
5114,0.0022,Low,0,Routine monitoring
5115,0.0004,Low,0,Routine monitoring
5116,0.0003,Low,0,Routine monitoring
5117,0.0084,Low,0,Routine monitoring
5118,0.0011,Low,0,Routine monitoring
5119,0.0059,Low,0,Routine monitoring
5120,0.001,Low,0,Routine monitoring
5121,0.0,Low,0,Routine monitoring
5122,0.0003,Low,0,Routine monitoring
5123,0.0015,Low,0,Routine monitoring
5124,0.0002,Low,0,Routine monitoring
5125,0.0003,Low,0,Routine monitoring
5126,0.0008,Low,0,Routine monitoring
5127,0.0047,Low,0,Routine monitoring
5128,0.0015,Low,0,Routine monitoring
5129,0.0004,Low,0,Routine monitoring
5130,0.0003,Low,0,Routine monitoring
5131,0.0002,Low,0,Routine monitoring
5132,1e-04,Low,0,Routine monitoring
5133,0.0002,Low,0,Routine monitoring
5134,0.0314,Low,0,Routine monitoring
5135,0.0013,Low,0,Routine monitoring
5136,0.0007,Low,0,Routine monitoring
5137,0.0002,Low,0,Routine monitoring
5138,0.0003,Low,0,Routine monitoring
5139,1e-04,Low,0,Routine monitoring
5140,0.0038,Low,0,Routine monitoring
5141,0.0003,Low,0,Routine monitoring
5142,1e-04,Low,0,Routine monitoring
5143,0.0011,Low,0,Routine monitoring
5144,0.0017,Low,0,Routine monitoring
5145,0.0046,Low,0,Routine monitoring
5146,0.0005,Low,0,Routine monitoring
5147,0.0004,Low,0,Routine monitoring
5148,0.0094,Low,0,Routine monitoring
5149,0.0147,Low,0,Routine monitoring
5150,0.0003,Low,0,Routine monitoring
5151,0.0002,Low,0,Routine monitoring
5152,0.0061,Low,0,Routine monitoring
5153,0.0,Low,0,Routine monitoring
5154,0.0015,Low,0,Routine monitoring
5155,1e-04,Low,0,Routine monitoring
5156,0.0027,Low,0,Routine monitoring
5157,0.0015,Low,0,Routine monitoring
5158,0.0019,Low,0,Routine monitoring
5159,0.0079,Low,0,Routine monitoring
5160,0.0095,Low,0,Routine monitoring
5161,0.0004,Low,0,Routine monitoring
5162,0.0024,Low,0,Routine monitoring
5163,0.0,Low,0,Routine monitoring
5164,0.0,Low,0,Routine monitoring
5165,0.0,Low,0,Routine monitoring
5166,0.0,Low,0,Routine monitoring
5167,1e-04,Low,0,Routine monitoring
5168,0.0052,Low,0,Routine monitoring
5169,0.3018,Low,0,Routine monitoring
5170,0.0008,Low,0,Routine monitoring
5171,0.0,Low,0,Routine monitoring
5172,0.0015,Low,0,Routine monitoring
5173,0.0012,Low,0,Routine monitoring
5174,0.0002,Low,0,Routine monitoring
5175,0.0006,Low,0,Routine monitoring
5176,0.0006,Low,0,Routine monitoring
5177,0.0019,Low,0,Routine monitoring
5178,0.0007,Low,0,Routine monitoring
5179,0.0,Low,0,Routine monitoring
5180,0.0041,Low,0,Routine monitoring
5181,0.0141,Low,0,Routine monitoring
5182,0.0067,Low,0,Routine monitoring
5183,0.0078,Low,0,Routine monitoring
5184,0.0002,Low,0,Routine monitoring
5185,0.0005,Low,0,Routine monitoring
5186,0.003,Low,0,Routine monitoring
5187,0.0026,Low,0,Routine monitoring
5188,0.0005,Low,0,Routine monitoring
5189,0.0004,Low,0,Routine monitoring
5190,0.0,Low,0,Routine monitoring
5191,0.0158,Low,0,Routine monitoring
5192,0.0004,Low,0,Routine monitoring
5193,0.0035,Low,0,Routine monitoring
5194,0.0002,Low,0,Routine monitoring
5195,0.0007,Low,0,Routine monitoring
5196,0.0006,Low,0,Routine monitoring
5197,0.0103,Low,0,Routine monitoring
5198,0.0006,Low,0,Routine monitoring
5199,0.0039,Low,0,Routine monitoring
5200,0.0003,Low,0,Routine monitoring
5201,0.0006,Low,0,Routine monitoring
5202,0.0354,Low,0,Routine monitoring
5203,0.0002,Low,0,Routine monitoring
5204,1e-04,Low,0,Routine monitoring
5205,0.0108,Low,0,Routine monitoring
5206,0.0,Low,0,Routine monitoring
5207,0.0005,Low,0,Routine monitoring
5208,0.0071,Low,0,Routine monitoring
5209,0.0013,Low,0,Routine monitoring
5210,0.0253,Low,0,Routine monitoring
5211,0.0059,Low,0,Routine monitoring
5212,0.0017,Low,0,Routine monitoring
5213,0.0006,Low,0,Routine monitoring
5214,0.0052,Low,0,Routine monitoring
5215,0.0004,Low,0,Routine monitoring
5216,0.0054,Low,0,Routine monitoring
5217,0.0669,Low,0,Routine monitoring
5218,0.0002,Low,0,Routine monitoring
5219,0.0004,Low,0,Routine monitoring
5220,0.0002,Low,0,Routine monitoring
5221,0.0019,Low,0,Routine monitoring
5222,0.0008,Low,0,Routine monitoring
5223,0.0004,Low,0,Routine monitoring
5224,0.0003,Low,0,Routine monitoring
5225,0.0007,Low,0,Routine monitoring
5226,0.0012,Low,0,Routine monitoring
5227,0.0003,Low,0,Routine monitoring
5228,0.0088,Low,0,Routine monitoring
5229,0.0005,Low,0,Routine monitoring
5230,1e-04,Low,0,Routine monitoring
5231,0.0008,Low,0,Routine monitoring
5232,0.0032,Low,0,Routine monitoring
5233,0.0005,Low,0,Routine monitoring
5234,0.0002,Low,0,Routine monitoring
5235,0.0002,Low,0,Routine monitoring
5236,0.0002,Low,0,Routine monitoring
5237,0.009,Low,0,Routine monitoring
5238,0.0021,Low,0,Routine monitoring
5239,0.0003,Low,0,Routine monitoring
5240,0.0667,Low,0,Routine monitoring
5241,0.0126,Low,0,Routine monitoring
5242,0.0012,Low,0,Routine monitoring
5243,0.0135,Low,0,Routine monitoring
5244,0.0003,Low,0,Routine monitoring
5245,0.001,Low,0,Routine monitoring
5246,0.0091,Low,0,Routine monitoring
5247,0.0021,Low,0,Routine monitoring
5248,1e-04,Low,0,Routine monitoring
5249,0.0002,Low,0,Routine monitoring
5250,0.0,Low,0,Routine monitoring
5251,0.001,Low,0,Routine monitoring
5252,0.0005,Low,0,Routine monitoring
5253,0.0076,Low,0,Routine monitoring
5254,0.0071,Low,0,Routine monitoring
5255,0.0007,Low,0,Routine monitoring
5256,0.0342,Low,0,Routine monitoring
5257,0.0053,Low,0,Routine monitoring
5258,0.004,Low,0,Routine monitoring
5259,0.0068,Low,0,Routine monitoring
5260,0.0004,Low,0,Routine monitoring
5261,0.0004,Low,0,Routine monitoring
5262,0.0002,Low,0,Routine monitoring
5263,0.0049,Low,0,Routine monitoring
5264,1e-04,Low,0,Routine monitoring
5265,0.001,Low,0,Routine monitoring
5266,0.0002,Low,0,Routine monitoring
5267,0.0019,Low,0,Routine monitoring
5268,0.0025,Low,0,Routine monitoring
5269,0.0142,Low,0,Routine monitoring
5270,1e-04,Low,0,Routine monitoring
5271,0.0006,Low,0,Routine monitoring
5272,0.0003,Low,0,Routine monitoring
5273,0.0007,Low,0,Routine monitoring
5274,0.0003,Low,0,Routine monitoring
5275,0.0017,Low,0,Routine monitoring
5276,0.0965,Low,0,Routine monitoring
5277,0.0012,Low,0,Routine monitoring
5278,0.001,Low,0,Routine monitoring
5279,0.0013,Low,0,Routine monitoring
5280,1e-04,Low,0,Routine monitoring
5281,1e-04,Low,0,Routine monitoring
5282,0.0015,Low,0,Routine monitoring
5283,0.0091,Low,0,Routine monitoring
5284,0.0331,Low,0,Routine monitoring
5285,0.0008,Low,0,Routine monitoring
5286,0.0048,Low,0,Routine monitoring
5287,1e-04,Low,0,Routine monitoring
5288,1e-04,Low,0,Routine monitoring
5289,0.0006,Low,0,Routine monitoring
5290,0.0192,Low,0,Routine monitoring
5291,0.0013,Low,0,Routine monitoring
5292,0.0025,Low,0,Routine monitoring
5293,0.0008,Low,0,Routine monitoring
5294,0.002,Low,0,Routine monitoring
5295,0.0007,Low,0,Routine monitoring
5296,0.0114,Low,0,Routine monitoring
5297,0.0,Low,0,Routine monitoring
5298,0.0188,Low,0,Routine monitoring
5299,0.0014,Low,0,Routine monitoring
5300,1e-04,Low,0,Routine monitoring
5301,0.0015,Low,0,Routine monitoring
5302,0.0211,Low,0,Routine monitoring
5303,0.027,Low,0,Routine monitoring
5304,0.0002,Low,0,Routine monitoring
5305,0.0005,Low,0,Routine monitoring
5306,1e-04,Low,0,Routine monitoring
5307,0.0002,Low,0,Routine monitoring
5308,0.0005,Low,0,Routine monitoring
5309,0.0014,Low,0,Routine monitoring
5310,0.0008,Low,0,Routine monitoring
5311,0.0398,Low,0,Routine monitoring
5312,0.2086,Low,0,Routine monitoring
5313,1e-04,Low,0,Routine monitoring
5314,0.0007,Low,0,Routine monitoring
5315,0.0007,Low,0,Routine monitoring
5316,0.0005,Low,0,Routine monitoring
5317,0.0006,Low,0,Routine monitoring
5318,0.0009,Low,0,Routine monitoring
5319,0.0008,Low,0,Routine monitoring
5320,0.0016,Low,0,Routine monitoring
5321,0.0,Low,0,Routine monitoring
5322,0.4305,Medium,0,Enhanced monitoring
5323,0.0069,Low,0,Routine monitoring
5324,0.0008,Low,0,Routine monitoring
5325,0.0004,Low,0,Routine monitoring
5326,0.0027,Low,0,Routine monitoring
5327,0.0002,Low,0,Routine monitoring
5328,0.0005,Low,0,Routine monitoring
5329,1e-04,Low,0,Routine monitoring
5330,0.0019,Low,0,Routine monitoring
5331,0.0003,Low,0,Routine monitoring
5332,0.0009,Low,0,Routine monitoring
5333,1e-04,Low,0,Routine monitoring
5334,0.0068,Low,0,Routine monitoring
5335,0.0005,Low,0,Routine monitoring
5336,0.0007,Low,0,Routine monitoring
5337,0.0005,Low,0,Routine monitoring
5338,0.0008,Low,0,Routine monitoring
5339,0.0003,Low,0,Routine monitoring
5340,0.0083,Low,0,Routine monitoring
5341,0.0045,Low,0,Routine monitoring
5342,0.0003,Low,0,Routine monitoring
5343,0.0017,Low,0,Routine monitoring
5344,0.0023,Low,0,Routine monitoring
5345,0.0012,Low,0,Routine monitoring
5346,0.0003,Low,0,Routine monitoring
5347,1e-04,Low,0,Routine monitoring
5348,0.0085,Low,0,Routine monitoring
5349,1e-04,Low,0,Routine monitoring
5350,0.0011,Low,0,Routine monitoring
5351,0.0003,Low,0,Routine monitoring
5352,0.0046,Low,0,Routine monitoring
5353,1e-04,Low,0,Routine monitoring
5354,0.001,Low,0,Routine monitoring
5355,0.0024,Low,0,Routine monitoring
5356,0.0004,Low,0,Routine monitoring
5357,0.0,Low,0,Routine monitoring
5358,0.0035,Low,0,Routine monitoring
5359,0.0065,Low,0,Routine monitoring
5360,0.0002,Low,0,Routine monitoring
5361,0.0016,Low,0,Routine monitoring
5362,0.0234,Low,0,Routine monitoring
5363,1e-04,Low,0,Routine monitoring
5364,0.0085,Low,0,Routine monitoring
5365,0.0014,Low,0,Routine monitoring
5366,0.0006,Low,0,Routine monitoring
5367,0.0006,Low,0,Routine monitoring
5368,0.0045,Low,0,Routine monitoring
5369,0.2474,Low,0,Routine monitoring
5370,0.0063,Low,0,Routine monitoring
5371,0.0002,Low,0,Routine monitoring
5372,0.0002,Low,0,Routine monitoring
5373,0.0033,Low,0,Routine monitoring
5374,0.0452,Low,0,Routine monitoring
5375,0.0011,Low,0,Routine monitoring
5376,1e-04,Low,0,Routine monitoring
5377,0.0058,Low,0,Routine monitoring
5378,0.1328,Low,0,Routine monitoring
5379,0.0333,Low,0,Routine monitoring
5380,0.002,Low,0,Routine monitoring
5381,0.0009,Low,0,Routine monitoring
5382,0.0633,Low,0,Routine monitoring
5383,0.0,Low,0,Routine monitoring
5384,0.0004,Low,0,Routine monitoring
5385,0.0048,Low,0,Routine monitoring
5386,0.0176,Low,0,Routine monitoring
5387,0.0026,Low,0,Routine monitoring
5388,0.0012,Low,0,Routine monitoring
5389,0.0009,Low,0,Routine monitoring
5390,1e-04,Low,0,Routine monitoring
5391,0.0008,Low,0,Routine monitoring
5392,1e-04,Low,0,Routine monitoring
5393,0.0025,Low,0,Routine monitoring
5394,0.0028,Low,0,Routine monitoring
5395,1e-04,Low,0,Routine monitoring
5396,0.0007,Low,0,Routine monitoring
5397,0.0011,Low,0,Routine monitoring
5398,0.0012,Low,0,Routine monitoring
5399,0.0009,Low,0,Routine monitoring
5400,0.0008,Low,0,Routine monitoring
5401,0.013,Low,0,Routine monitoring
5402,0.0049,Low,0,Routine monitoring
5403,0.2478,Low,0,Routine monitoring
5404,0.0031,Low,0,Routine monitoring
5405,0.5037,Medium,0,Enhanced monitoring
5406,0.0032,Low,0,Routine monitoring
5407,1e-04,Low,0,Routine monitoring
5408,1e-04,Low,0,Routine monitoring
5409,0.0306,Low,0,Routine monitoring
5410,0.0,Low,0,Routine monitoring
5411,0.0899,Low,0,Routine monitoring
5412,0.0,Low,0,Routine monitoring
5413,0.0,Low,0,Routine monitoring
5414,0.0002,Low,0,Routine monitoring
5415,0.0,Low,0,Routine monitoring
5416,1e-04,Low,0,Routine monitoring
5417,0.0004,Low,0,Routine monitoring
5418,0.002,Low,0,Routine monitoring
5419,0.0005,Low,0,Routine monitoring
5420,0.0006,Low,0,Routine monitoring
5421,0.0007,Low,0,Routine monitoring
5422,0.0008,Low,0,Routine monitoring
5423,0.0231,Low,0,Routine monitoring
5424,1e-04,Low,0,Routine monitoring
5425,0.001,Low,0,Routine monitoring
5426,1e-04,Low,0,Routine monitoring
5427,0.0074,Low,0,Routine monitoring
5428,0.0006,Low,0,Routine monitoring
5429,0.0003,Low,0,Routine monitoring
5430,0.0027,Low,0,Routine monitoring
5431,0.0011,Low,0,Routine monitoring
5432,0.0174,Low,0,Routine monitoring
5433,0.0057,Low,0,Routine monitoring
5434,0.073,Low,0,Routine monitoring
5435,0.0205,Low,0,Routine monitoring
5436,0.0032,Low,0,Routine monitoring
5437,0.0002,Low,0,Routine monitoring
5438,0.0478,Low,0,Routine monitoring
5439,0.0003,Low,0,Routine monitoring
5440,1e-04,Low,0,Routine monitoring
5441,0.0005,Low,0,Routine monitoring
5442,0.0113,Low,0,Routine monitoring
5443,0.0355,Low,0,Routine monitoring
5444,0.0918,Low,0,Routine monitoring
5445,0.0233,Low,0,Routine monitoring
5446,0.0408,Low,0,Routine monitoring
5447,0.017,Low,0,Routine monitoring
5448,0.0056,Low,0,Routine monitoring
5449,0.0064,Low,0,Routine monitoring
5450,0.001,Low,0,Routine monitoring
5451,0.0003,Low,0,Routine monitoring
5452,0.0042,Low,0,Routine monitoring
5453,0.0003,Low,0,Routine monitoring
5454,0.0353,Low,0,Routine monitoring
5455,0.0013,Low,0,Routine monitoring
5456,0.0003,Low,0,Routine monitoring
5457,0.0008,Low,0,Routine monitoring
5458,0.0003,Low,0,Routine monitoring
5459,0.0076,Low,0,Routine monitoring
5460,0.0003,Low,0,Routine monitoring
5461,0.0011,Low,0,Routine monitoring
5462,0.0138,Low,0,Routine monitoring
5463,0.0006,Low,0,Routine monitoring
5464,0.0013,Low,0,Routine monitoring
5465,0.0082,Low,0,Routine monitoring
5466,0.0068,Low,0,Routine monitoring
5467,0.0125,Low,0,Routine monitoring
5468,0.0005,Low,0,Routine monitoring
5469,0.2921,Low,0,Routine monitoring
5470,0.0087,Low,0,Routine monitoring
5471,0.0065,Low,0,Routine monitoring
5472,0.7534,High,0,Analyst investigation
5473,0.0021,Low,0,Routine monitoring
5474,0.0002,Low,0,Routine monitoring
5475,0.0052,Low,0,Routine monitoring
5476,0.0053,Low,0,Routine monitoring
5477,0.0024,Low,0,Routine monitoring
5478,0.138,Low,0,Routine monitoring
5479,0.0228,Low,0,Routine monitoring
5480,0.0009,Low,0,Routine monitoring
5481,0.0071,Low,0,Routine monitoring
5482,0.0,Low,0,Routine monitoring
5483,0.0056,Low,0,Routine monitoring
5484,0.5493,Medium,0,Enhanced monitoring
5485,0.0029,Low,0,Routine monitoring
5486,0.0004,Low,0,Routine monitoring
5487,0.0701,Low,0,Routine monitoring
5488,0.0046,Low,0,Routine monitoring
5489,0.0,Low,0,Routine monitoring
5490,0.0006,Low,0,Routine monitoring
5491,0.0004,Low,0,Routine monitoring
5492,0.0107,Low,0,Routine monitoring
5493,0.0002,Low,0,Routine monitoring
5494,1e-04,Low,0,Routine monitoring
5495,0.0006,Low,0,Routine monitoring
5496,0.0025,Low,0,Routine monitoring
5497,1e-04,Low,0,Routine monitoring
5498,0.0095,Low,0,Routine monitoring
5499,0.0247,Low,0,Routine monitoring
5500,0.0062,Low,0,Routine monitoring
5501,0.0033,Low,0,Routine monitoring
5502,0.0011,Low,0,Routine monitoring
5503,1e-04,Low,0,Routine monitoring
5504,0.0002,Low,0,Routine monitoring
5505,0.0628,Low,0,Routine monitoring
5506,0.0005,Low,0,Routine monitoring
5507,0.0003,Low,0,Routine monitoring
5508,0.0012,Low,0,Routine monitoring
5509,0.0014,Low,0,Routine monitoring
5510,0.0409,Low,0,Routine monitoring
5511,0.0262,Low,0,Routine monitoring
5512,0.0009,Low,0,Routine monitoring
5513,0.1507,Low,0,Routine monitoring
5514,0.0048,Low,0,Routine monitoring
5515,0.0042,Low,0,Routine monitoring
5516,1e-04,Low,0,Routine monitoring
5517,0.0021,Low,0,Routine monitoring
5518,0.0355,Low,0,Routine monitoring
5519,0.0003,Low,0,Routine monitoring
5520,0.0031,Low,0,Routine monitoring
5521,0.0,Low,0,Routine monitoring
5522,0.0068,Low,0,Routine monitoring
5523,0.0003,Low,0,Routine monitoring
5524,0.0007,Low,0,Routine monitoring
5525,0.002,Low,0,Routine monitoring
5526,0.007,Low,0,Routine monitoring
5527,0.0002,Low,0,Routine monitoring
5528,0.0154,Low,0,Routine monitoring
5529,0.0005,Low,0,Routine monitoring
5530,0.0162,Low,0,Routine monitoring
5531,1e-04,Low,0,Routine monitoring
5532,0.0002,Low,0,Routine monitoring
5533,0.0019,Low,0,Routine monitoring
5534,0.0005,Low,0,Routine monitoring
5535,0.001,Low,0,Routine monitoring
5536,0.0003,Low,0,Routine monitoring
5537,1e-04,Low,0,Routine monitoring
5538,0.0,Low,0,Routine monitoring
5539,0.0141,Low,0,Routine monitoring
5540,0.0002,Low,0,Routine monitoring
5541,0.0433,Low,0,Routine monitoring
5542,0.0062,Low,0,Routine monitoring
5543,0.1556,Low,0,Routine monitoring
5544,0.0006,Low,0,Routine monitoring
5545,0.0,Low,0,Routine monitoring
5546,0.0002,Low,0,Routine monitoring
5547,0.0002,Low,0,Routine monitoring
5548,0.0,Low,0,Routine monitoring
5549,0.0002,Low,0,Routine monitoring
5550,0.001,Low,0,Routine monitoring
5551,0.0,Low,0,Routine monitoring
5552,1e-04,Low,0,Routine monitoring
5553,0.0006,Low,0,Routine monitoring
5554,0.0212,Low,0,Routine monitoring
5555,0.0004,Low,0,Routine monitoring
5556,0.0002,Low,0,Routine monitoring
5557,0.0025,Low,0,Routine monitoring
5558,0.0005,Low,0,Routine monitoring
5559,0.002,Low,0,Routine monitoring
5560,0.0,Low,0,Routine monitoring
5561,0.0025,Low,0,Routine monitoring
5562,1e-04,Low,0,Routine monitoring
5563,1e-04,Low,0,Routine monitoring
5564,0.0003,Low,0,Routine monitoring
5565,0.0005,Low,0,Routine monitoring
5566,1e-04,Low,0,Routine monitoring
5567,0.0006,Low,0,Routine monitoring
5568,0.0049,Low,0,Routine monitoring
5569,0.0018,Low,0,Routine monitoring
5570,0.0007,Low,0,Routine monitoring
5571,0.002,Low,0,Routine monitoring
5572,0.0,Low,0,Routine monitoring
5573,0.0002,Low,0,Routine monitoring
5574,0.03,Low,0,Routine monitoring
5575,0.0058,Low,0,Routine monitoring
5576,0.0007,Low,0,Routine monitoring
5577,1e-04,Low,0,Routine monitoring
5578,0.0206,Low,0,Routine monitoring
5579,1e-04,Low,0,Routine monitoring
5580,0.001,Low,0,Routine monitoring
5581,0.0015,Low,0,Routine monitoring
5582,0.0002,Low,0,Routine monitoring
5583,0.002,Low,0,Routine monitoring
5584,0.0005,Low,0,Routine monitoring
5585,0.0003,Low,0,Routine monitoring
5586,0.0234,Low,0,Routine monitoring
5587,0.0003,Low,0,Routine monitoring
5588,0.0002,Low,0,Routine monitoring
5589,0.0004,Low,0,Routine monitoring
5590,0.0008,Low,0,Routine monitoring
5591,0.0,Low,0,Routine monitoring
5592,0.0004,Low,0,Routine monitoring
5593,1e-04,Low,0,Routine monitoring
5594,0.0005,Low,0,Routine monitoring
5595,0.0016,Low,0,Routine monitoring
5596,0.0002,Low,0,Routine monitoring
5597,0.0011,Low,0,Routine monitoring
5598,0.0006,Low,0,Routine monitoring
5599,0.0003,Low,0,Routine monitoring
5600,0.0003,Low,0,Routine monitoring
5601,0.0012,Low,0,Routine monitoring
5602,0.0,Low,0,Routine monitoring
5603,0.0009,Low,0,Routine monitoring
5604,0.001,Low,0,Routine monitoring
5605,0.0006,Low,0,Routine monitoring
5606,0.0044,Low,0,Routine monitoring
5607,0.0021,Low,0,Routine monitoring
5608,0.001,Low,0,Routine monitoring
5609,1e-04,Low,0,Routine monitoring
5610,0.0002,Low,0,Routine monitoring
5611,1e-04,Low,0,Routine monitoring
5612,0.0002,Low,0,Routine monitoring
5613,0.0003,Low,0,Routine monitoring
5614,1e-04,Low,0,Routine monitoring
5615,0.0002,Low,0,Routine monitoring
5616,0.0042,Low,0,Routine monitoring
5617,0.0048,Low,0,Routine monitoring
5618,0.0048,Low,0,Routine monitoring
5619,1e-04,Low,0,Routine monitoring
5620,0.0002,Low,0,Routine monitoring
5621,0.015,Low,0,Routine monitoring
5622,0.0134,Low,0,Routine monitoring
5623,0.0,Low,0,Routine monitoring
5624,0.0005,Low,0,Routine monitoring
5625,0.0012,Low,0,Routine monitoring
5626,0.0008,Low,0,Routine monitoring
5627,1e-04,Low,0,Routine monitoring
5628,0.0009,Low,0,Routine monitoring
5629,0.0002,Low,0,Routine monitoring
5630,0.0136,Low,0,Routine monitoring
5631,0.0007,Low,0,Routine monitoring
5632,0.0004,Low,0,Routine monitoring
5633,0.0056,Low,0,Routine monitoring
5634,0.0004,Low,0,Routine monitoring
5635,0.0003,Low,0,Routine monitoring
5636,0.0002,Low,0,Routine monitoring
5637,0.0004,Low,0,Routine monitoring
5638,1e-04,Low,0,Routine monitoring
5639,0.0002,Low,0,Routine monitoring
5640,0.001,Low,0,Routine monitoring
5641,0.0011,Low,0,Routine monitoring
5642,0.0251,Low,0,Routine monitoring
5643,0.0025,Low,0,Routine monitoring
5644,1e-04,Low,0,Routine monitoring
5645,0.0003,Low,0,Routine monitoring
5646,0.0003,Low,0,Routine monitoring
5647,0.0034,Low,0,Routine monitoring
5648,0.0009,Low,0,Routine monitoring
5649,0.0007,Low,0,Routine monitoring
5650,0.0361,Low,0,Routine monitoring
5651,0.0015,Low,0,Routine monitoring
5652,0.0007,Low,0,Routine monitoring
5653,0.0003,Low,0,Routine monitoring
5654,0.0003,Low,0,Routine monitoring
5655,0.0003,Low,0,Routine monitoring
5656,0.0301,Low,0,Routine monitoring
5657,0.0062,Low,0,Routine monitoring
5658,0.0031,Low,0,Routine monitoring
5659,1e-04,Low,0,Routine monitoring
5660,0.0003,Low,0,Routine monitoring
5661,0.0004,Low,0,Routine monitoring
5662,0.0003,Low,0,Routine monitoring
5663,0.0007,Low,0,Routine monitoring
5664,0.0033,Low,0,Routine monitoring
5665,0.0062,Low,0,Routine monitoring
5666,0.0042,Low,0,Routine monitoring
5667,1e-04,Low,0,Routine monitoring
5668,0.0007,Low,0,Routine monitoring
5669,0.0,Low,0,Routine monitoring
5670,0.0024,Low,0,Routine monitoring
5671,0.0004,Low,0,Routine monitoring
5672,0.0,Low,0,Routine monitoring
5673,0.0,Low,0,Routine monitoring
5674,0.0024,Low,0,Routine monitoring
5675,0.0006,Low,0,Routine monitoring
5676,0.0009,Low,0,Routine monitoring
5677,0.0014,Low,0,Routine monitoring
5678,0.0077,Low,0,Routine monitoring
5679,0.0004,Low,0,Routine monitoring
5680,0.0032,Low,0,Routine monitoring
5681,0.0003,Low,0,Routine monitoring
5682,0.0007,Low,0,Routine monitoring
5683,1e-04,Low,0,Routine monitoring
5684,0.0,Low,0,Routine monitoring
5685,1e-04,Low,0,Routine monitoring
5686,0.0009,Low,0,Routine monitoring
5687,0.0016,Low,0,Routine monitoring
5688,0.0004,Low,0,Routine monitoring
5689,0.0012,Low,0,Routine monitoring
5690,0.0003,Low,0,Routine monitoring
5691,1e-04,Low,0,Routine monitoring
5692,0.0007,Low,0,Routine monitoring
5693,0.0002,Low,0,Routine monitoring
5694,0.0003,Low,0,Routine monitoring
5695,0.0,Low,0,Routine monitoring
5696,0.0015,Low,0,Routine monitoring
5697,0.0025,Low,0,Routine monitoring
5698,0.0004,Low,0,Routine monitoring
5699,1e-04,Low,0,Routine monitoring
5700,0.0007,Low,0,Routine monitoring
5701,0.0016,Low,0,Routine monitoring
5702,0.0016,Low,0,Routine monitoring
5703,0.0014,Low,0,Routine monitoring
5704,0.0026,Low,0,Routine monitoring
5705,0.0046,Low,0,Routine monitoring
5706,0.0003,Low,0,Routine monitoring
5707,0.0009,Low,0,Routine monitoring
5708,0.0005,Low,0,Routine monitoring
5709,0.0025,Low,0,Routine monitoring
5710,0.0,Low,0,Routine monitoring
5711,0.0002,Low,0,Routine monitoring
5712,0.0013,Low,0,Routine monitoring
5713,1e-04,Low,0,Routine monitoring
5714,0.0002,Low,0,Routine monitoring
5715,0.0016,Low,0,Routine monitoring
5716,1e-04,Low,0,Routine monitoring
5717,0.0025,Low,0,Routine monitoring
5718,0.0004,Low,0,Routine monitoring
5719,0.0037,Low,0,Routine monitoring
5720,0.0012,Low,0,Routine monitoring
5721,0.0,Low,0,Routine monitoring
5722,0.0025,Low,0,Routine monitoring
5723,0.0003,Low,0,Routine monitoring
5724,0.0008,Low,0,Routine monitoring
5725,1e-04,Low,0,Routine monitoring
5726,0.0006,Low,0,Routine monitoring
5727,0.0002,Low,0,Routine monitoring
5728,0.0023,Low,0,Routine monitoring
5729,1e-04,Low,0,Routine monitoring
5730,0.0017,Low,0,Routine monitoring
5731,0.0009,Low,0,Routine monitoring
5732,0.0003,Low,0,Routine monitoring
5733,0.0008,Low,0,Routine monitoring
5734,0.0028,Low,0,Routine monitoring
5735,0.0003,Low,0,Routine monitoring
5736,0.0003,Low,0,Routine monitoring
5737,0.0002,Low,0,Routine monitoring
5738,0.022,Low,0,Routine monitoring
5739,0.0008,Low,0,Routine monitoring
5740,0.0003,Low,0,Routine monitoring
5741,0.0002,Low,0,Routine monitoring
5742,0.0002,Low,0,Routine monitoring
5743,0.0,Low,0,Routine monitoring
5744,0.0004,Low,0,Routine monitoring
5745,0.0003,Low,0,Routine monitoring
5746,0.0515,Low,0,Routine monitoring
5747,0.0066,Low,0,Routine monitoring
5748,0.0176,Low,0,Routine monitoring
5749,0.0003,Low,0,Routine monitoring
5750,0.0004,Low,0,Routine monitoring
5751,0.0077,Low,0,Routine monitoring
5752,0.0,Low,0,Routine monitoring
5753,1e-04,Low,0,Routine monitoring
5754,0.0009,Low,0,Routine monitoring
5755,0.0018,Low,0,Routine monitoring
5756,0.0101,Low,0,Routine monitoring
5757,0.0002,Low,0,Routine monitoring
5758,0.0032,Low,0,Routine monitoring
5759,0.0016,Low,0,Routine monitoring
5760,0.0009,Low,0,Routine monitoring
5761,0.0002,Low,0,Routine monitoring
5762,1e-04,Low,0,Routine monitoring
5763,0.0005,Low,0,Routine monitoring
5764,0.0002,Low,0,Routine monitoring
5765,0.0006,Low,0,Routine monitoring
5766,0.0003,Low,0,Routine monitoring
5767,0.0025,Low,0,Routine monitoring
5768,0.0006,Low,0,Routine monitoring
5769,0.0208,Low,0,Routine monitoring
5770,0.0049,Low,0,Routine monitoring
5771,0.0012,Low,0,Routine monitoring
5772,0.0004,Low,0,Routine monitoring
5773,0.0098,Low,0,Routine monitoring
5774,0.0007,Low,0,Routine monitoring
5775,0.0003,Low,0,Routine monitoring
5776,0.003,Low,0,Routine monitoring
5777,0.0004,Low,0,Routine monitoring
5778,0.0094,Low,0,Routine monitoring
5779,0.0007,Low,0,Routine monitoring
5780,0.0,Low,0,Routine monitoring
5781,0.0064,Low,0,Routine monitoring
5782,0.0007,Low,0,Routine monitoring
5783,0.0026,Low,0,Routine monitoring
5784,0.0032,Low,0,Routine monitoring
5785,0.0017,Low,0,Routine monitoring
5786,0.0012,Low,0,Routine monitoring
5787,0.001,Low,0,Routine monitoring
5788,0.006,Low,0,Routine monitoring
5789,0.0003,Low,0,Routine monitoring
5790,0.0003,Low,0,Routine monitoring
5791,0.0003,Low,0,Routine monitoring
5792,1e-04,Low,0,Routine monitoring
5793,0.0006,Low,0,Routine monitoring
5794,0.0002,Low,0,Routine monitoring
5795,0.0003,Low,0,Routine monitoring
5796,0.0003,Low,0,Routine monitoring
5797,1e-04,Low,0,Routine monitoring
5798,0.0027,Low,0,Routine monitoring
5799,0.0002,Low,0,Routine monitoring
5800,0.0069,Low,0,Routine monitoring
5801,0.0002,Low,0,Routine monitoring
5802,0.0014,Low,0,Routine monitoring
5803,0.0003,Low,0,Routine monitoring
5804,0.0002,Low,0,Routine monitoring
5805,0.0003,Low,0,Routine monitoring
5806,1e-04,Low,0,Routine monitoring
5807,0.0023,Low,0,Routine monitoring
5808,0.001,Low,0,Routine monitoring
5809,0.0016,Low,0,Routine monitoring
5810,0.0,Low,0,Routine monitoring
5811,0.0,Low,0,Routine monitoring
5812,0.0014,Low,0,Routine monitoring
5813,0.0029,Low,0,Routine monitoring
5814,0.0004,Low,0,Routine monitoring
5815,0.0003,Low,0,Routine monitoring
5816,0.0,Low,0,Routine monitoring
5817,0.0014,Low,0,Routine monitoring
5818,0.0005,Low,0,Routine monitoring
5819,0.0004,Low,0,Routine monitoring
5820,0.0004,Low,0,Routine monitoring
5821,1e-04,Low,0,Routine monitoring
5822,0.0019,Low,0,Routine monitoring
5823,0.0006,Low,0,Routine monitoring
5824,0.0,Low,0,Routine monitoring
5825,0.0009,Low,0,Routine monitoring
5826,1e-04,Low,0,Routine monitoring
5827,0.0004,Low,0,Routine monitoring
5828,0.0002,Low,0,Routine monitoring
5829,0.0011,Low,0,Routine monitoring
5830,0.0035,Low,0,Routine monitoring
5831,0.0,Low,0,Routine monitoring
5832,0.0009,Low,0,Routine monitoring
5833,0.0005,Low,0,Routine monitoring
5834,0.0008,Low,0,Routine monitoring
5835,0.0006,Low,0,Routine monitoring
5836,0.0,Low,0,Routine monitoring
5837,0.0002,Low,0,Routine monitoring
5838,0.0002,Low,0,Routine monitoring
5839,0.0047,Low,0,Routine monitoring
5840,0.0,Low,0,Routine monitoring
5841,1e-04,Low,0,Routine monitoring
5842,0.0066,Low,0,Routine monitoring
5843,0.0002,Low,0,Routine monitoring
5844,0.0019,Low,0,Routine monitoring
5845,0.0005,Low,0,Routine monitoring
5846,0.001,Low,0,Routine monitoring
5847,0.0015,Low,0,Routine monitoring
5848,0.0055,Low,0,Routine monitoring
5849,0.0011,Low,0,Routine monitoring
5850,1e-04,Low,0,Routine monitoring
5851,0.0007,Low,0,Routine monitoring
5852,0.0195,Low,0,Routine monitoring
5853,1e-04,Low,0,Routine monitoring
5854,0.0273,Low,0,Routine monitoring
5855,1e-04,Low,0,Routine monitoring
5856,0.0007,Low,0,Routine monitoring
5857,0.0002,Low,0,Routine monitoring
5858,0.0,Low,0,Routine monitoring
5859,0.0013,Low,0,Routine monitoring
5860,0.0002,Low,0,Routine monitoring
5861,0.0004,Low,0,Routine monitoring
5862,0.0004,Low,0,Routine monitoring
5863,0.0005,Low,0,Routine monitoring
5864,1e-04,Low,0,Routine monitoring
5865,0.0002,Low,0,Routine monitoring
5866,0.0004,Low,0,Routine monitoring
5867,0.0058,Low,0,Routine monitoring
5868,0.0003,Low,0,Routine monitoring
5869,0.0003,Low,0,Routine monitoring
5870,0.0013,Low,0,Routine monitoring
5871,0.0006,Low,0,Routine monitoring
5872,0.0052,Low,0,Routine monitoring
5873,0.0011,Low,0,Routine monitoring
5874,0.0003,Low,0,Routine monitoring
5875,0.0013,Low,0,Routine monitoring
5876,0.0011,Low,0,Routine monitoring
5877,0.0003,Low,0,Routine monitoring
5878,1e-04,Low,0,Routine monitoring
5879,0.0002,Low,0,Routine monitoring
5880,0.0003,Low,0,Routine monitoring
5881,0.0007,Low,0,Routine monitoring
5882,0.0035,Low,0,Routine monitoring
5883,0.0002,Low,0,Routine monitoring
5884,0.0014,Low,0,Routine monitoring
5885,0.0014,Low,0,Routine monitoring
5886,0.0002,Low,0,Routine monitoring
5887,0.0002,Low,0,Routine monitoring
5888,0.0002,Low,0,Routine monitoring
5889,0.0007,Low,0,Routine monitoring
5890,0.0021,Low,0,Routine monitoring
5891,0.0,Low,0,Routine monitoring
5892,0.0206,Low,0,Routine monitoring
5893,0.0003,Low,0,Routine monitoring
5894,0.0003,Low,0,Routine monitoring
5895,0.0,Low,0,Routine monitoring
5896,0.0002,Low,0,Routine monitoring
5897,0.001,Low,0,Routine monitoring
5898,0.0002,Low,0,Routine monitoring
5899,0.0002,Low,0,Routine monitoring
5900,0.0,Low,0,Routine monitoring
5901,0.0028,Low,0,Routine monitoring
5902,0.0004,Low,0,Routine monitoring
5903,0.0039,Low,0,Routine monitoring
5904,0.0008,Low,0,Routine monitoring
5905,1e-04,Low,0,Routine monitoring
5906,0.0005,Low,0,Routine monitoring
5907,0.0016,Low,0,Routine monitoring
5908,0.0003,Low,0,Routine monitoring
5909,0.0015,Low,0,Routine monitoring
5910,0.0002,Low,0,Routine monitoring
5911,0.005,Low,0,Routine monitoring
5912,0.0002,Low,0,Routine monitoring
5913,0.1037,Low,0,Routine monitoring
5914,0.0006,Low,0,Routine monitoring
5915,0.0004,Low,0,Routine monitoring
5916,0.0005,Low,0,Routine monitoring
5917,0.081,Low,0,Routine monitoring
5918,0.0003,Low,0,Routine monitoring
5919,0.0009,Low,0,Routine monitoring
5920,0.0003,Low,0,Routine monitoring
5921,0.0003,Low,0,Routine monitoring
5922,0.0012,Low,0,Routine monitoring
5923,0.0,Low,0,Routine monitoring
5924,0.0,Low,0,Routine monitoring
5925,0.0002,Low,0,Routine monitoring
5926,0.0036,Low,0,Routine monitoring
5927,0.0127,Low,0,Routine monitoring
5928,0.0075,Low,0,Routine monitoring
5929,0.0011,Low,0,Routine monitoring
5930,0.0,Low,0,Routine monitoring
5931,0.0007,Low,0,Routine monitoring
5932,0.0004,Low,0,Routine monitoring
5933,0.0,Low,0,Routine monitoring
5934,1e-04,Low,0,Routine monitoring
5935,0.0002,Low,0,Routine monitoring
5936,0.0034,Low,0,Routine monitoring
5937,0.0871,Low,0,Routine monitoring
5938,0.0023,Low,0,Routine monitoring
5939,0.0004,Low,0,Routine monitoring
5940,0.0002,Low,0,Routine monitoring
5941,0.0017,Low,0,Routine monitoring
5942,0.0002,Low,0,Routine monitoring
5943,0.0582,Low,0,Routine monitoring
5944,0.0017,Low,0,Routine monitoring
5945,1e-04,Low,0,Routine monitoring
5946,0.0,Low,0,Routine monitoring
5947,0.0016,Low,0,Routine monitoring
5948,0.0004,Low,0,Routine monitoring
5949,0.0013,Low,0,Routine monitoring
5950,0.0003,Low,0,Routine monitoring
5951,0.0003,Low,0,Routine monitoring
5952,0.0015,Low,0,Routine monitoring
5953,1e-04,Low,0,Routine monitoring
5954,0.0038,Low,0,Routine monitoring
5955,0.0008,Low,0,Routine monitoring
5956,0.0004,Low,0,Routine monitoring
5957,0.0011,Low,0,Routine monitoring
5958,0.0002,Low,0,Routine monitoring
5959,1e-04,Low,0,Routine monitoring
5960,0.0003,Low,0,Routine monitoring
5961,0.0007,Low,0,Routine monitoring
5962,0.0009,Low,0,Routine monitoring
5963,0.0018,Low,0,Routine monitoring
5964,0.0004,Low,0,Routine monitoring
5965,0.0004,Low,0,Routine monitoring
5966,0.0014,Low,0,Routine monitoring
5967,0.0009,Low,0,Routine monitoring
5968,0.0,Low,0,Routine monitoring
5969,0.0,Low,0,Routine monitoring
5970,0.0,Low,0,Routine monitoring
5971,0.0017,Low,0,Routine monitoring
5972,0.0003,Low,0,Routine monitoring
5973,0.0,Low,0,Routine monitoring
5974,0.0005,Low,0,Routine monitoring
5975,0.0005,Low,0,Routine monitoring
5976,0.004,Low,0,Routine monitoring
5977,0.0003,Low,0,Routine monitoring
5978,0.003,Low,0,Routine monitoring
5979,0.0013,Low,0,Routine monitoring
5980,1e-04,Low,0,Routine monitoring
5981,0.0,Low,0,Routine monitoring
5982,0.0012,Low,0,Routine monitoring
5983,1e-04,Low,0,Routine monitoring
5984,0.0012,Low,0,Routine monitoring
5985,0.0006,Low,0,Routine monitoring
5986,0.0032,Low,0,Routine monitoring
5987,1e-04,Low,0,Routine monitoring
5988,0.0,Low,0,Routine monitoring
5989,1e-04,Low,0,Routine monitoring
5990,1e-04,Low,0,Routine monitoring
5991,0.0007,Low,0,Routine monitoring
5992,0.0003,Low,0,Routine monitoring
5993,0.0003,Low,0,Routine monitoring
5994,1e-04,Low,0,Routine monitoring
5995,0.0008,Low,0,Routine monitoring
5996,0.003,Low,0,Routine monitoring
5997,0.0,Low,0,Routine monitoring
5998,1e-04,Low,0,Routine monitoring
5999,0.0005,Low,0,Routine monitoring
6000,1e-04,Low,0,Routine monitoring
6001,0.0007,Low,0,Routine monitoring
6002,1e-04,Low,0,Routine monitoring
6003,0.0009,Low,0,Routine monitoring
6004,1e-04,Low,0,Routine monitoring
6005,1e-04,Low,0,Routine monitoring
6006,0.0005,Low,0,Routine monitoring
6007,0.0006,Low,0,Routine monitoring
6008,0.0009,Low,0,Routine monitoring
6009,0.0042,Low,0,Routine monitoring
6010,0.0005,Low,0,Routine monitoring
6011,0.0006,Low,0,Routine monitoring
6012,0.0082,Low,0,Routine monitoring
6013,0.0004,Low,0,Routine monitoring
6014,0.0027,Low,0,Routine monitoring
6015,0.0003,Low,0,Routine monitoring
6016,0.0012,Low,0,Routine monitoring
6017,1e-04,Low,0,Routine monitoring
6018,0.0008,Low,0,Routine monitoring
6019,0.0027,Low,0,Routine monitoring
6020,0.0002,Low,0,Routine monitoring
6021,0.0004,Low,0,Routine monitoring
6022,0.0006,Low,0,Routine monitoring
6023,0.0006,Low,0,Routine monitoring
6024,0.0002,Low,0,Routine monitoring
6025,0.0022,Low,0,Routine monitoring
6026,0.0005,Low,0,Routine monitoring
6027,0.0012,Low,0,Routine monitoring
6028,0.0004,Low,0,Routine monitoring
6029,0.0178,Low,0,Routine monitoring
6030,0.0033,Low,0,Routine monitoring
6031,0.0014,Low,0,Routine monitoring
6032,0.0009,Low,0,Routine monitoring
6033,0.0003,Low,0,Routine monitoring
6034,1e-04,Low,0,Routine monitoring
6035,1e-04,Low,0,Routine monitoring
6036,1e-04,Low,0,Routine monitoring
6037,0.0028,Low,0,Routine monitoring
6038,0.0003,Low,0,Routine monitoring
6039,0.0,Low,0,Routine monitoring
6040,0.0,Low,0,Routine monitoring
6041,0.0022,Low,0,Routine monitoring
6042,0.0009,Low,0,Routine monitoring
6043,0.0004,Low,0,Routine monitoring
6044,0.0,Low,0,Routine monitoring
6045,1e-04,Low,0,Routine monitoring
6046,0.0012,Low,0,Routine monitoring
6047,0.0002,Low,0,Routine monitoring
6048,0.0006,Low,0,Routine monitoring
6049,0.0009,Low,0,Routine monitoring
6050,1e-04,Low,0,Routine monitoring
6051,0.0013,Low,0,Routine monitoring
6052,0.0002,Low,0,Routine monitoring
6053,1e-04,Low,0,Routine monitoring
6054,0.0004,Low,0,Routine monitoring
6055,1e-04,Low,0,Routine monitoring
6056,1e-04,Low,0,Routine monitoring
6057,0.0005,Low,0,Routine monitoring
6058,1e-04,Low,0,Routine monitoring
6059,0.0011,Low,0,Routine monitoring
6060,1e-04,Low,0,Routine monitoring
6061,0.0008,Low,0,Routine monitoring
6062,0.001,Low,0,Routine monitoring
6063,0.0094,Low,0,Routine monitoring
6064,0.0052,Low,0,Routine monitoring
6065,0.0346,Low,0,Routine monitoring
6066,0.0,Low,0,Routine monitoring
6067,0.0002,Low,0,Routine monitoring
6068,0.0003,Low,0,Routine monitoring
6069,0.0009,Low,0,Routine monitoring
6070,1e-04,Low,0,Routine monitoring
6071,0.0003,Low,0,Routine monitoring
6072,0.0002,Low,0,Routine monitoring
6073,0.0005,Low,0,Routine monitoring
6074,0.006,Low,0,Routine monitoring
6075,0.0187,Low,0,Routine monitoring
6076,0.0025,Low,0,Routine monitoring
6077,0.0043,Low,0,Routine monitoring
6078,1e-04,Low,0,Routine monitoring
6079,0.0,Low,0,Routine monitoring
6080,0.0004,Low,0,Routine monitoring
6081,0.0013,Low,0,Routine monitoring
6082,1e-04,Low,0,Routine monitoring
6083,0.0002,Low,0,Routine monitoring
6084,1e-04,Low,0,Routine monitoring
6085,0.0003,Low,0,Routine monitoring
6086,0.0007,Low,0,Routine monitoring
6087,0.0002,Low,0,Routine monitoring
6088,0.0011,Low,0,Routine monitoring
6089,0.0029,Low,0,Routine monitoring
6090,0.0027,Low,0,Routine monitoring
6091,0.0009,Low,0,Routine monitoring
6092,0.0027,Low,0,Routine monitoring
6093,1e-04,Low,0,Routine monitoring
6094,0.024,Low,0,Routine monitoring
6095,0.0011,Low,0,Routine monitoring
6096,0.0004,Low,0,Routine monitoring
6097,0.0015,Low,0,Routine monitoring
6098,0.0003,Low,0,Routine monitoring
6099,1e-04,Low,0,Routine monitoring
6100,0.0013,Low,0,Routine monitoring
6101,0.0004,Low,0,Routine monitoring
6102,0.0017,Low,0,Routine monitoring
6103,0.0002,Low,0,Routine monitoring
6104,1e-04,Low,0,Routine monitoring
6105,0.004,Low,0,Routine monitoring
6106,0.0004,Low,0,Routine monitoring
6107,0.0006,Low,0,Routine monitoring
6108,0.0016,Low,0,Routine monitoring
6109,0.0019,Low,0,Routine monitoring
6110,0.0006,Low,0,Routine monitoring
6111,0.0002,Low,0,Routine monitoring
6112,0.0002,Low,0,Routine monitoring
6113,0.0005,Low,0,Routine monitoring
6114,0.0018,Low,0,Routine monitoring
6115,1e-04,Low,0,Routine monitoring
6116,0.0,Low,0,Routine monitoring
6117,0.0,Low,0,Routine monitoring
6118,0.0,Low,0,Routine monitoring
6119,1e-04,Low,0,Routine monitoring
6120,1e-04,Low,0,Routine monitoring
6121,1e-04,Low,0,Routine monitoring
6122,0.0,Low,0,Routine monitoring
6123,1e-04,Low,0,Routine monitoring
6124,0.0039,Low,0,Routine monitoring
6125,1e-04,Low,0,Routine monitoring
6126,0.0002,Low,0,Routine monitoring
6127,0.0,Low,0,Routine monitoring
6128,0.0006,Low,0,Routine monitoring
6129,0.0005,Low,0,Routine monitoring
6130,0.0054,Low,0,Routine monitoring
6131,0.0022,Low,0,Routine monitoring
6132,0.0017,Low,0,Routine monitoring
6133,1e-04,Low,0,Routine monitoring
6134,0.0005,Low,0,Routine monitoring
6135,0.0004,Low,0,Routine monitoring
6136,0.0027,Low,0,Routine monitoring
6137,0.006,Low,0,Routine monitoring
6138,1e-04,Low,0,Routine monitoring
6139,0.0065,Low,0,Routine monitoring
6140,0.0,Low,0,Routine monitoring
6141,1e-04,Low,0,Routine monitoring
6142,0.0042,Low,0,Routine monitoring
6143,0.0005,Low,0,Routine monitoring
6144,0.001,Low,0,Routine monitoring
6145,0.001,Low,0,Routine monitoring
6146,0.0164,Low,0,Routine monitoring
6147,0.0,Low,0,Routine monitoring
6148,0.0004,Low,0,Routine monitoring
6149,0.0003,Low,0,Routine monitoring
6150,1e-04,Low,0,Routine monitoring
6151,0.0022,Low,0,Routine monitoring
6152,0.0009,Low,0,Routine monitoring
6153,0.001,Low,0,Routine monitoring
6154,0.0017,Low,0,Routine monitoring
6155,0.0027,Low,0,Routine monitoring
6156,0.0003,Low,0,Routine monitoring
6157,0.0009,Low,0,Routine monitoring
6158,1e-04,Low,0,Routine monitoring
6159,0.0,Low,0,Routine monitoring
6160,0.0003,Low,0,Routine monitoring
6161,0.0002,Low,0,Routine monitoring
6162,0.0062,Low,0,Routine monitoring
6163,0.0097,Low,0,Routine monitoring
6164,0.0065,Low,0,Routine monitoring
6165,0.0004,Low,0,Routine monitoring
6166,0.0093,Low,0,Routine monitoring
6167,0.0004,Low,0,Routine monitoring
6168,0.0003,Low,0,Routine monitoring
6169,0.0,Low,0,Routine monitoring
6170,0.0018,Low,0,Routine monitoring
6171,0.0003,Low,0,Routine monitoring
6172,0.0005,Low,0,Routine monitoring
6173,1e-04,Low,0,Routine monitoring
6174,0.0002,Low,0,Routine monitoring
6175,0.0176,Low,0,Routine monitoring
6176,0.0008,Low,0,Routine monitoring
6177,0.0003,Low,0,Routine monitoring
6178,0.0012,Low,0,Routine monitoring
6179,1e-04,Low,0,Routine monitoring
6180,0.0003,Low,0,Routine monitoring
6181,0.001,Low,0,Routine monitoring
6182,0.0,Low,0,Routine monitoring
6183,0.0055,Low,0,Routine monitoring
6184,0.0028,Low,0,Routine monitoring
6185,0.0006,Low,0,Routine monitoring
6186,1e-04,Low,0,Routine monitoring
6187,0.0008,Low,0,Routine monitoring
6188,0.0003,Low,0,Routine monitoring
6189,1e-04,Low,0,Routine monitoring
6190,0.0011,Low,0,Routine monitoring
6191,0.0005,Low,0,Routine monitoring
6192,0.0012,Low,0,Routine monitoring
6193,0.0002,Low,0,Routine monitoring
6194,0.0,Low,0,Routine monitoring
6195,0.0014,Low,0,Routine monitoring
6196,1e-04,Low,0,Routine monitoring
6197,0.0002,Low,0,Routine monitoring
6198,1e-04,Low,0,Routine monitoring
6199,0.0009,Low,0,Routine monitoring
6200,0.0009,Low,0,Routine monitoring
6201,1e-04,Low,0,Routine monitoring
6202,0.0009,Low,0,Routine monitoring
6203,0.0004,Low,0,Routine monitoring
6204,0.0007,Low,0,Routine monitoring
6205,0.0002,Low,0,Routine monitoring
6206,0.0029,Low,0,Routine monitoring
6207,0.0088,Low,0,Routine monitoring
6208,0.0002,Low,0,Routine monitoring
6209,0.0002,Low,0,Routine monitoring
6210,0.0002,Low,0,Routine monitoring
6211,0.0002,Low,0,Routine monitoring
6212,0.0002,Low,0,Routine monitoring
6213,0.0003,Low,0,Routine monitoring
6214,0.0,Low,0,Routine monitoring
6215,0.0004,Low,0,Routine monitoring
6216,0.0,Low,0,Routine monitoring
6217,0.0015,Low,0,Routine monitoring
6218,0.0,Low,0,Routine monitoring
6219,0.0048,Low,0,Routine monitoring
6220,0.0003,Low,0,Routine monitoring
6221,0.0009,Low,0,Routine monitoring
6222,1e-04,Low,0,Routine monitoring
6223,0.03,Low,0,Routine monitoring
6224,1e-04,Low,0,Routine monitoring
6225,0.0004,Low,0,Routine monitoring
6226,0.0003,Low,0,Routine monitoring
6227,0.0003,Low,0,Routine monitoring
6228,0.001,Low,0,Routine monitoring
6229,0.001,Low,0,Routine monitoring
6230,0.0,Low,0,Routine monitoring
6231,0.0006,Low,0,Routine monitoring
6232,0.0002,Low,0,Routine monitoring
6233,0.0046,Low,0,Routine monitoring
6234,0.0004,Low,0,Routine monitoring
6235,0.0039,Low,0,Routine monitoring
6236,0.0008,Low,0,Routine monitoring
6237,0.001,Low,0,Routine monitoring
6238,0.0004,Low,0,Routine monitoring
6239,1e-04,Low,0,Routine monitoring
6240,0.0,Low,0,Routine monitoring
6241,1e-04,Low,0,Routine monitoring
6242,0.0004,Low,0,Routine monitoring
6243,1e-04,Low,0,Routine monitoring
6244,1e-04,Low,0,Routine monitoring
6245,1e-04,Low,0,Routine monitoring
6246,0.0003,Low,0,Routine monitoring
6247,0.0017,Low,0,Routine monitoring
6248,0.0017,Low,0,Routine monitoring
6249,0.0002,Low,0,Routine monitoring
6250,0.0005,Low,0,Routine monitoring
6251,0.0004,Low,0,Routine monitoring
6252,0.0057,Low,0,Routine monitoring
6253,0.0035,Low,0,Routine monitoring
6254,0.0004,Low,0,Routine monitoring
6255,1e-04,Low,0,Routine monitoring
6256,0.0015,Low,0,Routine monitoring
6257,1e-04,Low,0,Routine monitoring
6258,0.0003,Low,0,Routine monitoring
6259,0.0005,Low,0,Routine monitoring
6260,0.001,Low,0,Routine monitoring
6261,0.0005,Low,0,Routine monitoring
6262,0.002,Low,0,Routine monitoring
6263,0.0002,Low,0,Routine monitoring
6264,0.0003,Low,0,Routine monitoring
6265,0.0019,Low,0,Routine monitoring
6266,0.0002,Low,0,Routine monitoring
6267,0.0004,Low,0,Routine monitoring
6268,0.0002,Low,0,Routine monitoring
6269,0.0018,Low,0,Routine monitoring
6270,0.0006,Low,0,Routine monitoring
6271,1e-04,Low,0,Routine monitoring
6272,0.0002,Low,0,Routine monitoring
6273,0.0004,Low,0,Routine monitoring
6274,0.0002,Low,0,Routine monitoring
6275,0.0006,Low,0,Routine monitoring
6276,0.0,Low,0,Routine monitoring
6277,0.0013,Low,0,Routine monitoring
6278,0.0002,Low,0,Routine monitoring
6279,0.0014,Low,0,Routine monitoring
6280,0.0003,Low,0,Routine monitoring
6281,0.0002,Low,0,Routine monitoring
6282,0.0003,Low,0,Routine monitoring
6283,0.0011,Low,0,Routine monitoring
6284,1e-04,Low,0,Routine monitoring
6285,0.0007,Low,0,Routine monitoring
6286,0.0,Low,0,Routine monitoring
6287,0.0006,Low,0,Routine monitoring
6288,0.0,Low,0,Routine monitoring
6289,1e-04,Low,0,Routine monitoring
6290,0.0,Low,0,Routine monitoring
6291,1e-04,Low,0,Routine monitoring
6292,1e-04,Low,0,Routine monitoring
6293,0.0002,Low,0,Routine monitoring
6294,0.0002,Low,0,Routine monitoring
6295,0.0013,Low,0,Routine monitoring
6296,0.0003,Low,0,Routine monitoring
6297,0.0,Low,0,Routine monitoring
6298,0.0019,Low,0,Routine monitoring
6299,0.0003,Low,0,Routine monitoring
6300,0.0023,Low,0,Routine monitoring
6301,1e-04,Low,0,Routine monitoring
6302,0.0007,Low,0,Routine monitoring
6303,0.0003,Low,0,Routine monitoring
6304,1e-04,Low,0,Routine monitoring
6305,1e-04,Low,0,Routine monitoring
6306,0.0002,Low,0,Routine monitoring
6307,0.0,Low,0,Routine monitoring
6308,1e-04,Low,0,Routine monitoring
6309,0.0006,Low,0,Routine monitoring
6310,0.0,Low,0,Routine monitoring
6311,0.0002,Low,0,Routine monitoring
6312,0.0,Low,0,Routine monitoring
6313,0.0005,Low,0,Routine monitoring
6314,1e-04,Low,0,Routine monitoring
6315,0.0006,Low,0,Routine monitoring
6316,0.0011,Low,0,Routine monitoring
6317,1e-04,Low,0,Routine monitoring
6318,1e-04,Low,0,Routine monitoring
6319,0.001,Low,0,Routine monitoring
6320,1e-04,Low,0,Routine monitoring
6321,0.0011,Low,0,Routine monitoring
6322,0.0035,Low,0,Routine monitoring
6323,0.0004,Low,0,Routine monitoring
6324,0.0005,Low,0,Routine monitoring
6325,0.0015,Low,0,Routine monitoring
6326,1e-04,Low,0,Routine monitoring
6327,1e-04,Low,0,Routine monitoring
6328,0.002,Low,0,Routine monitoring
6329,0.0006,Low,0,Routine monitoring
6330,0.0328,Low,0,Routine monitoring
6331,1e-04,Low,0,Routine monitoring
6332,0.0005,Low,0,Routine monitoring
6333,0.0042,Low,0,Routine monitoring
6334,0.0041,Low,0,Routine monitoring
6335,0.0039,Low,0,Routine monitoring
6336,0.0015,Low,0,Routine monitoring
6337,0.0082,Low,0,Routine monitoring
6338,0.0067,Low,0,Routine monitoring
6339,0.0105,Low,0,Routine monitoring
6340,0.002,Low,0,Routine monitoring
6341,0.002,Low,0,Routine monitoring
6342,0.0016,Low,0,Routine monitoring
6343,0.0006,Low,0,Routine monitoring
6344,0.0015,Low,0,Routine monitoring
6345,0.0008,Low,0,Routine monitoring
6346,0.001,Low,0,Routine monitoring
6347,1e-04,Low,0,Routine monitoring
6348,0.0003,Low,0,Routine monitoring
6349,0.0004,Low,0,Routine monitoring
6350,0.0005,Low,0,Routine monitoring
6351,0.0,Low,0,Routine monitoring
6352,0.0011,Low,0,Routine monitoring
6353,0.0002,Low,0,Routine monitoring
6354,0.0018,Low,0,Routine monitoring
6355,0.0063,Low,0,Routine monitoring
6356,0.0004,Low,0,Routine monitoring
6357,0.0004,Low,0,Routine monitoring
6358,0.0003,Low,0,Routine monitoring
6359,0.0025,Low,0,Routine monitoring
6360,0.0018,Low,0,Routine monitoring
6361,1e-04,Low,0,Routine monitoring
6362,0.0,Low,0,Routine monitoring
6363,0.0,Low,0,Routine monitoring
6364,0.0112,Low,0,Routine monitoring
6365,1e-04,Low,0,Routine monitoring
6366,0.0005,Low,0,Routine monitoring
6367,1e-04,Low,0,Routine monitoring
6368,0.0359,Low,0,Routine monitoring
6369,1e-04,Low,0,Routine monitoring
6370,0.0012,Low,0,Routine monitoring
6371,0.0038,Low,0,Routine monitoring
6372,0.0002,Low,0,Routine monitoring
6373,0.0007,Low,0,Routine monitoring
6374,0.0003,Low,0,Routine monitoring
6375,0.0011,Low,0,Routine monitoring
6376,0.0037,Low,0,Routine monitoring
6377,0.0007,Low,0,Routine monitoring
6378,0.0007,Low,0,Routine monitoring
6379,0.0027,Low,0,Routine monitoring
6380,0.0166,Low,0,Routine monitoring
6381,0.0008,Low,0,Routine monitoring
6382,0.0018,Low,0,Routine monitoring
6383,0.0004,Low,0,Routine monitoring
6384,0.001,Low,0,Routine monitoring
6385,0.0002,Low,0,Routine monitoring
6386,0.0,Low,0,Routine monitoring
6387,0.0013,Low,0,Routine monitoring
6388,0.0006,Low,0,Routine monitoring
6389,0.0002,Low,0,Routine monitoring
6390,1e-04,Low,0,Routine monitoring
6391,0.0011,Low,0,Routine monitoring
6392,0.0004,Low,0,Routine monitoring
6393,0.0007,Low,0,Routine monitoring
6394,0.0002,Low,0,Routine monitoring
6395,0.0012,Low,0,Routine monitoring
6396,0.0005,Low,0,Routine monitoring
6397,0.0,Low,0,Routine monitoring
6398,0.0,Low,0,Routine monitoring
6399,0.0073,Low,0,Routine monitoring
6400,0.0005,Low,0,Routine monitoring
6401,1e-04,Low,0,Routine monitoring
6402,1e-04,Low,0,Routine monitoring
6403,0.0013,Low,0,Routine monitoring
6404,1e-04,Low,0,Routine monitoring
6405,1e-04,Low,0,Routine monitoring
6406,0.0016,Low,0,Routine monitoring
6407,1e-04,Low,0,Routine monitoring
6408,0.001,Low,0,Routine monitoring
6409,0.0,Low,0,Routine monitoring
6410,1e-04,Low,0,Routine monitoring
6411,0.0008,Low,0,Routine monitoring
6412,0.0,Low,0,Routine monitoring
6413,0.0004,Low,0,Routine monitoring
6414,0.0003,Low,0,Routine monitoring
6415,0.0011,Low,0,Routine monitoring
6416,1e-04,Low,0,Routine monitoring
6417,0.0004,Low,0,Routine monitoring
6418,0.0047,Low,0,Routine monitoring
6419,0.0006,Low,0,Routine monitoring
6420,1e-04,Low,0,Routine monitoring
6421,1e-04,Low,0,Routine monitoring
6422,0.002,Low,0,Routine monitoring
6423,1e-04,Low,0,Routine monitoring
6424,0.0,Low,0,Routine monitoring
6425,0.0005,Low,0,Routine monitoring
6426,0.0019,Low,0,Routine monitoring
6427,0.0,Low,0,Routine monitoring
6428,0.0003,Low,0,Routine monitoring
6429,0.001,Low,0,Routine monitoring
6430,0.0006,Low,0,Routine monitoring
6431,0.0033,Low,0,Routine monitoring
6432,1e-04,Low,0,Routine monitoring
6433,0.0004,Low,0,Routine monitoring
6434,1e-04,Low,0,Routine monitoring
6435,0.0007,Low,0,Routine monitoring
6436,0.002,Low,0,Routine monitoring
6437,0.0003,Low,0,Routine monitoring
6438,0.0004,Low,0,Routine monitoring
6439,0.001,Low,0,Routine monitoring
6440,1e-04,Low,0,Routine monitoring
6441,0.0,Low,0,Routine monitoring
6442,0.0006,Low,0,Routine monitoring
6443,0.0007,Low,0,Routine monitoring
6444,0.0023,Low,0,Routine monitoring
6445,0.0031,Low,0,Routine monitoring
6446,0.0006,Low,0,Routine monitoring
6447,0.0015,Low,0,Routine monitoring
6448,0.0074,Low,0,Routine monitoring
6449,0.0003,Low,0,Routine monitoring
6450,0.0008,Low,0,Routine monitoring
6451,0.0,Low,0,Routine monitoring
6452,0.0002,Low,0,Routine monitoring
6453,0.0003,Low,0,Routine monitoring
6454,0.0004,Low,0,Routine monitoring
6455,0.0003,Low,0,Routine monitoring
6456,0.0,Low,0,Routine monitoring
6457,1e-04,Low,0,Routine monitoring
6458,0.0023,Low,0,Routine monitoring
6459,0.0005,Low,0,Routine monitoring
6460,1e-04,Low,0,Routine monitoring
6461,0.0002,Low,0,Routine monitoring
6462,0.0003,Low,0,Routine monitoring
6463,0.0041,Low,0,Routine monitoring
6464,1e-04,Low,0,Routine monitoring
6465,0.0,Low,0,Routine monitoring
6466,0.0013,Low,0,Routine monitoring
6467,0.0023,Low,0,Routine monitoring
6468,0.0028,Low,0,Routine monitoring
6469,0.0039,Low,0,Routine monitoring
6470,1e-04,Low,0,Routine monitoring
6471,0.0006,Low,0,Routine monitoring
6472,0.0,Low,0,Routine monitoring
6473,0.0067,Low,0,Routine monitoring
6474,0.0,Low,0,Routine monitoring
6475,0.0268,Low,0,Routine monitoring
6476,0.0003,Low,0,Routine monitoring
6477,0.0015,Low,0,Routine monitoring
6478,0.0005,Low,0,Routine monitoring
6479,0.11,Low,0,Routine monitoring
6480,0.0324,Low,0,Routine monitoring
6481,0.0007,Low,0,Routine monitoring
6482,0.0003,Low,0,Routine monitoring
6483,0.0015,Low,0,Routine monitoring
6484,0.0008,Low,0,Routine monitoring
6485,1e-04,Low,0,Routine monitoring
6486,0.0,Low,0,Routine monitoring
6487,0.0,Low,0,Routine monitoring
6488,0.0,Low,0,Routine monitoring
6489,0.0078,Low,0,Routine monitoring
6490,0.0005,Low,0,Routine monitoring
6491,0.0003,Low,0,Routine monitoring
6492,0.0004,Low,0,Routine monitoring
6493,0.0025,Low,0,Routine monitoring
6494,0.0007,Low,0,Routine monitoring
6495,0.0,Low,0,Routine monitoring
6496,0.0,Low,0,Routine monitoring
6497,0.0003,Low,0,Routine monitoring
6498,0.009,Low,0,Routine monitoring
6499,0.0005,Low,0,Routine monitoring
6500,0.0005,Low,0,Routine monitoring
6501,0.001,Low,0,Routine monitoring
6502,0.0003,Low,0,Routine monitoring
6503,0.0063,Low,0,Routine monitoring
6504,0.0011,Low,0,Routine monitoring
6505,0.0013,Low,0,Routine monitoring
6506,0.0003,Low,0,Routine monitoring
6507,0.0002,Low,0,Routine monitoring
6508,0.0063,Low,0,Routine monitoring
6509,0.0,Low,0,Routine monitoring
6510,0.0194,Low,0,Routine monitoring
6511,0.0107,Low,0,Routine monitoring
6512,0.0003,Low,0,Routine monitoring
6513,0.0055,Low,0,Routine monitoring
6514,0.0009,Low,0,Routine monitoring
6515,0.0007,Low,0,Routine monitoring
6516,0.0,Low,0,Routine monitoring
6517,0.0029,Low,0,Routine monitoring
6518,0.0057,Low,0,Routine monitoring
6519,0.0003,Low,0,Routine monitoring
6520,0.0,Low,0,Routine monitoring
6521,0.0111,Low,0,Routine monitoring
6522,0.0701,Low,0,Routine monitoring
6523,0.0071,Low,0,Routine monitoring
6524,0.0006,Low,0,Routine monitoring
6525,0.0021,Low,0,Routine monitoring
6526,0.0209,Low,0,Routine monitoring
6527,0.0007,Low,0,Routine monitoring
6528,0.0007,Low,0,Routine monitoring
6529,0.0008,Low,0,Routine monitoring
6530,0.0003,Low,0,Routine monitoring
6531,0.0009,Low,0,Routine monitoring
6532,0.0008,Low,0,Routine monitoring
6533,0.0002,Low,0,Routine monitoring
6534,0.0009,Low,0,Routine monitoring
6535,0.007,Low,0,Routine monitoring
6536,0.0005,Low,0,Routine monitoring
6537,0.0019,Low,0,Routine monitoring
6538,0.0,Low,0,Routine monitoring
6539,0.0008,Low,0,Routine monitoring
6540,0.0019,Low,0,Routine monitoring
6541,0.0029,Low,0,Routine monitoring
6542,0.0162,Low,0,Routine monitoring
6543,0.001,Low,0,Routine monitoring
6544,0.0034,Low,0,Routine monitoring
6545,0.0,Low,0,Routine monitoring
6546,0.0004,Low,0,Routine monitoring
6547,0.0013,Low,0,Routine monitoring
6548,0.0006,Low,0,Routine monitoring
6549,0.002,Low,0,Routine monitoring
6550,0.0022,Low,0,Routine monitoring
6551,0.0,Low,0,Routine monitoring
6552,0.0004,Low,0,Routine monitoring
6553,1e-04,Low,0,Routine monitoring
6554,0.0002,Low,0,Routine monitoring
6555,1e-04,Low,0,Routine monitoring
6556,0.0004,Low,0,Routine monitoring
6557,0.0,Low,0,Routine monitoring
6558,0.0,Low,0,Routine monitoring
6559,1e-04,Low,0,Routine monitoring
6560,0.0002,Low,0,Routine monitoring
6561,0.0,Low,0,Routine monitoring
6562,1e-04,Low,0,Routine monitoring
6563,1e-04,Low,0,Routine monitoring
6564,0.0026,Low,0,Routine monitoring
6565,0.0006,Low,0,Routine monitoring
6566,0.0003,Low,0,Routine monitoring
6567,0.0002,Low,0,Routine monitoring
6568,0.0003,Low,0,Routine monitoring
6569,0.0004,Low,0,Routine monitoring
6570,0.0,Low,0,Routine monitoring
6571,0.0003,Low,0,Routine monitoring
6572,0.0488,Low,0,Routine monitoring
6573,1e-04,Low,0,Routine monitoring
6574,1e-04,Low,0,Routine monitoring
6575,0.0006,Low,0,Routine monitoring
6576,0.0011,Low,0,Routine monitoring
6577,0.0018,Low,0,Routine monitoring
6578,0.0,Low,0,Routine monitoring
6579,0.0009,Low,0,Routine monitoring
6580,1e-04,Low,0,Routine monitoring
6581,0.0,Low,0,Routine monitoring
6582,0.0007,Low,0,Routine monitoring
6583,0.0002,Low,0,Routine monitoring
6584,0.0042,Low,0,Routine monitoring
6585,0.0004,Low,0,Routine monitoring
6586,0.0456,Low,0,Routine monitoring
6587,0.0005,Low,0,Routine monitoring
6588,0.0,Low,0,Routine monitoring
6589,0.0033,Low,0,Routine monitoring
6590,0.0088,Low,0,Routine monitoring
6591,0.0,Low,0,Routine monitoring
6592,0.0004,Low,0,Routine monitoring
6593,0.0004,Low,0,Routine monitoring
6594,0.0003,Low,0,Routine monitoring
6595,0.0009,Low,0,Routine monitoring
6596,0.0002,Low,0,Routine monitoring
6597,0.0417,Low,0,Routine monitoring
6598,0.0003,Low,0,Routine monitoring
6599,0.0009,Low,0,Routine monitoring
6600,1e-04,Low,0,Routine monitoring
6601,0.0006,Low,0,Routine monitoring
6602,0.0027,Low,0,Routine monitoring
6603,0.0,Low,0,Routine monitoring
6604,0.0038,Low,0,Routine monitoring
6605,0.0022,Low,0,Routine monitoring
6606,1e-04,Low,0,Routine monitoring
6607,1e-04,Low,0,Routine monitoring
6608,0.0003,Low,0,Routine monitoring
6609,0.0023,Low,0,Routine monitoring
6610,0.0002,Low,0,Routine monitoring
6611,0.0003,Low,0,Routine monitoring
6612,0.0008,Low,0,Routine monitoring
6613,0.0005,Low,0,Routine monitoring
6614,0.0003,Low,0,Routine monitoring
6615,0.0006,Low,0,Routine monitoring
6616,0.0012,Low,0,Routine monitoring
6617,1e-04,Low,0,Routine monitoring
6618,0.0014,Low,0,Routine monitoring
6619,1e-04,Low,0,Routine monitoring
6620,0.0003,Low,0,Routine monitoring
6621,0.0022,Low,0,Routine monitoring
6622,0.1171,Low,0,Routine monitoring
6623,0.0007,Low,0,Routine monitoring
6624,0.0024,Low,0,Routine monitoring
6625,0.0517,Low,0,Routine monitoring
6626,0.0,Low,0,Routine monitoring
6627,1e-04,Low,0,Routine monitoring
6628,0.0041,Low,0,Routine monitoring
6629,0.0003,Low,0,Routine monitoring
6630,0.0003,Low,0,Routine monitoring
6631,0.0002,Low,0,Routine monitoring
6632,1e-04,Low,0,Routine monitoring
6633,0.0024,Low,0,Routine monitoring
6634,1e-04,Low,0,Routine monitoring
6635,0.015,Low,0,Routine monitoring
6636,0.0,Low,0,Routine monitoring
6637,0.0006,Low,0,Routine monitoring
6638,0.0004,Low,0,Routine monitoring
6639,0.005,Low,0,Routine monitoring
6640,1e-04,Low,0,Routine monitoring
6641,0.0002,Low,0,Routine monitoring
6642,0.0005,Low,0,Routine monitoring
6643,0.0014,Low,0,Routine monitoring
6644,0.0,Low,0,Routine monitoring
6645,0.0,Low,0,Routine monitoring
6646,0.0002,Low,0,Routine monitoring
6647,1e-04,Low,0,Routine monitoring
6648,0.0017,Low,0,Routine monitoring
6649,0.0113,Low,0,Routine monitoring
6650,0.0,Low,0,Routine monitoring
6651,0.0005,Low,0,Routine monitoring
6652,1e-04,Low,0,Routine monitoring
6653,0.0003,Low,0,Routine monitoring
6654,0.0002,Low,0,Routine monitoring
6655,0.0006,Low,0,Routine monitoring
6656,0.0007,Low,0,Routine monitoring
6657,0.0013,Low,0,Routine monitoring
6658,0.0,Low,0,Routine monitoring
6659,0.0007,Low,0,Routine monitoring
6660,0.0002,Low,0,Routine monitoring
6661,1e-04,Low,0,Routine monitoring
6662,0.0004,Low,0,Routine monitoring
6663,1e-04,Low,0,Routine monitoring
6664,0.0,Low,0,Routine monitoring
6665,1e-04,Low,0,Routine monitoring
6666,0.0005,Low,0,Routine monitoring
6667,0.0,Low,0,Routine monitoring
6668,0.0007,Low,0,Routine monitoring
6669,1e-04,Low,0,Routine monitoring
6670,0.0018,Low,0,Routine monitoring
6671,0.0002,Low,0,Routine monitoring
6672,0.0005,Low,0,Routine monitoring
6673,0.0002,Low,0,Routine monitoring
6674,0.0,Low,0,Routine monitoring
6675,0.0,Low,0,Routine monitoring
6676,1e-04,Low,0,Routine monitoring
6677,1e-04,Low,0,Routine monitoring
6678,0.0003,Low,0,Routine monitoring
6679,0.0004,Low,0,Routine monitoring
6680,0.0003,Low,0,Routine monitoring
6681,0.0016,Low,0,Routine monitoring
6682,0.0034,Low,0,Routine monitoring
6683,0.0012,Low,0,Routine monitoring
6684,0.0108,Low,0,Routine monitoring
6685,0.0006,Low,0,Routine monitoring
6686,0.001,Low,0,Routine monitoring
6687,0.0002,Low,0,Routine monitoring
6688,0.0006,Low,0,Routine monitoring
6689,0.0002,Low,0,Routine monitoring
6690,0.0003,Low,0,Routine monitoring
6691,0.0005,Low,0,Routine monitoring
6692,1e-04,Low,0,Routine monitoring
6693,1e-04,Low,0,Routine monitoring
6694,1e-04,Low,0,Routine monitoring
6695,0.0026,Low,0,Routine monitoring
6696,0.0002,Low,0,Routine monitoring
6697,1e-04,Low,0,Routine monitoring
6698,0.0004,Low,0,Routine monitoring
6699,0.0007,Low,0,Routine monitoring
6700,0.0003,Low,0,Routine monitoring
6701,1e-04,Low,0,Routine monitoring
6702,0.0002,Low,0,Routine monitoring
6703,0.0008,Low,0,Routine monitoring
6704,0.0003,Low,0,Routine monitoring
6705,0.0022,Low,0,Routine monitoring
6706,0.0003,Low,0,Routine monitoring
6707,0.001,Low,0,Routine monitoring
6708,0.0002,Low,0,Routine monitoring
6709,1e-04,Low,0,Routine monitoring
6710,0.0012,Low,0,Routine monitoring
6711,0.0004,Low,0,Routine monitoring
6712,0.0007,Low,0,Routine monitoring
6713,1e-04,Low,0,Routine monitoring
6714,0.0019,Low,0,Routine monitoring
6715,0.0,Low,0,Routine monitoring
6716,0.0,Low,0,Routine monitoring
6717,0.0005,Low,0,Routine monitoring
6718,0.0042,Low,0,Routine monitoring
6719,0.0014,Low,0,Routine monitoring
6720,0.0,Low,0,Routine monitoring
6721,0.0024,Low,0,Routine monitoring
6722,0.0005,Low,0,Routine monitoring
6723,0.0379,Low,0,Routine monitoring
6724,0.003,Low,0,Routine monitoring
6725,0.0002,Low,0,Routine monitoring
6726,0.0003,Low,0,Routine monitoring
6727,0.0009,Low,0,Routine monitoring
6728,0.0007,Low,0,Routine monitoring
6729,0.0,Low,0,Routine monitoring
6730,0.0041,Low,0,Routine monitoring
6731,0.004,Low,0,Routine monitoring
6732,0.001,Low,0,Routine monitoring
6733,0.0062,Low,0,Routine monitoring
6734,0.0041,Low,0,Routine monitoring
6735,0.001,Low,0,Routine monitoring
6736,0.0049,Low,0,Routine monitoring
6737,0.0002,Low,0,Routine monitoring
6738,0.0006,Low,0,Routine monitoring
6739,0.0005,Low,0,Routine monitoring
6740,0.0041,Low,0,Routine monitoring
6741,0.0006,Low,0,Routine monitoring
6742,0.0,Low,0,Routine monitoring
6743,0.0002,Low,0,Routine monitoring
6744,0.0003,Low,0,Routine monitoring
6745,1e-04,Low,0,Routine monitoring
6746,1e-04,Low,0,Routine monitoring
6747,0.002,Low,0,Routine monitoring
6748,0.0027,Low,0,Routine monitoring
6749,0.0029,Low,0,Routine monitoring
6750,0.0017,Low,0,Routine monitoring
6751,0.0,Low,0,Routine monitoring
6752,0.0002,Low,0,Routine monitoring
6753,0.0004,Low,0,Routine monitoring
6754,0.0002,Low,0,Routine monitoring
6755,0.0017,Low,0,Routine monitoring
6756,0.0,Low,0,Routine monitoring
6757,0.0002,Low,0,Routine monitoring
6758,0.0002,Low,0,Routine monitoring
6759,0.0002,Low,0,Routine monitoring
6760,0.0016,Low,0,Routine monitoring
6761,0.002,Low,0,Routine monitoring
6762,0.0011,Low,0,Routine monitoring
6763,0.005,Low,0,Routine monitoring
6764,0.0034,Low,0,Routine monitoring
6765,0.0005,Low,0,Routine monitoring
6766,0.0268,Low,0,Routine monitoring
6767,0.0,Low,0,Routine monitoring
6768,1e-04,Low,0,Routine monitoring
6769,0.1557,Low,0,Routine monitoring
6770,0.0002,Low,0,Routine monitoring
6771,1e-04,Low,0,Routine monitoring
6772,0.0041,Low,0,Routine monitoring
6773,0.0005,Low,0,Routine monitoring
6774,0.0011,Low,0,Routine monitoring
6775,0.0044,Low,0,Routine monitoring
6776,0.0007,Low,0,Routine monitoring
6777,0.0019,Low,0,Routine monitoring
6778,0.0052,Low,0,Routine monitoring
6779,1e-04,Low,0,Routine monitoring
6780,0.0,Low,0,Routine monitoring
6781,1e-04,Low,0,Routine monitoring
6782,0.001,Low,0,Routine monitoring
6783,0.0009,Low,0,Routine monitoring
6784,1e-04,Low,0,Routine monitoring
6785,0.0007,Low,0,Routine monitoring
6786,0.0265,Low,0,Routine monitoring
6787,0.0008,Low,0,Routine monitoring
6788,1e-04,Low,0,Routine monitoring
6789,0.0058,Low,0,Routine monitoring
6790,0.0,Low,0,Routine monitoring
6791,0.001,Low,0,Routine monitoring
6792,0.0002,Low,0,Routine monitoring
6793,1e-04,Low,0,Routine monitoring
6794,1e-04,Low,0,Routine monitoring
6795,0.0006,Low,0,Routine monitoring
6796,0.0066,Low,0,Routine monitoring
6797,0.0033,Low,0,Routine monitoring
6798,0.0008,Low,0,Routine monitoring
6799,0.0016,Low,0,Routine monitoring
6800,0.0012,Low,0,Routine monitoring
6801,0.0003,Low,0,Routine monitoring
6802,0.0003,Low,0,Routine monitoring
6803,0.0003,Low,0,Routine monitoring
6804,0.0008,Low,0,Routine monitoring
6805,0.0003,Low,0,Routine monitoring
6806,0.0002,Low,0,Routine monitoring
6807,0.0007,Low,0,Routine monitoring
6808,0.0009,Low,0,Routine monitoring
6809,0.0002,Low,0,Routine monitoring
6810,0.0004,Low,0,Routine monitoring
6811,0.0016,Low,0,Routine monitoring
6812,0.0005,Low,0,Routine monitoring
6813,0.005,Low,0,Routine monitoring
6814,0.0003,Low,0,Routine monitoring
6815,0.0,Low,0,Routine monitoring
6816,0.0,Low,0,Routine monitoring
6817,0.0005,Low,0,Routine monitoring
6818,0.0008,Low,0,Routine monitoring
6819,0.0106,Low,0,Routine monitoring
6820,0.0004,Low,0,Routine monitoring
6821,0.0013,Low,0,Routine monitoring
6822,0.0003,Low,0,Routine monitoring
6823,0.0004,Low,0,Routine monitoring
6824,0.022,Low,0,Routine monitoring
6825,0.0025,Low,0,Routine monitoring
6826,0.0043,Low,0,Routine monitoring
6827,0.0023,Low,0,Routine monitoring
6828,0.0002,Low,0,Routine monitoring
6829,0.0021,Low,0,Routine monitoring
6830,0.0,Low,0,Routine monitoring
6831,0.0042,Low,0,Routine monitoring
6832,0.0007,Low,0,Routine monitoring
6833,0.0002,Low,0,Routine monitoring
6834,1e-04,Low,0,Routine monitoring
6835,0.0519,Low,0,Routine monitoring
6836,0.0079,Low,0,Routine monitoring
6837,1e-04,Low,0,Routine monitoring
6838,0.0,Low,0,Routine monitoring
6839,0.0005,Low,0,Routine monitoring
6840,0.001,Low,0,Routine monitoring
6841,0.0029,Low,0,Routine monitoring
6842,0.0002,Low,0,Routine monitoring
6843,0.0006,Low,0,Routine monitoring
6844,0.0018,Low,0,Routine monitoring
6845,0.0002,Low,0,Routine monitoring
6846,0.001,Low,0,Routine monitoring
6847,0.0015,Low,0,Routine monitoring
6848,0.0012,Low,0,Routine monitoring
6849,0.0013,Low,0,Routine monitoring
6850,0.0,Low,0,Routine monitoring
6851,0.0002,Low,0,Routine monitoring
6852,0.0013,Low,0,Routine monitoring
6853,0.0004,Low,0,Routine monitoring
6854,0.0055,Low,0,Routine monitoring
6855,0.0011,Low,0,Routine monitoring
6856,0.0023,Low,0,Routine monitoring
6857,0.0012,Low,0,Routine monitoring
6858,1e-04,Low,0,Routine monitoring
6859,0.0088,Low,0,Routine monitoring
6860,0.0004,Low,0,Routine monitoring
6861,0.0603,Low,0,Routine monitoring
6862,0.0,Low,0,Routine monitoring
6863,0.0007,Low,0,Routine monitoring
6864,1e-04,Low,0,Routine monitoring
6865,0.0011,Low,0,Routine monitoring
6866,0.0005,Low,0,Routine monitoring
6867,0.0128,Low,0,Routine monitoring
6868,0.0008,Low,0,Routine monitoring
6869,0.0024,Low,0,Routine monitoring
6870,0.0,Low,0,Routine monitoring
6871,0.0009,Low,0,Routine monitoring
6872,0.0012,Low,0,Routine monitoring
6873,0.0007,Low,0,Routine monitoring
6874,0.0006,Low,0,Routine monitoring
6875,0.0003,Low,0,Routine monitoring
6876,0.0002,Low,0,Routine monitoring
6877,0.0029,Low,0,Routine monitoring
6878,0.0006,Low,0,Routine monitoring
6879,0.0029,Low,0,Routine monitoring
6880,0.0035,Low,0,Routine monitoring
6881,0.0062,Low,0,Routine monitoring
6882,0.0015,Low,0,Routine monitoring
6883,0.0421,Low,0,Routine monitoring
6884,0.0011,Low,0,Routine monitoring
6885,0.0008,Low,0,Routine monitoring
6886,1e-04,Low,0,Routine monitoring
6887,0.0,Low,0,Routine monitoring
6888,0.0,Low,0,Routine monitoring
6889,1e-04,Low,0,Routine monitoring
6890,0.0159,Low,0,Routine monitoring
6891,0.0016,Low,0,Routine monitoring
6892,0.0022,Low,0,Routine monitoring
6893,0.0005,Low,0,Routine monitoring
6894,0.0009,Low,0,Routine monitoring
6895,0.0009,Low,0,Routine monitoring
6896,0.0017,Low,0,Routine monitoring
6897,0.0103,Low,0,Routine monitoring
6898,0.0005,Low,0,Routine monitoring
6899,1e-04,Low,0,Routine monitoring
6900,0.0009,Low,0,Routine monitoring
6901,1e-04,Low,0,Routine monitoring
6902,0.0,Low,0,Routine monitoring
6903,1e-04,Low,0,Routine monitoring
6904,0.0,Low,0,Routine monitoring
6905,0.0014,Low,0,Routine monitoring
6906,0.0,Low,0,Routine monitoring
6907,0.0003,Low,0,Routine monitoring
6908,1e-04,Low,0,Routine monitoring
6909,0.0021,Low,0,Routine monitoring
6910,1e-04,Low,0,Routine monitoring
6911,0.0,Low,0,Routine monitoring
6912,1e-04,Low,0,Routine monitoring
6913,0.0002,Low,0,Routine monitoring
6914,0.0028,Low,0,Routine monitoring
6915,0.0004,Low,0,Routine monitoring
6916,0.0002,Low,0,Routine monitoring
6917,0.0357,Low,0,Routine monitoring
6918,1e-04,Low,0,Routine monitoring
6919,1e-04,Low,0,Routine monitoring
6920,0.0005,Low,0,Routine monitoring
6921,0.0074,Low,0,Routine monitoring
6922,1e-04,Low,0,Routine monitoring
6923,0.0019,Low,0,Routine monitoring
6924,0.0006,Low,0,Routine monitoring
6925,0.0,Low,0,Routine monitoring
6926,0.0017,Low,0,Routine monitoring
6927,0.0009,Low,0,Routine monitoring
6928,1e-04,Low,0,Routine monitoring
6929,0.0031,Low,0,Routine monitoring
6930,0.0009,Low,0,Routine monitoring
6931,1e-04,Low,0,Routine monitoring
6932,1e-04,Low,0,Routine monitoring
6933,0.0005,Low,0,Routine monitoring
6934,1e-04,Low,0,Routine monitoring
6935,0.0002,Low,0,Routine monitoring
6936,1e-04,Low,0,Routine monitoring
6937,0.0003,Low,0,Routine monitoring
6938,0.0,Low,0,Routine monitoring
6939,0.009,Low,0,Routine monitoring
6940,1e-04,Low,0,Routine monitoring
6941,0.0013,Low,0,Routine monitoring
6942,0.012,Low,0,Routine monitoring
6943,0.0015,Low,0,Routine monitoring
6944,0.0048,Low,0,Routine monitoring
6945,0.0268,Low,0,Routine monitoring
6946,0.003,Low,0,Routine monitoring
6947,0.0045,Low,0,Routine monitoring
6948,0.0016,Low,0,Routine monitoring
6949,0.0007,Low,0,Routine monitoring
6950,1e-04,Low,0,Routine monitoring
6951,1e-04,Low,0,Routine monitoring
6952,0.0013,Low,0,Routine monitoring
6953,1e-04,Low,0,Routine monitoring
6954,0.0003,Low,0,Routine monitoring
6955,0.0005,Low,0,Routine monitoring
6956,0.0003,Low,0,Routine monitoring
6957,0.0073,Low,0,Routine monitoring
6958,1e-04,Low,0,Routine monitoring
6959,0.0004,Low,0,Routine monitoring
6960,0.0011,Low,0,Routine monitoring
6961,0.0003,Low,0,Routine monitoring
6962,0.0015,Low,0,Routine monitoring
6963,1e-04,Low,0,Routine monitoring
6964,1e-04,Low,0,Routine monitoring
6965,0.0002,Low,0,Routine monitoring
6966,0.0011,Low,0,Routine monitoring
6967,1e-04,Low,0,Routine monitoring
6968,0.0,Low,0,Routine monitoring
6969,0.0003,Low,0,Routine monitoring
6970,0.0003,Low,0,Routine monitoring
6971,0.0,Low,0,Routine monitoring
6972,0.0005,Low,0,Routine monitoring
6973,0.0003,Low,0,Routine monitoring
6974,0.0004,Low,0,Routine monitoring
6975,0.0011,Low,0,Routine monitoring
6976,1e-04,Low,0,Routine monitoring
6977,0.0002,Low,0,Routine monitoring
6978,1e-04,Low,0,Routine monitoring
6979,0.0,Low,0,Routine monitoring
6980,0.0,Low,0,Routine monitoring
6981,1e-04,Low,0,Routine monitoring
6982,0.0008,Low,0,Routine monitoring
6983,0.0003,Low,0,Routine monitoring
6984,0.0029,Low,0,Routine monitoring
6985,0.0002,Low,0,Routine monitoring
6986,0.0007,Low,0,Routine monitoring
6987,0.0064,Low,0,Routine monitoring
6988,0.0002,Low,0,Routine monitoring
6989,1e-04,Low,0,Routine monitoring
6990,0.0014,Low,0,Routine monitoring
6991,0.0002,Low,0,Routine monitoring
6992,0.0002,Low,0,Routine monitoring
6993,0.0009,Low,0,Routine monitoring
6994,1e-04,Low,0,Routine monitoring
6995,0.0008,Low,0,Routine monitoring
6996,0.0003,Low,0,Routine monitoring
6997,0.0003,Low,0,Routine monitoring
6998,0.0002,Low,0,Routine monitoring
6999,0.0011,Low,0,Routine monitoring
7000,0.0009,Low,0,Routine monitoring
7001,0.0,Low,0,Routine monitoring
7002,0.002,Low,0,Routine monitoring
7003,0.0003,Low,0,Routine monitoring
7004,0.0027,Low,0,Routine monitoring
7005,1e-04,Low,0,Routine monitoring
7006,0.0002,Low,0,Routine monitoring
7007,0.0002,Low,0,Routine monitoring
7008,0.0007,Low,0,Routine monitoring
7009,0.0019,Low,0,Routine monitoring
7010,1e-04,Low,0,Routine monitoring
7011,0.0,Low,0,Routine monitoring
7012,0.0002,Low,0,Routine monitoring
7013,0.0,Low,0,Routine monitoring
7014,0.0019,Low,0,Routine monitoring
7015,0.0004,Low,0,Routine monitoring
7016,0.0013,Low,0,Routine monitoring
7017,0.0002,Low,0,Routine monitoring
7018,1e-04,Low,0,Routine monitoring
7019,0.0,Low,0,Routine monitoring
7020,0.0012,Low,0,Routine monitoring
7021,0.0012,Low,0,Routine monitoring
7022,0.0007,Low,0,Routine monitoring
7023,1e-04,Low,0,Routine monitoring
7024,1e-04,Low,0,Routine monitoring
7025,1e-04,Low,0,Routine monitoring
7026,0.0003,Low,0,Routine monitoring
7027,0.0029,Low,0,Routine monitoring
7028,1e-04,Low,0,Routine monitoring
7029,1e-04,Low,0,Routine monitoring
7030,0.0023,Low,0,Routine monitoring
7031,1e-04,Low,0,Routine monitoring
7032,0.0005,Low,0,Routine monitoring
7033,0.0006,Low,0,Routine monitoring
7034,0.0002,Low,0,Routine monitoring
7035,0.0018,Low,0,Routine monitoring
7036,0.0003,Low,0,Routine monitoring
7037,0.0002,Low,0,Routine monitoring
7038,0.0016,Low,0,Routine monitoring
7039,1e-04,Low,0,Routine monitoring
7040,0.0002,Low,0,Routine monitoring
7041,0.0009,Low,0,Routine monitoring
7042,0.0007,Low,0,Routine monitoring
7043,0.0002,Low,0,Routine monitoring
7044,0.005,Low,0,Routine monitoring
7045,0.0002,Low,0,Routine monitoring
7046,0.0007,Low,0,Routine monitoring
7047,0.0005,Low,0,Routine monitoring
7048,0.0002,Low,0,Routine monitoring
7049,0.0002,Low,0,Routine monitoring
7050,0.0005,Low,0,Routine monitoring
7051,1e-04,Low,0,Routine monitoring
7052,1e-04,Low,0,Routine monitoring
7053,0.0008,Low,0,Routine monitoring
7054,0.0005,Low,0,Routine monitoring
7055,0.0,Low,0,Routine monitoring
7056,0.0004,Low,0,Routine monitoring
7057,1e-04,Low,0,Routine monitoring
7058,0.0002,Low,0,Routine monitoring
7059,0.0012,Low,0,Routine monitoring
7060,0.0004,Low,0,Routine monitoring
7061,0.0006,Low,0,Routine monitoring
7062,0.0003,Low,0,Routine monitoring
7063,1e-04,Low,0,Routine monitoring
7064,0.0003,Low,0,Routine monitoring
7065,0.0007,Low,0,Routine monitoring
7066,0.0023,Low,0,Routine monitoring
7067,0.0015,Low,0,Routine monitoring
7068,0.0015,Low,0,Routine monitoring
7069,0.0009,Low,0,Routine monitoring
7070,0.0033,Low,0,Routine monitoring
7071,0.0018,Low,0,Routine monitoring
7072,0.0017,Low,0,Routine monitoring
7073,0.0,Low,0,Routine monitoring
7074,0.0011,Low,0,Routine monitoring
7075,0.0008,Low,0,Routine monitoring
7076,0.0015,Low,0,Routine monitoring
7077,0.0009,Low,0,Routine monitoring
7078,0.0007,Low,0,Routine monitoring
7079,0.0029,Low,0,Routine monitoring
7080,0.0003,Low,0,Routine monitoring
7081,0.003,Low,0,Routine monitoring
7082,0.0002,Low,0,Routine monitoring
7083,0.0,Low,0,Routine monitoring
7084,0.0004,Low,0,Routine monitoring
7085,1e-04,Low,0,Routine monitoring
7086,1e-04,Low,0,Routine monitoring
7087,0.0022,Low,0,Routine monitoring
7088,0.0009,Low,0,Routine monitoring
7089,0.0033,Low,0,Routine monitoring
7090,0.0004,Low,0,Routine monitoring
7091,0.0003,Low,0,Routine monitoring
7092,0.0028,Low,0,Routine monitoring
7093,0.0011,Low,0,Routine monitoring
7094,0.0022,Low,0,Routine monitoring
7095,0.0002,Low,0,Routine monitoring
7096,0.0024,Low,0,Routine monitoring
7097,0.0031,Low,0,Routine monitoring
7098,0.0,Low,0,Routine monitoring
7099,0.0064,Low,0,Routine monitoring
7100,0.0021,Low,0,Routine monitoring
7101,0.0054,Low,0,Routine monitoring
7102,0.0003,Low,0,Routine monitoring
7103,0.0015,Low,0,Routine monitoring
7104,0.0004,Low,0,Routine monitoring
7105,0.0002,Low,0,Routine monitoring
7106,0.0003,Low,0,Routine monitoring
7107,0.0004,Low,0,Routine monitoring
7108,0.0009,Low,0,Routine monitoring
7109,0.0004,Low,0,Routine monitoring
7110,0.0008,Low,0,Routine monitoring
7111,0.0015,Low,0,Routine monitoring
7112,0.0011,Low,0,Routine monitoring
7113,0.0,Low,0,Routine monitoring
7114,0.0,Low,0,Routine monitoring
7115,0.001,Low,0,Routine monitoring
7116,0.0004,Low,0,Routine monitoring
7117,0.0091,Low,0,Routine monitoring
7118,0.0005,Low,0,Routine monitoring
7119,0.0006,Low,0,Routine monitoring
7120,0.0015,Low,0,Routine monitoring
7121,0.0005,Low,0,Routine monitoring
7122,0.003,Low,0,Routine monitoring
7123,0.0002,Low,0,Routine monitoring
7124,1e-04,Low,0,Routine monitoring
7125,0.0043,Low,0,Routine monitoring
7126,0.0015,Low,0,Routine monitoring
7127,0.0038,Low,0,Routine monitoring
7128,0.0011,Low,0,Routine monitoring
7129,0.0021,Low,0,Routine monitoring
7130,0.0007,Low,0,Routine monitoring
7131,0.0121,Low,0,Routine monitoring
7132,1e-04,Low,0,Routine monitoring
7133,1e-04,Low,0,Routine monitoring
7134,0.0007,Low,0,Routine monitoring
7135,1e-04,Low,0,Routine monitoring
7136,0.0059,Low,0,Routine monitoring
7137,0.0016,Low,0,Routine monitoring
7138,0.0003,Low,0,Routine monitoring
7139,0.0005,Low,0,Routine monitoring
7140,1e-04,Low,0,Routine monitoring
7141,1e-04,Low,0,Routine monitoring
7142,0.0012,Low,0,Routine monitoring
7143,0.0007,Low,0,Routine monitoring
7144,0.0,Low,0,Routine monitoring
7145,0.0011,Low,0,Routine monitoring
7146,1e-04,Low,0,Routine monitoring
7147,0.0002,Low,0,Routine monitoring
7148,0.0002,Low,0,Routine monitoring
7149,0.0104,Low,0,Routine monitoring
7150,0.0005,Low,0,Routine monitoring
7151,0.002,Low,0,Routine monitoring
7152,1e-04,Low,0,Routine monitoring
7153,0.0002,Low,0,Routine monitoring
7154,0.0002,Low,0,Routine monitoring
7155,0.0002,Low,0,Routine monitoring
7156,1e-04,Low,0,Routine monitoring
7157,0.0009,Low,0,Routine monitoring
7158,0.0475,Low,0,Routine monitoring
7159,0.0024,Low,0,Routine monitoring
7160,0.0005,Low,0,Routine monitoring
7161,0.0003,Low,0,Routine monitoring
7162,1e-04,Low,0,Routine monitoring
7163,1e-04,Low,0,Routine monitoring
7164,0.0002,Low,0,Routine monitoring
7165,0.0,Low,0,Routine monitoring
7166,0.0025,Low,0,Routine monitoring
7167,0.001,Low,0,Routine monitoring
7168,0.0031,Low,0,Routine monitoring
7169,0.0008,Low,0,Routine monitoring
7170,0.0025,Low,0,Routine monitoring
7171,0.0003,Low,0,Routine monitoring
7172,0.0005,Low,0,Routine monitoring
7173,0.0002,Low,0,Routine monitoring
7174,0.0002,Low,0,Routine monitoring
7175,0.0009,Low,0,Routine monitoring
7176,0.0004,Low,0,Routine monitoring
7177,0.0004,Low,0,Routine monitoring
7178,0.0002,Low,0,Routine monitoring
7179,0.0002,Low,0,Routine monitoring
7180,1e-04,Low,0,Routine monitoring
7181,0.0003,Low,0,Routine monitoring
7182,0.0005,Low,0,Routine monitoring
7183,0.0,Low,0,Routine monitoring
7184,0.0006,Low,0,Routine monitoring
7185,0.0207,Low,0,Routine monitoring
7186,0.0017,Low,0,Routine monitoring
7187,0.001,Low,0,Routine monitoring
7188,0.0014,Low,0,Routine monitoring
7189,0.0005,Low,0,Routine monitoring
7190,0.0002,Low,0,Routine monitoring
7191,0.015,Low,0,Routine monitoring
7192,0.0004,Low,0,Routine monitoring
7193,0.0013,Low,0,Routine monitoring
7194,0.0069,Low,0,Routine monitoring
7195,0.0043,Low,0,Routine monitoring
7196,0.0002,Low,0,Routine monitoring
7197,1e-04,Low,0,Routine monitoring
7198,0.0149,Low,0,Routine monitoring
7199,0.0017,Low,0,Routine monitoring
7200,0.0048,Low,0,Routine monitoring
7201,0.0081,Low,0,Routine monitoring
7202,0.002,Low,0,Routine monitoring
7203,0.0054,Low,0,Routine monitoring
7204,0.0002,Low,0,Routine monitoring
7205,1e-04,Low,0,Routine monitoring
7206,0.0003,Low,0,Routine monitoring
7207,0.0008,Low,0,Routine monitoring
7208,1e-04,Low,0,Routine monitoring
7209,0.0005,Low,0,Routine monitoring
7210,1e-04,Low,0,Routine monitoring
7211,1e-04,Low,0,Routine monitoring
7212,0.001,Low,0,Routine monitoring
7213,1e-04,Low,0,Routine monitoring
7214,0.0042,Low,0,Routine monitoring
7215,0.0007,Low,0,Routine monitoring
7216,0.003,Low,0,Routine monitoring
7217,0.0016,Low,0,Routine monitoring
7218,0.0051,Low,0,Routine monitoring
7219,0.0,Low,0,Routine monitoring
7220,0.0012,Low,0,Routine monitoring
7221,0.0005,Low,0,Routine monitoring
7222,0.0009,Low,0,Routine monitoring
7223,0.0004,Low,0,Routine monitoring
7224,0.0074,Low,0,Routine monitoring
7225,0.0006,Low,0,Routine monitoring
7226,0.002,Low,0,Routine monitoring
7227,0.0012,Low,0,Routine monitoring
7228,1e-04,Low,0,Routine monitoring
7229,0.0005,Low,0,Routine monitoring
7230,0.0037,Low,0,Routine monitoring
7231,0.0095,Low,0,Routine monitoring
7232,0.0002,Low,0,Routine monitoring
7233,0.0002,Low,0,Routine monitoring
7234,0.0048,Low,0,Routine monitoring
7235,0.0019,Low,0,Routine monitoring
7236,0.0006,Low,0,Routine monitoring
7237,1e-04,Low,0,Routine monitoring
7238,0.0079,Low,0,Routine monitoring
7239,0.0135,Low,0,Routine monitoring
7240,0.0004,Low,0,Routine monitoring
7241,0.0016,Low,0,Routine monitoring
7242,0.0002,Low,0,Routine monitoring
7243,0.0136,Low,0,Routine monitoring
7244,0.0005,Low,0,Routine monitoring
7245,0.001,Low,0,Routine monitoring
7246,1e-04,Low,0,Routine monitoring
7247,0.0011,Low,0,Routine monitoring
7248,0.0017,Low,0,Routine monitoring
7249,0.0007,Low,0,Routine monitoring
7250,0.0003,Low,0,Routine monitoring
7251,0.0005,Low,0,Routine monitoring
7252,0.0005,Low,0,Routine monitoring
7253,0.0004,Low,0,Routine monitoring
7254,0.0041,Low,0,Routine monitoring
7255,0.0026,Low,0,Routine monitoring
7256,0.0028,Low,0,Routine monitoring
7257,1e-04,Low,0,Routine monitoring
7258,0.0004,Low,0,Routine monitoring
7259,0.0002,Low,0,Routine monitoring
7260,0.0029,Low,0,Routine monitoring
7261,0.0007,Low,0,Routine monitoring
7262,0.0002,Low,0,Routine monitoring
7263,0.0007,Low,0,Routine monitoring
7264,0.002,Low,0,Routine monitoring
7265,1e-04,Low,0,Routine monitoring
7266,1e-04,Low,0,Routine monitoring
7267,0.0018,Low,0,Routine monitoring
7268,0.0007,Low,0,Routine monitoring
7269,0.0004,Low,0,Routine monitoring
7270,0.0004,Low,0,Routine monitoring
7271,0.0004,Low,0,Routine monitoring
7272,0.0052,Low,0,Routine monitoring
7273,0.0008,Low,0,Routine monitoring
7274,0.0012,Low,0,Routine monitoring
7275,0.0002,Low,0,Routine monitoring
7276,0.0,Low,0,Routine monitoring
7277,0.0002,Low,0,Routine monitoring
7278,1e-04,Low,0,Routine monitoring
7279,1e-04,Low,0,Routine monitoring
7280,0.0143,Low,0,Routine monitoring
7281,0.0,Low,0,Routine monitoring
7282,0.0002,Low,0,Routine monitoring
7283,0.0051,Low,0,Routine monitoring
7284,0.0023,Low,0,Routine monitoring
7285,0.0007,Low,0,Routine monitoring
7286,0.0019,Low,0,Routine monitoring
7287,1e-04,Low,0,Routine monitoring
7288,0.0005,Low,0,Routine monitoring
7289,0.0002,Low,0,Routine monitoring
7290,0.0087,Low,0,Routine monitoring
7291,0.0004,Low,0,Routine monitoring
7292,0.0129,Low,0,Routine monitoring
7293,0.0026,Low,0,Routine monitoring
7294,0.0006,Low,0,Routine monitoring
7295,0.0002,Low,0,Routine monitoring
7296,0.0017,Low,0,Routine monitoring
7297,1e-04,Low,0,Routine monitoring
7298,0.0013,Low,0,Routine monitoring
7299,0.0012,Low,0,Routine monitoring
7300,0.0,Low,0,Routine monitoring
7301,0.0396,Low,0,Routine monitoring
7302,1e-04,Low,0,Routine monitoring
7303,0.0013,Low,0,Routine monitoring
7304,0.0013,Low,0,Routine monitoring
7305,0.0609,Low,0,Routine monitoring
7306,0.0006,Low,0,Routine monitoring
7307,0.0265,Low,0,Routine monitoring
7308,0.0045,Low,0,Routine monitoring
7309,0.0,Low,0,Routine monitoring
7310,0.0629,Low,0,Routine monitoring
7311,0.0019,Low,0,Routine monitoring
7312,0.0213,Low,0,Routine monitoring
7313,0.0003,Low,0,Routine monitoring
7314,0.0003,Low,0,Routine monitoring
7315,0.0003,Low,0,Routine monitoring
7316,0.0018,Low,0,Routine monitoring
7317,0.0013,Low,0,Routine monitoring
7318,0.0009,Low,0,Routine monitoring
7319,1e-04,Low,0,Routine monitoring
7320,0.0,Low,0,Routine monitoring
7321,1e-04,Low,0,Routine monitoring
7322,0.0004,Low,0,Routine monitoring
7323,0.0018,Low,0,Routine monitoring
7324,1e-04,Low,0,Routine monitoring
7325,0.0004,Low,0,Routine monitoring
7326,0.0006,Low,0,Routine monitoring
7327,0.0011,Low,0,Routine monitoring
7328,0.0003,Low,0,Routine monitoring
7329,0.0019,Low,0,Routine monitoring
7330,0.0002,Low,0,Routine monitoring
7331,0.0009,Low,0,Routine monitoring
7332,0.0013,Low,0,Routine monitoring
7333,0.006,Low,0,Routine monitoring
7334,0.0003,Low,0,Routine monitoring
7335,0.0014,Low,0,Routine monitoring
7336,0.0541,Low,0,Routine monitoring
7337,0.001,Low,0,Routine monitoring
7338,1e-04,Low,0,Routine monitoring
7339,1e-04,Low,0,Routine monitoring
7340,1e-04,Low,0,Routine monitoring
7341,0.0003,Low,0,Routine monitoring
7342,1e-04,Low,0,Routine monitoring
7343,0.0021,Low,0,Routine monitoring
7344,0.0044,Low,0,Routine monitoring
7345,0.0003,Low,0,Routine monitoring
7346,0.0004,Low,0,Routine monitoring
7347,0.0004,Low,0,Routine monitoring
7348,0.0,Low,0,Routine monitoring
7349,1e-04,Low,0,Routine monitoring
7350,0.0002,Low,0,Routine monitoring
7351,0.0028,Low,0,Routine monitoring
7352,0.003,Low,0,Routine monitoring
7353,0.0003,Low,0,Routine monitoring
7354,0.0006,Low,0,Routine monitoring
7355,0.0,Low,0,Routine monitoring
7356,0.0003,Low,0,Routine monitoring
7357,0.0,Low,0,Routine monitoring
7358,0.0026,Low,0,Routine monitoring
7359,0.0,Low,0,Routine monitoring
7360,0.0017,Low,0,Routine monitoring
7361,0.0037,Low,0,Routine monitoring
7362,0.0,Low,0,Routine monitoring
7363,0.0022,Low,0,Routine monitoring
7364,0.0004,Low,0,Routine monitoring
7365,0.0004,Low,0,Routine monitoring
7366,0.0011,Low,0,Routine monitoring
7367,0.0006,Low,0,Routine monitoring
7368,0.0005,Low,0,Routine monitoring
7369,0.0002,Low,0,Routine monitoring
7370,0.006,Low,0,Routine monitoring
7371,0.0032,Low,0,Routine monitoring
7372,0.0011,Low,0,Routine monitoring
7373,0.0,Low,0,Routine monitoring
7374,0.0003,Low,0,Routine monitoring
7375,0.0008,Low,0,Routine monitoring
7376,0.0,Low,0,Routine monitoring
7377,0.0009,Low,0,Routine monitoring
7378,1e-04,Low,0,Routine monitoring
7379,0.014,Low,0,Routine monitoring
7380,0.0014,Low,0,Routine monitoring
7381,0.0009,Low,0,Routine monitoring
7382,0.0065,Low,0,Routine monitoring
7383,0.0009,Low,0,Routine monitoring
7384,0.0027,Low,0,Routine monitoring
7385,0.001,Low,0,Routine monitoring
7386,1e-04,Low,0,Routine monitoring
7387,0.0003,Low,0,Routine monitoring
7388,0.0011,Low,0,Routine monitoring
7389,0.0002,Low,0,Routine monitoring
7390,0.0019,Low,0,Routine monitoring
7391,0.0034,Low,0,Routine monitoring
7392,1e-04,Low,0,Routine monitoring
7393,1e-04,Low,0,Routine monitoring
7394,0.0042,Low,0,Routine monitoring
7395,0.0153,Low,0,Routine monitoring
7396,0.003,Low,0,Routine monitoring
7397,0.0148,Low,0,Routine monitoring
7398,0.0002,Low,0,Routine monitoring
7399,0.0006,Low,0,Routine monitoring
7400,0.0012,Low,0,Routine monitoring
7401,0.0003,Low,0,Routine monitoring
7402,0.0004,Low,0,Routine monitoring
7403,0.0004,Low,0,Routine monitoring
7404,0.0002,Low,0,Routine monitoring
7405,0.0013,Low,0,Routine monitoring
7406,0.0013,Low,0,Routine monitoring
7407,1e-04,Low,0,Routine monitoring
7408,0.0002,Low,0,Routine monitoring
7409,0.0,Low,0,Routine monitoring
7410,1e-04,Low,0,Routine monitoring
7411,0.0,Low,0,Routine monitoring
7412,0.0051,Low,0,Routine monitoring
7413,0.0126,Low,0,Routine monitoring
7414,0.0216,Low,0,Routine monitoring
7415,0.0009,Low,0,Routine monitoring
7416,0.0006,Low,0,Routine monitoring
7417,0.0,Low,0,Routine monitoring
7418,0.0002,Low,0,Routine monitoring
7419,0.0021,Low,0,Routine monitoring
7420,0.0007,Low,0,Routine monitoring
7421,0.0023,Low,0,Routine monitoring
7422,0.001,Low,0,Routine monitoring
7423,1e-04,Low,0,Routine monitoring
7424,0.119,Low,0,Routine monitoring
7425,0.0003,Low,0,Routine monitoring
7426,0.0,Low,0,Routine monitoring
7427,0.0007,Low,0,Routine monitoring
7428,0.0003,Low,0,Routine monitoring
7429,0.0009,Low,0,Routine monitoring
7430,0.0026,Low,0,Routine monitoring
7431,0.0012,Low,0,Routine monitoring
7432,1e-04,Low,0,Routine monitoring
7433,0.0012,Low,0,Routine monitoring
7434,0.0,Low,0,Routine monitoring
7435,1e-04,Low,0,Routine monitoring
7436,0.0051,Low,0,Routine monitoring
7437,0.0067,Low,0,Routine monitoring
7438,0.0014,Low,0,Routine monitoring
7439,0.0018,Low,0,Routine monitoring
7440,0.0004,Low,0,Routine monitoring
7441,1e-04,Low,0,Routine monitoring
7442,0.0004,Low,0,Routine monitoring
7443,1e-04,Low,0,Routine monitoring
7444,0.0074,Low,0,Routine monitoring
7445,0.0025,Low,0,Routine monitoring
7446,0.0004,Low,0,Routine monitoring
7447,1e-04,Low,0,Routine monitoring
7448,0.0,Low,0,Routine monitoring
7449,0.0003,Low,0,Routine monitoring
7450,0.0003,Low,0,Routine monitoring
7451,0.0006,Low,0,Routine monitoring
7452,0.0035,Low,0,Routine monitoring
7453,0.0237,Low,0,Routine monitoring
7454,0.0167,Low,0,Routine monitoring
7455,0.0017,Low,0,Routine monitoring
7456,1e-04,Low,0,Routine monitoring
7457,0.0021,Low,0,Routine monitoring
7458,0.0082,Low,0,Routine monitoring
7459,0.0,Low,0,Routine monitoring
7460,0.0011,Low,0,Routine monitoring
7461,0.0018,Low,0,Routine monitoring
7462,1e-04,Low,0,Routine monitoring
7463,1e-04,Low,0,Routine monitoring
7464,0.0467,Low,0,Routine monitoring
7465,1e-04,Low,0,Routine monitoring
7466,0.0,Low,0,Routine monitoring
7467,0.0021,Low,0,Routine monitoring
7468,0.0008,Low,0,Routine monitoring
7469,0.0025,Low,0,Routine monitoring
7470,0.0032,Low,0,Routine monitoring
7471,0.0019,Low,0,Routine monitoring
7472,0.0016,Low,0,Routine monitoring
7473,0.0147,Low,0,Routine monitoring
7474,0.0226,Low,0,Routine monitoring
7475,0.0006,Low,0,Routine monitoring
7476,0.004,Low,0,Routine monitoring
7477,0.0003,Low,0,Routine monitoring
7478,0.0003,Low,0,Routine monitoring
7479,0.0006,Low,0,Routine monitoring
7480,0.0002,Low,0,Routine monitoring
7481,0.0016,Low,0,Routine monitoring
7482,0.0012,Low,0,Routine monitoring
7483,0.0142,Low,0,Routine monitoring
7484,0.001,Low,0,Routine monitoring
7485,0.0068,Low,0,Routine monitoring
7486,0.0014,Low,0,Routine monitoring
7487,0.0011,Low,0,Routine monitoring
7488,0.0072,Low,0,Routine monitoring
7489,0.0026,Low,0,Routine monitoring
7490,0.0003,Low,0,Routine monitoring
7491,0.0013,Low,0,Routine monitoring
7492,1e-04,Low,0,Routine monitoring
7493,1e-04,Low,0,Routine monitoring
7494,0.0007,Low,0,Routine monitoring
7495,1e-04,Low,0,Routine monitoring
7496,1e-04,Low,0,Routine monitoring
7497,0.0002,Low,0,Routine monitoring
7498,0.0002,Low,0,Routine monitoring
7499,0.0039,Low,0,Routine monitoring
7500,0.001,Low,0,Routine monitoring
7501,0.0019,Low,0,Routine monitoring
7502,0.0013,Low,0,Routine monitoring
7503,0.0,Low,0,Routine monitoring
7504,0.0,Low,0,Routine monitoring
7505,0.0007,Low,0,Routine monitoring
7506,0.0014,Low,0,Routine monitoring
7507,0.0024,Low,0,Routine monitoring
7508,0.0018,Low,0,Routine monitoring
7509,0.0004,Low,0,Routine monitoring
7510,0.0003,Low,0,Routine monitoring
7511,0.0,Low,0,Routine monitoring
7512,1e-04,Low,0,Routine monitoring
7513,0.0025,Low,0,Routine monitoring
7514,0.0002,Low,0,Routine monitoring
7515,0.0014,Low,0,Routine monitoring
7516,0.0005,Low,0,Routine monitoring
7517,0.0009,Low,0,Routine monitoring
7518,0.0002,Low,0,Routine monitoring
7519,0.0003,Low,0,Routine monitoring
7520,0.0011,Low,0,Routine monitoring
7521,0.0002,Low,0,Routine monitoring
7522,0.0008,Low,0,Routine monitoring
7523,0.0,Low,0,Routine monitoring
7524,1e-04,Low,0,Routine monitoring
7525,1e-04,Low,0,Routine monitoring
7526,1e-04,Low,0,Routine monitoring
7527,0.0011,Low,0,Routine monitoring
7528,0.0026,Low,0,Routine monitoring
7529,0.0021,Low,0,Routine monitoring
7530,0.0023,Low,0,Routine monitoring
7531,0.0011,Low,0,Routine monitoring
7532,0.0002,Low,0,Routine monitoring
7533,0.0014,Low,0,Routine monitoring
7534,0.0004,Low,0,Routine monitoring
7535,0.0009,Low,0,Routine monitoring
7536,0.0,Low,0,Routine monitoring
7537,0.0043,Low,0,Routine monitoring
7538,1e-04,Low,0,Routine monitoring
7539,0.0006,Low,0,Routine monitoring
7540,0.0005,Low,0,Routine monitoring
7541,0.0003,Low,0,Routine monitoring
7542,0.0008,Low,0,Routine monitoring
7543,0.0137,Low,0,Routine monitoring
7544,0.0,Low,0,Routine monitoring
7545,0.0,Low,0,Routine monitoring
7546,0.001,Low,0,Routine monitoring
7547,0.0007,Low,0,Routine monitoring
7548,0.0005,Low,0,Routine monitoring
7549,0.0008,Low,0,Routine monitoring
7550,0.0003,Low,0,Routine monitoring
7551,0.0025,Low,0,Routine monitoring
7552,0.0009,Low,0,Routine monitoring
7553,0.0011,Low,0,Routine monitoring
7554,0.0026,Low,0,Routine monitoring
7555,0.0024,Low,0,Routine monitoring
7556,0.0003,Low,0,Routine monitoring
7557,1e-04,Low,0,Routine monitoring
7558,0.0005,Low,0,Routine monitoring
7559,0.0038,Low,0,Routine monitoring
7560,0.0003,Low,0,Routine monitoring
7561,0.0014,Low,0,Routine monitoring
7562,0.0016,Low,0,Routine monitoring
7563,0.0007,Low,0,Routine monitoring
7564,0.0009,Low,0,Routine monitoring
7565,0.0007,Low,0,Routine monitoring
7566,0.0004,Low,0,Routine monitoring
7567,0.0045,Low,0,Routine monitoring
7568,0.0098,Low,0,Routine monitoring
7569,0.0042,Low,0,Routine monitoring
7570,1e-04,Low,0,Routine monitoring
7571,0.0003,Low,0,Routine monitoring
7572,0.0004,Low,0,Routine monitoring
7573,0.0004,Low,0,Routine monitoring
7574,0.0017,Low,0,Routine monitoring
7575,0.0047,Low,0,Routine monitoring
7576,0.0008,Low,0,Routine monitoring
7577,0.0002,Low,0,Routine monitoring
7578,0.0002,Low,0,Routine monitoring
7579,1e-04,Low,0,Routine monitoring
7580,0.001,Low,0,Routine monitoring
7581,0.001,Low,0,Routine monitoring
7582,1e-04,Low,0,Routine monitoring
7583,0.0057,Low,0,Routine monitoring
7584,0.0019,Low,0,Routine monitoring
7585,0.0002,Low,0,Routine monitoring
7586,1e-04,Low,0,Routine monitoring
7587,1e-04,Low,0,Routine monitoring
7588,0.0,Low,0,Routine monitoring
7589,1e-04,Low,0,Routine monitoring
7590,0.0003,Low,0,Routine monitoring
7591,0.0034,Low,0,Routine monitoring
7592,1e-04,Low,0,Routine monitoring
7593,0.0004,Low,0,Routine monitoring
7594,0.0049,Low,0,Routine monitoring
7595,0.007,Low,0,Routine monitoring
7596,1e-04,Low,0,Routine monitoring
7597,0.0011,Low,0,Routine monitoring
7598,0.0009,Low,0,Routine monitoring
7599,0.0,Low,0,Routine monitoring
7600,0.0038,Low,0,Routine monitoring
7601,0.001,Low,0,Routine monitoring
7602,0.0009,Low,0,Routine monitoring
7603,0.0007,Low,0,Routine monitoring
7604,0.0006,Low,0,Routine monitoring
7605,0.0007,Low,0,Routine monitoring
7606,0.0008,Low,0,Routine monitoring
7607,0.0347,Low,0,Routine monitoring
7608,0.001,Low,0,Routine monitoring
7609,0.0007,Low,0,Routine monitoring
7610,1e-04,Low,0,Routine monitoring
7611,0.0054,Low,0,Routine monitoring
7612,1e-04,Low,0,Routine monitoring
7613,0.0003,Low,0,Routine monitoring
7614,0.003,Low,0,Routine monitoring
7615,0.0331,Low,0,Routine monitoring
7616,0.0003,Low,0,Routine monitoring
7617,0.0043,Low,0,Routine monitoring
7618,0.0,Low,0,Routine monitoring
7619,0.0012,Low,0,Routine monitoring
7620,0.0019,Low,0,Routine monitoring
7621,1e-04,Low,0,Routine monitoring
7622,0.0018,Low,0,Routine monitoring
7623,0.0,Low,0,Routine monitoring
7624,0.0012,Low,0,Routine monitoring
7625,0.0091,Low,0,Routine monitoring
7626,0.0042,Low,0,Routine monitoring
7627,0.0542,Low,0,Routine monitoring
7628,0.0018,Low,0,Routine monitoring
7629,0.0022,Low,0,Routine monitoring
7630,0.003,Low,0,Routine monitoring
7631,0.0005,Low,0,Routine monitoring
7632,0.0002,Low,0,Routine monitoring
7633,0.0011,Low,0,Routine monitoring
7634,0.0003,Low,0,Routine monitoring
7635,0.0002,Low,0,Routine monitoring
7636,0.001,Low,0,Routine monitoring
7637,1e-04,Low,0,Routine monitoring
7638,0.0002,Low,0,Routine monitoring
7639,0.0004,Low,0,Routine monitoring
7640,0.004,Low,0,Routine monitoring
7641,0.0003,Low,0,Routine monitoring
7642,0.0874,Low,0,Routine monitoring
7643,0.0065,Low,0,Routine monitoring
7644,0.0003,Low,0,Routine monitoring
7645,0.0027,Low,0,Routine monitoring
7646,0.0006,Low,0,Routine monitoring
7647,0.0,Low,0,Routine monitoring
7648,0.0036,Low,0,Routine monitoring
7649,0.0005,Low,0,Routine monitoring
7650,0.0019,Low,0,Routine monitoring
7651,0.0619,Low,0,Routine monitoring
7652,0.0018,Low,0,Routine monitoring
7653,0.0089,Low,0,Routine monitoring
7654,0.0005,Low,0,Routine monitoring
7655,0.0005,Low,0,Routine monitoring
7656,1e-04,Low,0,Routine monitoring
7657,0.0013,Low,0,Routine monitoring
7658,0.0714,Low,0,Routine monitoring
7659,1e-04,Low,0,Routine monitoring
7660,1e-04,Low,0,Routine monitoring
7661,1e-04,Low,0,Routine monitoring
7662,0.0005,Low,0,Routine monitoring
7663,0.0002,Low,0,Routine monitoring
7664,0.0058,Low,0,Routine monitoring
7665,0.0011,Low,0,Routine monitoring
7666,0.0008,Low,0,Routine monitoring
7667,0.0004,Low,0,Routine monitoring
7668,0.0006,Low,0,Routine monitoring
7669,0.0003,Low,0,Routine monitoring
7670,0.0,Low,0,Routine monitoring
7671,0.001,Low,0,Routine monitoring
7672,0.0011,Low,0,Routine monitoring
7673,0.0006,Low,0,Routine monitoring
7674,0.0005,Low,0,Routine monitoring
7675,0.0,Low,0,Routine monitoring
7676,0.0002,Low,0,Routine monitoring
7677,0.0002,Low,0,Routine monitoring
7678,0.0003,Low,0,Routine monitoring
7679,0.0,Low,0,Routine monitoring
7680,0.0,Low,0,Routine monitoring
7681,1e-04,Low,0,Routine monitoring
7682,0.0,Low,0,Routine monitoring
7683,1e-04,Low,0,Routine monitoring
7684,0.0008,Low,0,Routine monitoring
7685,0.0051,Low,0,Routine monitoring
7686,0.0019,Low,0,Routine monitoring
7687,0.0006,Low,0,Routine monitoring
7688,1e-04,Low,0,Routine monitoring
7689,0.0116,Low,0,Routine monitoring
7690,0.0031,Low,0,Routine monitoring
7691,0.0002,Low,0,Routine monitoring
7692,1e-04,Low,0,Routine monitoring
7693,0.0101,Low,0,Routine monitoring
7694,0.0011,Low,0,Routine monitoring
7695,1e-04,Low,0,Routine monitoring
7696,0.0012,Low,0,Routine monitoring
7697,0.0007,Low,0,Routine monitoring
7698,0.0006,Low,0,Routine monitoring
7699,1e-04,Low,0,Routine monitoring
7700,0.0002,Low,0,Routine monitoring
7701,0.0025,Low,0,Routine monitoring
7702,0.0012,Low,0,Routine monitoring
7703,0.0,Low,0,Routine monitoring
7704,0.0002,Low,0,Routine monitoring
7705,0.0004,Low,0,Routine monitoring
7706,0.0038,Low,0,Routine monitoring
7707,1e-04,Low,0,Routine monitoring
7708,1e-04,Low,0,Routine monitoring
7709,0.0189,Low,0,Routine monitoring
7710,0.0007,Low,0,Routine monitoring
7711,0.0183,Low,0,Routine monitoring
7712,1e-04,Low,0,Routine monitoring
7713,0.0082,Low,0,Routine monitoring
7714,0.0002,Low,0,Routine monitoring
7715,0.0,Low,0,Routine monitoring
7716,0.0004,Low,0,Routine monitoring
7717,0.0009,Low,0,Routine monitoring
7718,0.0023,Low,0,Routine monitoring
7719,0.0004,Low,0,Routine monitoring
7720,1e-04,Low,0,Routine monitoring
7721,0.0005,Low,0,Routine monitoring
7722,0.0003,Low,0,Routine monitoring
7723,0.0018,Low,0,Routine monitoring
7724,0.0,Low,0,Routine monitoring
7725,0.0004,Low,0,Routine monitoring
7726,1e-04,Low,0,Routine monitoring
7727,0.0005,Low,0,Routine monitoring
7728,0.0018,Low,0,Routine monitoring
7729,1e-04,Low,0,Routine monitoring
7730,1e-04,Low,0,Routine monitoring
7731,1e-04,Low,0,Routine monitoring
7732,0.0007,Low,0,Routine monitoring
7733,0.0011,Low,0,Routine monitoring
7734,0.0004,Low,0,Routine monitoring
7735,0.0014,Low,0,Routine monitoring
7736,0.0039,Low,0,Routine monitoring
7737,0.0003,Low,0,Routine monitoring
7738,0.0018,Low,0,Routine monitoring
7739,0.002,Low,0,Routine monitoring
7740,1e-04,Low,0,Routine monitoring
7741,0.0003,Low,0,Routine monitoring
7742,0.0202,Low,0,Routine monitoring
7743,0.0579,Low,0,Routine monitoring
7744,0.0004,Low,0,Routine monitoring
7745,0.0004,Low,0,Routine monitoring
7746,1e-04,Low,0,Routine monitoring
7747,0.0013,Low,0,Routine monitoring
7748,1e-04,Low,0,Routine monitoring
7749,1e-04,Low,0,Routine monitoring
7750,0.0,Low,0,Routine monitoring
7751,0.0,Low,0,Routine monitoring
7752,0.0037,Low,0,Routine monitoring
7753,0.0,Low,0,Routine monitoring
7754,0.0003,Low,0,Routine monitoring
7755,0.0,Low,0,Routine monitoring
7756,1e-04,Low,0,Routine monitoring
7757,0.0003,Low,0,Routine monitoring
7758,0.0002,Low,0,Routine monitoring
7759,0.0003,Low,0,Routine monitoring
7760,0.0004,Low,0,Routine monitoring
7761,1e-04,Low,0,Routine monitoring
7762,0.0011,Low,0,Routine monitoring
7763,0.009,Low,0,Routine monitoring
7764,0.002,Low,0,Routine monitoring
7765,0.0015,Low,0,Routine monitoring
7766,1e-04,Low,0,Routine monitoring
7767,0.0,Low,0,Routine monitoring
7768,1e-04,Low,0,Routine monitoring
7769,0.0003,Low,0,Routine monitoring
7770,0.0013,Low,0,Routine monitoring
7771,0.0007,Low,0,Routine monitoring
7772,1e-04,Low,0,Routine monitoring
7773,1e-04,Low,0,Routine monitoring
7774,0.0015,Low,0,Routine monitoring
7775,1e-04,Low,0,Routine monitoring
7776,0.0002,Low,0,Routine monitoring
7777,0.0005,Low,0,Routine monitoring
7778,0.0004,Low,0,Routine monitoring
7779,0.0004,Low,0,Routine monitoring
7780,0.0,Low,0,Routine monitoring
7781,0.0002,Low,0,Routine monitoring
7782,0.0004,Low,0,Routine monitoring
7783,0.0019,Low,0,Routine monitoring
7784,0.1812,Low,0,Routine monitoring
7785,0.0,Low,0,Routine monitoring
7786,0.0065,Low,0,Routine monitoring
7787,0.0005,Low,0,Routine monitoring
7788,0.0016,Low,0,Routine monitoring
7789,0.001,Low,0,Routine monitoring
7790,0.0024,Low,0,Routine monitoring
7791,0.0003,Low,0,Routine monitoring
7792,0.0008,Low,0,Routine monitoring
7793,1e-04,Low,0,Routine monitoring
7794,1e-04,Low,0,Routine monitoring
7795,0.0002,Low,0,Routine monitoring
7796,0.0002,Low,0,Routine monitoring
7797,1e-04,Low,0,Routine monitoring
7798,0.0006,Low,0,Routine monitoring
7799,0.0002,Low,0,Routine monitoring
7800,0.0002,Low,0,Routine monitoring
7801,0.0003,Low,0,Routine monitoring
7802,1e-04,Low,0,Routine monitoring
7803,0.0005,Low,0,Routine monitoring
7804,0.0024,Low,0,Routine monitoring
7805,0.0004,Low,0,Routine monitoring
7806,0.0,Low,0,Routine monitoring
7807,0.0002,Low,0,Routine monitoring
7808,0.0003,Low,0,Routine monitoring
7809,0.0004,Low,0,Routine monitoring
7810,0.0014,Low,0,Routine monitoring
7811,0.0133,Low,0,Routine monitoring
7812,0.0002,Low,0,Routine monitoring
7813,0.0013,Low,0,Routine monitoring
7814,0.0007,Low,0,Routine monitoring
7815,0.0,Low,0,Routine monitoring
7816,0.001,Low,0,Routine monitoring
7817,0.0,Low,0,Routine monitoring
7818,0.0002,Low,0,Routine monitoring
7819,0.0002,Low,0,Routine monitoring
7820,0.0006,Low,0,Routine monitoring
7821,1e-04,Low,0,Routine monitoring
7822,1e-04,Low,0,Routine monitoring
7823,0.0002,Low,0,Routine monitoring
7824,0.0021,Low,0,Routine monitoring
7825,0.002,Low,0,Routine monitoring
7826,0.0035,Low,0,Routine monitoring
7827,0.0,Low,0,Routine monitoring
7828,0.0002,Low,0,Routine monitoring
7829,0.0023,Low,0,Routine monitoring
7830,0.0004,Low,0,Routine monitoring
7831,0.0027,Low,0,Routine monitoring
7832,0.0015,Low,0,Routine monitoring
7833,0.0236,Low,0,Routine monitoring
7834,0.001,Low,0,Routine monitoring
7835,1e-04,Low,0,Routine monitoring
7836,0.0027,Low,0,Routine monitoring
7837,0.0013,Low,0,Routine monitoring
7838,0.0009,Low,0,Routine monitoring
7839,0.0018,Low,0,Routine monitoring
7840,0.0006,Low,0,Routine monitoring
7841,0.0005,Low,0,Routine monitoring
7842,0.0065,Low,0,Routine monitoring
7843,0.0002,Low,0,Routine monitoring
7844,0.0016,Low,0,Routine monitoring
7845,1e-04,Low,0,Routine monitoring
7846,0.0002,Low,0,Routine monitoring
7847,1e-04,Low,0,Routine monitoring
7848,0.0005,Low,0,Routine monitoring
7849,0.0022,Low,0,Routine monitoring
7850,0.0006,Low,0,Routine monitoring
7851,0.0005,Low,0,Routine monitoring
7852,0.004,Low,0,Routine monitoring
7853,0.0,Low,0,Routine monitoring
7854,0.0004,Low,0,Routine monitoring
7855,0.0099,Low,0,Routine monitoring
7856,0.0,Low,0,Routine monitoring
7857,0.0,Low,0,Routine monitoring
7858,0.0,Low,0,Routine monitoring
7859,0.0065,Low,0,Routine monitoring
7860,0.0004,Low,0,Routine monitoring
7861,1e-04,Low,0,Routine monitoring
7862,0.0004,Low,0,Routine monitoring
7863,0.0004,Low,0,Routine monitoring
7864,0.0055,Low,0,Routine monitoring
7865,0.0003,Low,0,Routine monitoring
7866,0.0006,Low,0,Routine monitoring
7867,0.0002,Low,0,Routine monitoring
7868,0.0015,Low,0,Routine monitoring
7869,0.0056,Low,0,Routine monitoring
7870,0.0,Low,0,Routine monitoring
7871,0.0008,Low,0,Routine monitoring
7872,0.0014,Low,0,Routine monitoring
7873,0.0005,Low,0,Routine monitoring
7874,0.0023,Low,0,Routine monitoring
7875,0.0008,Low,0,Routine monitoring
7876,1e-04,Low,0,Routine monitoring
7877,0.0006,Low,0,Routine monitoring
7878,0.0002,Low,0,Routine monitoring
7879,0.0004,Low,0,Routine monitoring
7880,0.0002,Low,0,Routine monitoring
7881,0.0043,Low,0,Routine monitoring
7882,0.0039,Low,0,Routine monitoring
7883,0.0,Low,0,Routine monitoring
7884,0.0,Low,0,Routine monitoring
7885,0.0,Low,0,Routine monitoring
7886,0.0026,Low,0,Routine monitoring
7887,0.0023,Low,0,Routine monitoring
7888,0.0002,Low,0,Routine monitoring
7889,0.0002,Low,0,Routine monitoring
7890,0.0002,Low,0,Routine monitoring
7891,0.0008,Low,0,Routine monitoring
7892,0.0,Low,0,Routine monitoring
7893,0.0,Low,0,Routine monitoring
7894,0.0,Low,0,Routine monitoring
7895,0.0007,Low,0,Routine monitoring
7896,0.002,Low,0,Routine monitoring
7897,0.0002,Low,0,Routine monitoring
7898,0.0005,Low,0,Routine monitoring
7899,0.0,Low,0,Routine monitoring
7900,0.0018,Low,0,Routine monitoring
7901,1e-04,Low,0,Routine monitoring
7902,0.0033,Low,0,Routine monitoring
7903,0.0002,Low,0,Routine monitoring
7904,0.0,Low,0,Routine monitoring
7905,1e-04,Low,0,Routine monitoring
7906,0.0,Low,0,Routine monitoring
7907,0.0008,Low,0,Routine monitoring
7908,1e-04,Low,0,Routine monitoring
7909,0.0016,Low,0,Routine monitoring
7910,1e-04,Low,0,Routine monitoring
7911,0.0703,Low,0,Routine monitoring
7912,1e-04,Low,0,Routine monitoring
7913,1e-04,Low,0,Routine monitoring
7914,0.0,Low,0,Routine monitoring
7915,0.0,Low,0,Routine monitoring
7916,1e-04,Low,0,Routine monitoring
7917,0.0002,Low,0,Routine monitoring
7918,0.004,Low,0,Routine monitoring
7919,1e-04,Low,0,Routine monitoring
7920,0.0015,Low,0,Routine monitoring
7921,0.0009,Low,0,Routine monitoring
7922,0.0,Low,0,Routine monitoring
7923,0.0023,Low,0,Routine monitoring
7924,1e-04,Low,0,Routine monitoring
7925,1e-04,Low,0,Routine monitoring
7926,0.0003,Low,0,Routine monitoring
7927,0.0002,Low,0,Routine monitoring
7928,0.0003,Low,0,Routine monitoring
7929,0.0009,Low,0,Routine monitoring
7930,0.0003,Low,0,Routine monitoring
7931,0.0051,Low,0,Routine monitoring
7932,0.0003,Low,0,Routine monitoring
7933,0.0013,Low,0,Routine monitoring
7934,0.001,Low,0,Routine monitoring
7935,0.0011,Low,0,Routine monitoring
7936,0.0079,Low,0,Routine monitoring
7937,0.002,Low,0,Routine monitoring
7938,0.0028,Low,0,Routine monitoring
7939,0.0022,Low,0,Routine monitoring
7940,0.0004,Low,0,Routine monitoring
7941,0.0,Low,0,Routine monitoring
7942,0.0033,Low,0,Routine monitoring
7943,0.0005,Low,0,Routine monitoring
7944,0.0002,Low,0,Routine monitoring
7945,0.0003,Low,0,Routine monitoring
7946,0.0,Low,0,Routine monitoring
7947,0.0016,Low,0,Routine monitoring
7948,1e-04,Low,0,Routine monitoring
7949,0.0005,Low,0,Routine monitoring
7950,0.0006,Low,0,Routine monitoring
7951,0.0003,Low,0,Routine monitoring
7952,0.0002,Low,0,Routine monitoring
7953,0.0,Low,0,Routine monitoring
7954,0.0002,Low,0,Routine monitoring
7955,0.0002,Low,0,Routine monitoring
7956,0.0068,Low,0,Routine monitoring
7957,0.0125,Low,0,Routine monitoring
7958,0.0291,Low,0,Routine monitoring
7959,0.0036,Low,0,Routine monitoring
7960,0.0002,Low,0,Routine monitoring
7961,0.001,Low,0,Routine monitoring
7962,0.0009,Low,0,Routine monitoring
7963,0.0008,Low,0,Routine monitoring
7964,0.0005,Low,0,Routine monitoring
7965,0.0022,Low,0,Routine monitoring
7966,0.0003,Low,0,Routine monitoring
7967,0.0009,Low,0,Routine monitoring
7968,0.0075,Low,0,Routine monitoring
7969,0.0,Low,0,Routine monitoring
7970,0.0015,Low,0,Routine monitoring
7971,0.0004,Low,0,Routine monitoring
7972,0.0,Low,0,Routine monitoring
7973,0.0004,Low,0,Routine monitoring
7974,0.0015,Low,0,Routine monitoring
7975,0.0016,Low,0,Routine monitoring
7976,1e-04,Low,0,Routine monitoring
7977,1e-04,Low,0,Routine monitoring
7978,0.0008,Low,0,Routine monitoring
7979,0.0,Low,0,Routine monitoring
7980,0.0158,Low,0,Routine monitoring
7981,0.0041,Low,0,Routine monitoring
7982,0.0003,Low,0,Routine monitoring
7983,1e-04,Low,0,Routine monitoring
7984,0.0023,Low,0,Routine monitoring
7985,1e-04,Low,0,Routine monitoring
7986,0.0006,Low,0,Routine monitoring
7987,0.0004,Low,0,Routine monitoring
7988,0.0005,Low,0,Routine monitoring
7989,0.0,Low,0,Routine monitoring
7990,0.0017,Low,0,Routine monitoring
7991,0.0045,Low,0,Routine monitoring
7992,0.0013,Low,0,Routine monitoring
7993,0.0002,Low,0,Routine monitoring
7994,0.0015,Low,0,Routine monitoring
7995,1e-04,Low,0,Routine monitoring
7996,0.0,Low,0,Routine monitoring
7997,1e-04,Low,0,Routine monitoring
7998,0.0,Low,0,Routine monitoring
7999,0.0012,Low,0,Routine monitoring
8000,0.0004,Low,0,Routine monitoring
8001,0.0049,Low,0,Routine monitoring
8002,0.0163,Low,0,Routine monitoring
8003,0.0033,Low,0,Routine monitoring
8004,0.0017,Low,0,Routine monitoring
8005,0.0017,Low,0,Routine monitoring
8006,0.0005,Low,0,Routine monitoring
8007,0.0003,Low,0,Routine monitoring
8008,0.0,Low,0,Routine monitoring
8009,0.0,Low,0,Routine monitoring
8010,0.0,Low,0,Routine monitoring
8011,1e-04,Low,0,Routine monitoring
8012,0.0005,Low,0,Routine monitoring
8013,1e-04,Low,0,Routine monitoring
8014,1e-04,Low,0,Routine monitoring
8015,0.0007,Low,0,Routine monitoring
8016,0.0014,Low,0,Routine monitoring
8017,0.0,Low,0,Routine monitoring
8018,0.0014,Low,0,Routine monitoring
8019,0.0022,Low,0,Routine monitoring
8020,0.0003,Low,0,Routine monitoring
8021,0.0,Low,0,Routine monitoring
8022,0.0013,Low,0,Routine monitoring
8023,0.001,Low,0,Routine monitoring
8024,0.0,Low,0,Routine monitoring
8025,0.0025,Low,0,Routine monitoring
8026,0.0029,Low,0,Routine monitoring
8027,0.0,Low,0,Routine monitoring
8028,1e-04,Low,0,Routine monitoring
8029,0.0,Low,0,Routine monitoring
8030,0.0003,Low,0,Routine monitoring
8031,0.0014,Low,0,Routine monitoring
8032,0.0002,Low,0,Routine monitoring
8033,0.0002,Low,0,Routine monitoring
8034,0.0008,Low,0,Routine monitoring
8035,0.0005,Low,0,Routine monitoring
8036,0.0,Low,0,Routine monitoring
8037,0.0006,Low,0,Routine monitoring
8038,0.0002,Low,0,Routine monitoring
8039,1e-04,Low,0,Routine monitoring
8040,0.0103,Low,0,Routine monitoring
8041,0.011,Low,0,Routine monitoring
8042,1e-04,Low,0,Routine monitoring
8043,1e-04,Low,0,Routine monitoring
8044,0.0,Low,0,Routine monitoring
8045,0.0,Low,0,Routine monitoring
8046,1e-04,Low,0,Routine monitoring
8047,0.0153,Low,0,Routine monitoring
8048,0.0003,Low,0,Routine monitoring
8049,1e-04,Low,0,Routine monitoring
8050,0.0003,Low,0,Routine monitoring
8051,0.003,Low,0,Routine monitoring
8052,0.0009,Low,0,Routine monitoring
8053,0.0012,Low,0,Routine monitoring
8054,1e-04,Low,0,Routine monitoring
8055,1e-04,Low,0,Routine monitoring
8056,0.0023,Low,0,Routine monitoring
8057,0.0062,Low,0,Routine monitoring
8058,0.0006,Low,0,Routine monitoring
8059,0.0078,Low,0,Routine monitoring
8060,0.0019,Low,0,Routine monitoring
8061,0.0008,Low,0,Routine monitoring
8062,1e-04,Low,0,Routine monitoring
8063,0.0009,Low,0,Routine monitoring
8064,0.0002,Low,0,Routine monitoring
8065,0.0003,Low,0,Routine monitoring
8066,0.0261,Low,0,Routine monitoring
8067,0.0012,Low,0,Routine monitoring
8068,0.0006,Low,0,Routine monitoring
8069,0.0002,Low,0,Routine monitoring
8070,0.0002,Low,0,Routine monitoring
8071,0.0003,Low,0,Routine monitoring
8072,1e-04,Low,0,Routine monitoring
8073,0.0007,Low,0,Routine monitoring
8074,0.0022,Low,0,Routine monitoring
8075,0.0149,Low,0,Routine monitoring
8076,0.0003,Low,0,Routine monitoring
8077,0.0024,Low,0,Routine monitoring
8078,0.0012,Low,0,Routine monitoring
8079,1e-04,Low,0,Routine monitoring
8080,1e-04,Low,0,Routine monitoring
8081,0.0002,Low,0,Routine monitoring
8082,0.0017,Low,0,Routine monitoring
8083,0.0002,Low,0,Routine monitoring
8084,0.0003,Low,0,Routine monitoring
8085,0.0003,Low,0,Routine monitoring
8086,1e-04,Low,0,Routine monitoring
8087,0.0038,Low,0,Routine monitoring
8088,0.0035,Low,0,Routine monitoring
8089,0.0005,Low,0,Routine monitoring
8090,0.0012,Low,0,Routine monitoring
8091,0.0015,Low,0,Routine monitoring
8092,1e-04,Low,0,Routine monitoring
8093,0.001,Low,0,Routine monitoring
8094,1e-04,Low,0,Routine monitoring
8095,0.0013,Low,0,Routine monitoring
8096,1e-04,Low,0,Routine monitoring
8097,1e-04,Low,0,Routine monitoring
8098,0.0014,Low,0,Routine monitoring
8099,0.0012,Low,0,Routine monitoring
8100,0.0008,Low,0,Routine monitoring
8101,0.0,Low,0,Routine monitoring
8102,0.0012,Low,0,Routine monitoring
8103,0.0027,Low,0,Routine monitoring
8104,1e-04,Low,0,Routine monitoring
8105,0.0002,Low,0,Routine monitoring
8106,0.0008,Low,0,Routine monitoring
8107,0.0005,Low,0,Routine monitoring
8108,0.0003,Low,0,Routine monitoring
8109,0.0021,Low,0,Routine monitoring
8110,0.0,Low,0,Routine monitoring
8111,0.0,Low,0,Routine monitoring
8112,0.0003,Low,0,Routine monitoring
8113,0.0002,Low,0,Routine monitoring
8114,0.0012,Low,0,Routine monitoring
8115,1e-04,Low,0,Routine monitoring
8116,0.0014,Low,0,Routine monitoring
8117,0.0003,Low,0,Routine monitoring
8118,0.0007,Low,0,Routine monitoring
8119,0.0032,Low,0,Routine monitoring
8120,1e-04,Low,0,Routine monitoring
8121,0.0006,Low,0,Routine monitoring
8122,0.0106,Low,0,Routine monitoring
8123,1e-04,Low,0,Routine monitoring
8124,1e-04,Low,0,Routine monitoring
8125,0.0029,Low,0,Routine monitoring
8126,0.0005,Low,0,Routine monitoring
8127,0.0006,Low,0,Routine monitoring
8128,0.0002,Low,0,Routine monitoring
8129,0.0002,Low,0,Routine monitoring
8130,0.0005,Low,0,Routine monitoring
8131,0.0009,Low,0,Routine monitoring
8132,0.0008,Low,0,Routine monitoring
8133,0.0011,Low,0,Routine monitoring
8134,0.0002,Low,0,Routine monitoring
8135,0.0002,Low,0,Routine monitoring
8136,0.0019,Low,0,Routine monitoring
8137,0.0003,Low,0,Routine monitoring
8138,0.0007,Low,0,Routine monitoring
8139,0.0004,Low,0,Routine monitoring
8140,1e-04,Low,0,Routine monitoring
8141,0.0002,Low,0,Routine monitoring
8142,0.0008,Low,0,Routine monitoring
8143,0.0096,Low,0,Routine monitoring
8144,0.0008,Low,0,Routine monitoring
8145,0.0025,Low,0,Routine monitoring
8146,0.0,Low,0,Routine monitoring
8147,1e-04,Low,0,Routine monitoring
8148,1e-04,Low,0,Routine monitoring
8149,0.0019,Low,0,Routine monitoring
8150,1e-04,Low,0,Routine monitoring
8151,0.0002,Low,0,Routine monitoring
8152,0.0013,Low,0,Routine monitoring
8153,1e-04,Low,0,Routine monitoring
8154,0.0005,Low,0,Routine monitoring
8155,0.0004,Low,0,Routine monitoring
8156,0.0065,Low,0,Routine monitoring
8157,0.0003,Low,0,Routine monitoring
8158,0.0007,Low,0,Routine monitoring
8159,0.0027,Low,0,Routine monitoring
8160,0.0024,Low,0,Routine monitoring
8161,0.0004,Low,0,Routine monitoring
8162,1e-04,Low,0,Routine monitoring
8163,0.0,Low,0,Routine monitoring
8164,0.0007,Low,0,Routine monitoring
8165,0.0,Low,0,Routine monitoring
8166,0.04,Low,0,Routine monitoring
8167,1e-04,Low,0,Routine monitoring
8168,1e-04,Low,0,Routine monitoring
8169,1e-04,Low,0,Routine monitoring
8170,0.0,Low,0,Routine monitoring
8171,0.0048,Low,0,Routine monitoring
8172,0.0012,Low,0,Routine monitoring
8173,1e-04,Low,0,Routine monitoring
8174,0.0065,Low,0,Routine monitoring
8175,0.0031,Low,0,Routine monitoring
8176,0.0016,Low,0,Routine monitoring
8177,1e-04,Low,0,Routine monitoring
8178,0.0003,Low,0,Routine monitoring
8179,0.0002,Low,0,Routine monitoring
8180,0.0336,Low,0,Routine monitoring
8181,0.0003,Low,0,Routine monitoring
8182,0.0019,Low,0,Routine monitoring
8183,1e-04,Low,0,Routine monitoring
8184,0.0106,Low,0,Routine monitoring
8185,0.0053,Low,0,Routine monitoring
8186,0.0003,Low,0,Routine monitoring
8187,0.0013,Low,0,Routine monitoring
8188,0.0005,Low,0,Routine monitoring
8189,1e-04,Low,0,Routine monitoring
8190,0.0002,Low,0,Routine monitoring
8191,0.0029,Low,0,Routine monitoring
8192,0.0004,Low,0,Routine monitoring
8193,0.0,Low,0,Routine monitoring
8194,0.0032,Low,0,Routine monitoring
8195,0.0007,Low,0,Routine monitoring
8196,1e-04,Low,0,Routine monitoring
8197,0.0,Low,0,Routine monitoring
8198,0.0009,Low,0,Routine monitoring
8199,0.0008,Low,0,Routine monitoring
8200,1e-04,Low,0,Routine monitoring
8201,0.0005,Low,0,Routine monitoring
8202,0.0003,Low,0,Routine monitoring
8203,0.0067,Low,0,Routine monitoring
8204,0.0007,Low,0,Routine monitoring
8205,1e-04,Low,0,Routine monitoring
8206,1e-04,Low,0,Routine monitoring
8207,1e-04,Low,0,Routine monitoring
8208,0.0017,Low,0,Routine monitoring
8209,0.0002,Low,0,Routine monitoring
8210,0.0002,Low,0,Routine monitoring
8211,0.0013,Low,0,Routine monitoring
8212,0.0005,Low,0,Routine monitoring
8213,0.0004,Low,0,Routine monitoring
8214,0.0007,Low,0,Routine monitoring
8215,0.0031,Low,0,Routine monitoring
8216,0.0004,Low,0,Routine monitoring
8217,0.0042,Low,0,Routine monitoring
8218,0.001,Low,0,Routine monitoring
8219,0.0018,Low,0,Routine monitoring
8220,1e-04,Low,0,Routine monitoring
8221,0.0005,Low,0,Routine monitoring
8222,0.0,Low,0,Routine monitoring
8223,0.0006,Low,0,Routine monitoring
8224,0.0003,Low,0,Routine monitoring
8225,0.0005,Low,0,Routine monitoring
8226,1e-04,Low,0,Routine monitoring
8227,0.0003,Low,0,Routine monitoring
8228,0.0008,Low,0,Routine monitoring
8229,0.0028,Low,0,Routine monitoring
8230,0.0004,Low,0,Routine monitoring
8231,0.0025,Low,0,Routine monitoring
8232,0.0011,Low,0,Routine monitoring
8233,0.0044,Low,0,Routine monitoring
8234,0.0012,Low,0,Routine monitoring
8235,0.0012,Low,0,Routine monitoring
8236,0.0002,Low,0,Routine monitoring
8237,0.0,Low,0,Routine monitoring
8238,0.0042,Low,0,Routine monitoring
8239,0.0008,Low,0,Routine monitoring
8240,0.0,Low,0,Routine monitoring
8241,0.0016,Low,0,Routine monitoring
8242,0.001,Low,0,Routine monitoring
8243,0.0006,Low,0,Routine monitoring
8244,0.0002,Low,0,Routine monitoring
8245,0.0,Low,0,Routine monitoring
8246,0.0002,Low,0,Routine monitoring
8247,1e-04,Low,0,Routine monitoring
8248,0.002,Low,0,Routine monitoring
8249,0.0,Low,0,Routine monitoring
8250,0.0006,Low,0,Routine monitoring
8251,0.0021,Low,0,Routine monitoring
8252,1e-04,Low,0,Routine monitoring
8253,0.0004,Low,0,Routine monitoring
8254,0.0028,Low,0,Routine monitoring
8255,0.0003,Low,0,Routine monitoring
8256,0.0004,Low,0,Routine monitoring
8257,0.0,Low,0,Routine monitoring
8258,0.0,Low,0,Routine monitoring
8259,1e-04,Low,0,Routine monitoring
8260,1e-04,Low,0,Routine monitoring
8261,0.0219,Low,0,Routine monitoring
8262,0.0009,Low,0,Routine monitoring
8263,0.0019,Low,0,Routine monitoring
8264,0.0052,Low,0,Routine monitoring
8265,0.0002,Low,0,Routine monitoring
8266,0.0033,Low,0,Routine monitoring
8267,0.0002,Low,0,Routine monitoring
8268,0.0,Low,0,Routine monitoring
8269,0.0002,Low,0,Routine monitoring
8270,0.0039,Low,0,Routine monitoring
8271,0.0004,Low,0,Routine monitoring
8272,0.0003,Low,0,Routine monitoring
8273,0.0007,Low,0,Routine monitoring
8274,0.0005,Low,0,Routine monitoring
8275,0.0003,Low,0,Routine monitoring
8276,0.0003,Low,0,Routine monitoring
8277,0.0,Low,0,Routine monitoring
8278,0.0027,Low,0,Routine monitoring
8279,0.0006,Low,0,Routine monitoring
8280,0.0002,Low,0,Routine monitoring
8281,0.0006,Low,0,Routine monitoring
8282,0.0068,Low,0,Routine monitoring
8283,0.0061,Low,0,Routine monitoring
8284,0.0995,Low,0,Routine monitoring
8285,0.0,Low,0,Routine monitoring
8286,1e-04,Low,0,Routine monitoring
8287,0.0047,Low,0,Routine monitoring
8288,1e-04,Low,0,Routine monitoring
8289,0.0007,Low,0,Routine monitoring
8290,0.0026,Low,0,Routine monitoring
8291,1e-04,Low,0,Routine monitoring
8292,0.0066,Low,0,Routine monitoring
8293,0.0027,Low,0,Routine monitoring
8294,0.0002,Low,0,Routine monitoring
8295,1e-04,Low,0,Routine monitoring
8296,0.0012,Low,0,Routine monitoring
8297,0.0206,Low,0,Routine monitoring
8298,0.0058,Low,0,Routine monitoring
8299,0.0066,Low,0,Routine monitoring
8300,0.0015,Low,0,Routine monitoring
8301,1e-04,Low,0,Routine monitoring
8302,0.0013,Low,0,Routine monitoring
8303,1e-04,Low,0,Routine monitoring
8304,0.0004,Low,0,Routine monitoring
8305,0.0008,Low,0,Routine monitoring
8306,0.0002,Low,0,Routine monitoring
8307,0.0025,Low,0,Routine monitoring
8308,1e-04,Low,0,Routine monitoring
8309,0.0017,Low,0,Routine monitoring
8310,0.0021,Low,0,Routine monitoring
8311,0.0023,Low,0,Routine monitoring
8312,0.0167,Low,0,Routine monitoring
8313,0.0005,Low,0,Routine monitoring
8314,0.0145,Low,0,Routine monitoring
8315,0.0003,Low,0,Routine monitoring
8316,0.0056,Low,0,Routine monitoring
8317,0.0008,Low,0,Routine monitoring
8318,0.0006,Low,0,Routine monitoring
8319,0.0002,Low,0,Routine monitoring
8320,0.0,Low,0,Routine monitoring
8321,0.0013,Low,0,Routine monitoring
8322,0.0318,Low,0,Routine monitoring
8323,0.0068,Low,0,Routine monitoring
8324,0.0005,Low,0,Routine monitoring
8325,0.0061,Low,0,Routine monitoring
8326,0.0015,Low,0,Routine monitoring
8327,0.0002,Low,0,Routine monitoring
8328,0.0,Low,0,Routine monitoring
8329,0.0094,Low,0,Routine monitoring
8330,0.0003,Low,0,Routine monitoring
8331,0.0004,Low,0,Routine monitoring
8332,1e-04,Low,0,Routine monitoring
8333,0.0013,Low,0,Routine monitoring
8334,1e-04,Low,0,Routine monitoring
8335,0.0004,Low,0,Routine monitoring
8336,0.0007,Low,0,Routine monitoring
8337,0.0005,Low,0,Routine monitoring
8338,0.0,Low,0,Routine monitoring
8339,0.0005,Low,0,Routine monitoring
8340,0.0039,Low,0,Routine monitoring
8341,1e-04,Low,0,Routine monitoring
8342,1e-04,Low,0,Routine monitoring
8343,0.0015,Low,0,Routine monitoring
8344,0.007,Low,0,Routine monitoring
8345,0.0053,Low,0,Routine monitoring
8346,0.0022,Low,0,Routine monitoring
8347,0.0,Low,0,Routine monitoring
8348,0.0025,Low,0,Routine monitoring
8349,1e-04,Low,0,Routine monitoring
8350,1e-04,Low,0,Routine monitoring
8351,0.0002,Low,0,Routine monitoring
8352,1e-04,Low,0,Routine monitoring
8353,0.0013,Low,0,Routine monitoring
8354,0.0005,Low,0,Routine monitoring
8355,0.0002,Low,0,Routine monitoring
8356,0.0027,Low,0,Routine monitoring
8357,0.0012,Low,0,Routine monitoring
8358,0.0007,Low,0,Routine monitoring
8359,0.0005,Low,0,Routine monitoring
8360,0.0025,Low,0,Routine monitoring
8361,1e-04,Low,0,Routine monitoring
8362,0.0027,Low,0,Routine monitoring
8363,0.0017,Low,0,Routine monitoring
8364,0.0012,Low,0,Routine monitoring
8365,0.0022,Low,0,Routine monitoring
8366,0.0009,Low,0,Routine monitoring
8367,0.0015,Low,0,Routine monitoring
8368,0.0,Low,0,Routine monitoring
8369,0.0005,Low,0,Routine monitoring
8370,0.0005,Low,0,Routine monitoring
8371,0.002,Low,0,Routine monitoring
8372,0.0274,Low,0,Routine monitoring
8373,0.0053,Low,0,Routine monitoring
8374,0.0046,Low,0,Routine monitoring
8375,0.0002,Low,0,Routine monitoring
8376,0.0003,Low,0,Routine monitoring
8377,0.0007,Low,0,Routine monitoring
8378,0.0015,Low,0,Routine monitoring
8379,0.0012,Low,0,Routine monitoring
8380,0.001,Low,0,Routine monitoring
8381,0.0005,Low,0,Routine monitoring
8382,1e-04,Low,0,Routine monitoring
8383,0.0003,Low,0,Routine monitoring
8384,0.001,Low,0,Routine monitoring
8385,0.0018,Low,0,Routine monitoring
8386,0.0002,Low,0,Routine monitoring
8387,0.0015,Low,0,Routine monitoring
8388,0.0012,Low,0,Routine monitoring
8389,0.0063,Low,0,Routine monitoring
8390,0.0022,Low,0,Routine monitoring
8391,0.0056,Low,0,Routine monitoring
8392,0.001,Low,0,Routine monitoring
8393,0.0,Low,0,Routine monitoring
8394,0.0006,Low,0,Routine monitoring
8395,0.0002,Low,0,Routine monitoring
8396,0.0039,Low,0,Routine monitoring
8397,0.0016,Low,0,Routine monitoring
8398,0.0002,Low,0,Routine monitoring
8399,0.0245,Low,0,Routine monitoring
8400,0.0012,Low,0,Routine monitoring
8401,0.0015,Low,0,Routine monitoring
8402,1e-04,Low,0,Routine monitoring
8403,0.0008,Low,0,Routine monitoring
8404,0.0048,Low,0,Routine monitoring
8405,0.0029,Low,0,Routine monitoring
8406,1e-04,Low,0,Routine monitoring
8407,0.0002,Low,0,Routine monitoring
8408,0.0006,Low,0,Routine monitoring
8409,0.0,Low,0,Routine monitoring
8410,0.0017,Low,0,Routine monitoring
8411,0.0019,Low,0,Routine monitoring
8412,1e-04,Low,0,Routine monitoring
8413,0.0,Low,0,Routine monitoring
8414,0.0005,Low,0,Routine monitoring
8415,0.0004,Low,0,Routine monitoring
8416,0.0017,Low,0,Routine monitoring
8417,0.0009,Low,0,Routine monitoring
8418,0.0003,Low,0,Routine monitoring
8419,0.0002,Low,0,Routine monitoring
8420,0.0008,Low,0,Routine monitoring
8421,1e-04,Low,0,Routine monitoring
8422,0.0002,Low,0,Routine monitoring
8423,0.0005,Low,0,Routine monitoring
8424,0.0003,Low,0,Routine monitoring
8425,0.0,Low,0,Routine monitoring
8426,0.001,Low,0,Routine monitoring
8427,0.0004,Low,0,Routine monitoring
8428,0.0,Low,0,Routine monitoring
8429,0.0003,Low,0,Routine monitoring
8430,0.0002,Low,0,Routine monitoring
8431,0.0004,Low,0,Routine monitoring
8432,0.0004,Low,0,Routine monitoring
8433,0.0051,Low,0,Routine monitoring
8434,0.0006,Low,0,Routine monitoring
8435,0.004,Low,0,Routine monitoring
8436,0.0058,Low,0,Routine monitoring
8437,0.001,Low,0,Routine monitoring
8438,0.0045,Low,0,Routine monitoring
8439,0.0,Low,0,Routine monitoring
8440,1e-04,Low,0,Routine monitoring
8441,0.0,Low,0,Routine monitoring
8442,0.0018,Low,0,Routine monitoring
8443,1e-04,Low,0,Routine monitoring
8444,0.0,Low,0,Routine monitoring
8445,0.0004,Low,0,Routine monitoring
8446,0.0002,Low,0,Routine monitoring
8447,0.0004,Low,0,Routine monitoring
8448,0.0004,Low,0,Routine monitoring
8449,0.0004,Low,0,Routine monitoring
8450,0.0003,Low,0,Routine monitoring
8451,0.0002,Low,0,Routine monitoring
8452,0.0035,Low,0,Routine monitoring
8453,0.0002,Low,0,Routine monitoring
8454,0.0003,Low,0,Routine monitoring
8455,0.0005,Low,0,Routine monitoring
8456,0.0008,Low,0,Routine monitoring
8457,0.0084,Low,0,Routine monitoring
8458,0.0002,Low,0,Routine monitoring
8459,0.0,Low,0,Routine monitoring
8460,0.0028,Low,0,Routine monitoring
8461,0.0052,Low,0,Routine monitoring
8462,1e-04,Low,0,Routine monitoring
8463,0.0,Low,0,Routine monitoring
8464,1e-04,Low,0,Routine monitoring
8465,0.0005,Low,0,Routine monitoring
8466,0.0007,Low,0,Routine monitoring
8467,0.0017,Low,0,Routine monitoring
8468,0.0018,Low,0,Routine monitoring
8469,0.0,Low,0,Routine monitoring
8470,0.0014,Low,0,Routine monitoring
8471,0.0002,Low,0,Routine monitoring
8472,0.0005,Low,0,Routine monitoring
8473,0.0032,Low,0,Routine monitoring
8474,0.0006,Low,0,Routine monitoring
8475,0.0115,Low,0,Routine monitoring
8476,0.0061,Low,0,Routine monitoring
8477,0.0005,Low,0,Routine monitoring
8478,0.0002,Low,0,Routine monitoring
8479,0.4014,Medium,0,Enhanced monitoring
8480,0.0057,Low,0,Routine monitoring
8481,0.0005,Low,0,Routine monitoring
8482,0.0,Low,0,Routine monitoring
8483,0.001,Low,0,Routine monitoring
8484,0.0007,Low,0,Routine monitoring
8485,0.0046,Low,0,Routine monitoring
8486,0.0003,Low,0,Routine monitoring
8487,0.0006,Low,0,Routine monitoring
8488,0.0022,Low,0,Routine monitoring
8489,0.0011,Low,0,Routine monitoring
8490,0.0005,Low,0,Routine monitoring
8491,0.0,Low,0,Routine monitoring
8492,0.0002,Low,0,Routine monitoring
8493,0.0024,Low,0,Routine monitoring
8494,1e-04,Low,0,Routine monitoring
8495,0.0033,Low,0,Routine monitoring
8496,0.0002,Low,0,Routine monitoring
8497,0.0002,Low,0,Routine monitoring
8498,0.0005,Low,0,Routine monitoring
8499,0.0046,Low,0,Routine monitoring
8500,0.0005,Low,0,Routine monitoring
8501,0.0137,Low,0,Routine monitoring
8502,0.0009,Low,0,Routine monitoring
8503,0.0006,Low,0,Routine monitoring
8504,0.0005,Low,0,Routine monitoring
8505,0.0011,Low,0,Routine monitoring
8506,0.0023,Low,0,Routine monitoring
8507,0.0,Low,0,Routine monitoring
8508,0.0002,Low,0,Routine monitoring
8509,0.0009,Low,0,Routine monitoring
8510,0.0004,Low,0,Routine monitoring
8511,0.0006,Low,0,Routine monitoring
8512,0.0008,Low,0,Routine monitoring
8513,0.0096,Low,0,Routine monitoring
8514,0.0023,Low,0,Routine monitoring
8515,1e-04,Low,0,Routine monitoring
8516,0.0002,Low,0,Routine monitoring
8517,0.0002,Low,0,Routine monitoring
8518,0.0023,Low,0,Routine monitoring
8519,1e-04,Low,0,Routine monitoring
8520,0.0002,Low,0,Routine monitoring
8521,1e-04,Low,0,Routine monitoring
8522,1e-04,Low,0,Routine monitoring
8523,0.0011,Low,0,Routine monitoring
8524,0.0006,Low,0,Routine monitoring
8525,0.0018,Low,0,Routine monitoring
8526,0.0004,Low,0,Routine monitoring
8527,0.0127,Low,0,Routine monitoring
8528,0.0004,Low,0,Routine monitoring
8529,0.0004,Low,0,Routine monitoring
8530,0.0018,Low,0,Routine monitoring
8531,0.0002,Low,0,Routine monitoring
8532,0.0008,Low,0,Routine monitoring
8533,0.0063,Low,0,Routine monitoring
8534,1e-04,Low,0,Routine monitoring
8535,0.0002,Low,0,Routine monitoring
8536,0.0013,Low,0,Routine monitoring
8537,1e-04,Low,0,Routine monitoring
8538,1e-04,Low,0,Routine monitoring
8539,0.0014,Low,0,Routine monitoring
8540,1e-04,Low,0,Routine monitoring
8541,0.0003,Low,0,Routine monitoring
8542,1e-04,Low,0,Routine monitoring
8543,0.0002,Low,0,Routine monitoring
8544,0.0003,Low,0,Routine monitoring
8545,0.0004,Low,0,Routine monitoring
8546,0.2343,Low,0,Routine monitoring
8547,1e-04,Low,0,Routine monitoring
8548,0.0012,Low,0,Routine monitoring
8549,0.0964,Low,0,Routine monitoring
8550,1e-04,Low,0,Routine monitoring
8551,0.0022,Low,0,Routine monitoring
8552,0.0014,Low,0,Routine monitoring
8553,0.0014,Low,0,Routine monitoring
8554,0.0006,Low,0,Routine monitoring
8555,0.0062,Low,0,Routine monitoring
8556,0.0015,Low,0,Routine monitoring
8557,0.0053,Low,0,Routine monitoring
8558,0.0015,Low,0,Routine monitoring
8559,0.0103,Low,0,Routine monitoring
8560,0.0013,Low,0,Routine monitoring
8561,0.0012,Low,0,Routine monitoring
8562,0.0005,Low,0,Routine monitoring
8563,0.0011,Low,0,Routine monitoring
8564,0.0013,Low,0,Routine monitoring
8565,0.0002,Low,0,Routine monitoring
8566,0.0003,Low,0,Routine monitoring
8567,0.0017,Low,0,Routine monitoring
8568,0.002,Low,0,Routine monitoring
8569,0.0005,Low,0,Routine monitoring
8570,0.0002,Low,0,Routine monitoring
8571,1e-04,Low,0,Routine monitoring
8572,0.0038,Low,0,Routine monitoring
8573,0.0008,Low,0,Routine monitoring
8574,0.0035,Low,0,Routine monitoring
8575,0.0113,Low,0,Routine monitoring
8576,0.0002,Low,0,Routine monitoring
8577,0.0345,Low,0,Routine monitoring
8578,0.0002,Low,0,Routine monitoring
8579,0.002,Low,0,Routine monitoring
8580,1e-04,Low,0,Routine monitoring
8581,0.0003,Low,0,Routine monitoring
8582,0.0014,Low,0,Routine monitoring
8583,0.0063,Low,0,Routine monitoring
8584,0.0021,Low,0,Routine monitoring
8585,0.0004,Low,0,Routine monitoring
8586,0.0005,Low,0,Routine monitoring
8587,0.0093,Low,0,Routine monitoring
8588,0.0061,Low,0,Routine monitoring
8589,1e-04,Low,0,Routine monitoring
8590,1e-04,Low,0,Routine monitoring
8591,0.0004,Low,0,Routine monitoring
8592,1e-04,Low,0,Routine monitoring
8593,0.0076,Low,0,Routine monitoring
8594,0.0005,Low,0,Routine monitoring
8595,0.0045,Low,0,Routine monitoring
8596,0.0002,Low,0,Routine monitoring
8597,0.0002,Low,0,Routine monitoring
8598,1e-04,Low,0,Routine monitoring
8599,0.003,Low,0,Routine monitoring
8600,0.0,Low,0,Routine monitoring
8601,1e-04,Low,0,Routine monitoring
8602,0.0002,Low,0,Routine monitoring
8603,0.0016,Low,0,Routine monitoring
8604,0.0121,Low,0,Routine monitoring
8605,0.0006,Low,0,Routine monitoring
8606,0.0003,Low,0,Routine monitoring
8607,0.0006,Low,0,Routine monitoring
8608,0.0002,Low,0,Routine monitoring
8609,0.0088,Low,0,Routine monitoring
8610,0.0021,Low,0,Routine monitoring
8611,0.0079,Low,0,Routine monitoring
8612,0.0005,Low,0,Routine monitoring
8613,0.0059,Low,0,Routine monitoring
8614,1e-04,Low,0,Routine monitoring
8615,0.0047,Low,0,Routine monitoring
8616,0.0002,Low,0,Routine monitoring
8617,0.0126,Low,0,Routine monitoring
8618,0.0005,Low,0,Routine monitoring
8619,0.0065,Low,0,Routine monitoring
8620,0.0003,Low,0,Routine monitoring
8621,1e-04,Low,0,Routine monitoring
8622,0.0005,Low,0,Routine monitoring
8623,0.0222,Low,0,Routine monitoring
8624,0.0013,Low,0,Routine monitoring
8625,0.0002,Low,0,Routine monitoring
8626,0.0017,Low,0,Routine monitoring
8627,0.0016,Low,0,Routine monitoring
8628,0.0,Low,0,Routine monitoring
8629,0.0073,Low,0,Routine monitoring
8630,0.0058,Low,0,Routine monitoring
8631,0.0022,Low,0,Routine monitoring
8632,0.0009,Low,0,Routine monitoring
8633,0.0023,Low,0,Routine monitoring
8634,0.0009,Low,0,Routine monitoring
8635,0.0008,Low,0,Routine monitoring
8636,0.0125,Low,0,Routine monitoring
8637,0.0009,Low,0,Routine monitoring
8638,0.0005,Low,0,Routine monitoring
8639,0.0021,Low,0,Routine monitoring
8640,1e-04,Low,0,Routine monitoring
8641,0.0019,Low,0,Routine monitoring
8642,1e-04,Low,0,Routine monitoring
8643,0.0211,Low,0,Routine monitoring
8644,0.0004,Low,0,Routine monitoring
8645,0.0044,Low,0,Routine monitoring
8646,0.0002,Low,0,Routine monitoring
8647,1e-04,Low,0,Routine monitoring
8648,0.0002,Low,0,Routine monitoring
8649,0.0002,Low,0,Routine monitoring
8650,0.0069,Low,0,Routine monitoring
8651,0.0036,Low,0,Routine monitoring
8652,0.0012,Low,0,Routine monitoring
8653,0.0008,Low,0,Routine monitoring
8654,0.0003,Low,0,Routine monitoring
8655,1e-04,Low,0,Routine monitoring
8656,0.0,Low,0,Routine monitoring
8657,0.0012,Low,0,Routine monitoring
8658,1e-04,Low,0,Routine monitoring
8659,0.001,Low,0,Routine monitoring
8660,0.0,Low,0,Routine monitoring
8661,0.0004,Low,0,Routine monitoring
8662,0.0011,Low,0,Routine monitoring
8663,0.0009,Low,0,Routine monitoring
8664,1e-04,Low,0,Routine monitoring
8665,0.1494,Low,0,Routine monitoring
8666,0.0025,Low,0,Routine monitoring
8667,0.0016,Low,0,Routine monitoring
8668,0.0009,Low,0,Routine monitoring
8669,0.017,Low,0,Routine monitoring
8670,0.0,Low,0,Routine monitoring
8671,0.0017,Low,0,Routine monitoring
8672,0.0004,Low,0,Routine monitoring
8673,0.0002,Low,0,Routine monitoring
8674,0.0011,Low,0,Routine monitoring
8675,1e-04,Low,0,Routine monitoring
8676,0.0002,Low,0,Routine monitoring
8677,1e-04,Low,0,Routine monitoring
8678,0.0002,Low,0,Routine monitoring
8679,0.0017,Low,0,Routine monitoring
8680,1e-04,Low,0,Routine monitoring
8681,0.0022,Low,0,Routine monitoring
8682,0.0028,Low,0,Routine monitoring
8683,0.0,Low,0,Routine monitoring
8684,0.0012,Low,0,Routine monitoring
8685,0.0002,Low,0,Routine monitoring
8686,0.0003,Low,0,Routine monitoring
8687,0.0017,Low,0,Routine monitoring
8688,0.0005,Low,0,Routine monitoring
8689,1e-04,Low,0,Routine monitoring
8690,1e-04,Low,0,Routine monitoring
8691,0.0039,Low,0,Routine monitoring
8692,0.0043,Low,0,Routine monitoring
8693,1e-04,Low,0,Routine monitoring
8694,0.0,Low,0,Routine monitoring
8695,0.0095,Low,0,Routine monitoring
8696,0.0007,Low,0,Routine monitoring
8697,0.0003,Low,0,Routine monitoring
8698,0.002,Low,0,Routine monitoring
8699,0.0,Low,0,Routine monitoring
8700,1e-04,Low,0,Routine monitoring
8701,0.0005,Low,0,Routine monitoring
8702,0.0034,Low,0,Routine monitoring
8703,1e-04,Low,0,Routine monitoring
8704,0.0004,Low,0,Routine monitoring
8705,1e-04,Low,0,Routine monitoring
8706,0.0056,Low,0,Routine monitoring
8707,0.0006,Low,0,Routine monitoring
8708,0.0002,Low,0,Routine monitoring
8709,0.0,Low,0,Routine monitoring
8710,1e-04,Low,0,Routine monitoring
8711,0.0003,Low,0,Routine monitoring
8712,0.0,Low,0,Routine monitoring
8713,0.0014,Low,0,Routine monitoring
8714,1e-04,Low,0,Routine monitoring
8715,0.0004,Low,0,Routine monitoring
8716,0.0003,Low,0,Routine monitoring
8717,0.0,Low,0,Routine monitoring
8718,0.0002,Low,0,Routine monitoring
8719,1e-04,Low,0,Routine monitoring
8720,1e-04,Low,0,Routine monitoring
8721,0.0004,Low,0,Routine monitoring
8722,0.0,Low,0,Routine monitoring
8723,0.0007,Low,0,Routine monitoring
8724,0.0026,Low,0,Routine monitoring
8725,0.0,Low,0,Routine monitoring
8726,0.0002,Low,0,Routine monitoring
8727,0.0015,Low,0,Routine monitoring
8728,0.0073,Low,0,Routine monitoring
8729,0.001,Low,0,Routine monitoring
8730,0.0025,Low,0,Routine monitoring
8731,0.005,Low,0,Routine monitoring
8732,0.0004,Low,0,Routine monitoring
8733,0.002,Low,0,Routine monitoring
8734,0.0005,Low,0,Routine monitoring
8735,0.0089,Low,0,Routine monitoring
8736,1e-04,Low,0,Routine monitoring
8737,0.0,Low,0,Routine monitoring
8738,0.0011,Low,0,Routine monitoring
8739,0.0008,Low,0,Routine monitoring
8740,1e-04,Low,0,Routine monitoring
8741,0.0003,Low,0,Routine monitoring
8742,1e-04,Low,0,Routine monitoring
8743,0.0002,Low,0,Routine monitoring
8744,0.0011,Low,0,Routine monitoring
8745,0.0215,Low,0,Routine monitoring
8746,0.0004,Low,0,Routine monitoring
8747,0.0011,Low,0,Routine monitoring
8748,0.0006,Low,0,Routine monitoring
8749,0.0008,Low,0,Routine monitoring
8750,0.0009,Low,0,Routine monitoring
8751,0.0022,Low,0,Routine monitoring
8752,0.001,Low,0,Routine monitoring
8753,0.0012,Low,0,Routine monitoring
8754,0.0016,Low,0,Routine monitoring
8755,0.0016,Low,0,Routine monitoring
8756,0.0054,Low,0,Routine monitoring
8757,0.001,Low,0,Routine monitoring
8758,1e-04,Low,0,Routine monitoring
8759,0.0016,Low,0,Routine monitoring
8760,0.0004,Low,0,Routine monitoring
8761,0.0043,Low,0,Routine monitoring
8762,0.0006,Low,0,Routine monitoring
8763,0.0005,Low,0,Routine monitoring
8764,0.0005,Low,0,Routine monitoring
8765,0.0017,Low,0,Routine monitoring
8766,1e-04,Low,0,Routine monitoring
8767,0.0017,Low,0,Routine monitoring
8768,0.0038,Low,0,Routine monitoring
8769,0.0014,Low,0,Routine monitoring
8770,0.0007,Low,0,Routine monitoring
8771,0.0003,Low,0,Routine monitoring
8772,0.0024,Low,0,Routine monitoring
8773,0.0004,Low,0,Routine monitoring
8774,0.0212,Low,0,Routine monitoring
8775,0.0022,Low,0,Routine monitoring
8776,0.0006,Low,0,Routine monitoring
8777,0.0,Low,0,Routine monitoring
8778,0.0002,Low,0,Routine monitoring
8779,1e-04,Low,0,Routine monitoring
8780,0.0,Low,0,Routine monitoring
8781,0.0011,Low,0,Routine monitoring
8782,0.0003,Low,0,Routine monitoring
8783,0.0025,Low,0,Routine monitoring
8784,0.0011,Low,0,Routine monitoring
8785,0.0002,Low,0,Routine monitoring
8786,0.0006,Low,0,Routine monitoring
8787,0.0,Low,0,Routine monitoring
8788,0.0019,Low,0,Routine monitoring
8789,0.0008,Low,0,Routine monitoring
8790,0.0003,Low,0,Routine monitoring
8791,0.0009,Low,0,Routine monitoring
8792,1e-04,Low,0,Routine monitoring
8793,0.0002,Low,0,Routine monitoring
8794,0.0004,Low,0,Routine monitoring
8795,0.0035,Low,0,Routine monitoring
8796,0.0002,Low,0,Routine monitoring
8797,1e-04,Low,0,Routine monitoring
8798,1e-04,Low,0,Routine monitoring
8799,1e-04,Low,0,Routine monitoring
8800,0.0004,Low,0,Routine monitoring
8801,0.0005,Low,0,Routine monitoring
8802,0.0087,Low,0,Routine monitoring
8803,0.0068,Low,0,Routine monitoring
8804,1e-04,Low,0,Routine monitoring
8805,0.0104,Low,0,Routine monitoring
8806,0.0002,Low,0,Routine monitoring
8807,1e-04,Low,0,Routine monitoring
8808,0.0011,Low,0,Routine monitoring
8809,0.0106,Low,0,Routine monitoring
8810,1e-04,Low,0,Routine monitoring
8811,1e-04,Low,0,Routine monitoring
8812,0.0017,Low,0,Routine monitoring
8813,0.0003,Low,0,Routine monitoring
8814,0.003,Low,0,Routine monitoring
8815,0.0154,Low,0,Routine monitoring
8816,0.0006,Low,0,Routine monitoring
8817,0.0002,Low,0,Routine monitoring
8818,1e-04,Low,0,Routine monitoring
8819,0.0002,Low,0,Routine monitoring
8820,0.0006,Low,0,Routine monitoring
8821,0.0007,Low,0,Routine monitoring
8822,0.0,Low,0,Routine monitoring
8823,0.0003,Low,0,Routine monitoring
8824,0.0002,Low,0,Routine monitoring
8825,0.0056,Low,0,Routine monitoring
8826,0.0003,Low,0,Routine monitoring
8827,0.0004,Low,0,Routine monitoring
8828,0.0053,Low,0,Routine monitoring
8829,0.0064,Low,0,Routine monitoring
8830,0.0037,Low,0,Routine monitoring
8831,0.0008,Low,0,Routine monitoring
8832,0.0159,Low,0,Routine monitoring
8833,0.0016,Low,0,Routine monitoring
8834,0.0035,Low,0,Routine monitoring
8835,0.0,Low,0,Routine monitoring
8836,0.0046,Low,0,Routine monitoring
8837,0.0002,Low,0,Routine monitoring
8838,1e-04,Low,0,Routine monitoring
8839,0.0021,Low,0,Routine monitoring
8840,0.0002,Low,0,Routine monitoring
8841,0.0002,Low,0,Routine monitoring
8842,0.0011,Low,0,Routine monitoring
8843,0.0025,Low,0,Routine monitoring
8844,0.0007,Low,0,Routine monitoring
8845,0.0011,Low,0,Routine monitoring
8846,0.0009,Low,0,Routine monitoring
8847,0.0005,Low,0,Routine monitoring
8848,0.0005,Low,0,Routine monitoring
8849,0.0,Low,0,Routine monitoring
8850,0.0006,Low,0,Routine monitoring
8851,1e-04,Low,0,Routine monitoring
8852,0.0002,Low,0,Routine monitoring
8853,0.0002,Low,0,Routine monitoring
8854,0.0004,Low,0,Routine monitoring
8855,0.0007,Low,0,Routine monitoring
8856,0.0,Low,0,Routine monitoring
8857,0.0007,Low,0,Routine monitoring
8858,1e-04,Low,0,Routine monitoring
8859,0.0004,Low,0,Routine monitoring
8860,0.0016,Low,0,Routine monitoring
8861,0.0024,Low,0,Routine monitoring
8862,1e-04,Low,0,Routine monitoring
8863,0.0015,Low,0,Routine monitoring
8864,1e-04,Low,0,Routine monitoring
8865,0.0027,Low,0,Routine monitoring
8866,0.0003,Low,0,Routine monitoring
8867,1e-04,Low,0,Routine monitoring
8868,0.002,Low,0,Routine monitoring
8869,0.0002,Low,0,Routine monitoring
8870,0.0017,Low,0,Routine monitoring
8871,0.004,Low,0,Routine monitoring
8872,1e-04,Low,0,Routine monitoring
8873,0.6129,High,0,Analyst investigation
8874,1e-04,Low,0,Routine monitoring
8875,1e-04,Low,0,Routine monitoring
8876,0.0022,Low,0,Routine monitoring
8877,0.0004,Low,0,Routine monitoring
8878,0.0006,Low,0,Routine monitoring
8879,0.0005,Low,0,Routine monitoring
8880,0.0003,Low,0,Routine monitoring
8881,0.0002,Low,0,Routine monitoring
8882,0.0005,Low,0,Routine monitoring
8883,1e-04,Low,0,Routine monitoring
8884,0.0,Low,0,Routine monitoring
8885,0.0016,Low,0,Routine monitoring
8886,0.0007,Low,0,Routine monitoring
8887,0.0,Low,0,Routine monitoring
8888,0.0002,Low,0,Routine monitoring
8889,0.0012,Low,0,Routine monitoring
8890,0.0009,Low,0,Routine monitoring
8891,0.0006,Low,0,Routine monitoring
8892,0.002,Low,0,Routine monitoring
8893,0.0008,Low,0,Routine monitoring
8894,0.0002,Low,0,Routine monitoring
8895,1e-04,Low,0,Routine monitoring
8896,0.0004,Low,0,Routine monitoring
8897,1e-04,Low,0,Routine monitoring
8898,0.0011,Low,0,Routine monitoring
8899,0.0006,Low,0,Routine monitoring
8900,0.0002,Low,0,Routine monitoring
8901,0.0003,Low,0,Routine monitoring
8902,0.0045,Low,0,Routine monitoring
8903,0.0004,Low,0,Routine monitoring
8904,0.0011,Low,0,Routine monitoring
8905,1e-04,Low,0,Routine monitoring
8906,0.0004,Low,0,Routine monitoring
8907,1e-04,Low,0,Routine monitoring
8908,0.0004,Low,0,Routine monitoring
8909,0.0005,Low,0,Routine monitoring
8910,0.0006,Low,0,Routine monitoring
8911,0.0008,Low,0,Routine monitoring
8912,0.0,Low,0,Routine monitoring
8913,0.0019,Low,0,Routine monitoring
8914,0.001,Low,0,Routine monitoring
8915,1e-04,Low,0,Routine monitoring
8916,0.0009,Low,0,Routine monitoring
8917,0.0006,Low,0,Routine monitoring
8918,1e-04,Low,0,Routine monitoring
8919,0.0034,Low,0,Routine monitoring
8920,0.0,Low,0,Routine monitoring
8921,0.0004,Low,0,Routine monitoring
8922,1e-04,Low,0,Routine monitoring
8923,0.0002,Low,0,Routine monitoring
8924,1e-04,Low,0,Routine monitoring
8925,0.0015,Low,0,Routine monitoring
8926,0.0003,Low,0,Routine monitoring
8927,0.0003,Low,0,Routine monitoring
8928,1e-04,Low,0,Routine monitoring
8929,1e-04,Low,0,Routine monitoring
8930,0.0096,Low,0,Routine monitoring
8931,1e-04,Low,0,Routine monitoring
8932,0.0009,Low,0,Routine monitoring
8933,0.0031,Low,0,Routine monitoring
8934,0.0014,Low,0,Routine monitoring
8935,0.0005,Low,0,Routine monitoring
8936,0.0016,Low,0,Routine monitoring
8937,0.0009,Low,0,Routine monitoring
8938,0.0018,Low,0,Routine monitoring
8939,0.0023,Low,0,Routine monitoring
8940,0.0019,Low,0,Routine monitoring
8941,1e-04,Low,0,Routine monitoring
8942,1e-04,Low,0,Routine monitoring
8943,0.0038,Low,0,Routine monitoring
8944,0.0009,Low,0,Routine monitoring
8945,0.0009,Low,0,Routine monitoring
8946,0.0096,Low,0,Routine monitoring
8947,0.0,Low,0,Routine monitoring
8948,0.007,Low,0,Routine monitoring
8949,0.0004,Low,0,Routine monitoring
8950,0.0039,Low,0,Routine monitoring
8951,0.002,Low,0,Routine monitoring
8952,0.0055,Low,0,Routine monitoring
8953,0.0011,Low,0,Routine monitoring
8954,0.0003,Low,0,Routine monitoring
8955,0.0002,Low,0,Routine monitoring
8956,0.0127,Low,0,Routine monitoring
8957,1e-04,Low,0,Routine monitoring
8958,0.008,Low,0,Routine monitoring
8959,0.0006,Low,0,Routine monitoring
8960,0.0004,Low,0,Routine monitoring
8961,0.0012,Low,0,Routine monitoring
8962,0.0021,Low,0,Routine monitoring
8963,0.0,Low,0,Routine monitoring
8964,0.0,Low,0,Routine monitoring
8965,0.0,Low,0,Routine monitoring
8966,0.005,Low,0,Routine monitoring
8967,0.0131,Low,0,Routine monitoring
8968,0.0,Low,0,Routine monitoring
8969,0.0002,Low,0,Routine monitoring
8970,0.0025,Low,0,Routine monitoring
8971,0.0046,Low,0,Routine monitoring
8972,0.0425,Low,0,Routine monitoring
8973,0.0098,Low,0,Routine monitoring
8974,0.001,Low,0,Routine monitoring
8975,0.0019,Low,0,Routine monitoring
8976,1e-04,Low,0,Routine monitoring
8977,0.0006,Low,0,Routine monitoring
8978,0.007,Low,0,Routine monitoring
8979,0.0019,Low,0,Routine monitoring
8980,0.0035,Low,0,Routine monitoring
8981,0.0006,Low,0,Routine monitoring
8982,0.004,Low,0,Routine monitoring
8983,0.0182,Low,0,Routine monitoring
8984,0.0003,Low,0,Routine monitoring
8985,0.0022,Low,0,Routine monitoring
8986,0.0006,Low,0,Routine monitoring
8987,0.0002,Low,0,Routine monitoring
8988,1e-04,Low,0,Routine monitoring
8989,0.0005,Low,0,Routine monitoring
8990,0.0004,Low,0,Routine monitoring
8991,1e-04,Low,0,Routine monitoring
8992,0.0004,Low,0,Routine monitoring
8993,0.0273,Low,0,Routine monitoring
8994,0.0005,Low,0,Routine monitoring
8995,0.0,Low,0,Routine monitoring
8996,0.0004,Low,0,Routine monitoring
8997,0.0,Low,0,Routine monitoring
8998,0.0007,Low,0,Routine monitoring
8999,0.0041,Low,0,Routine monitoring
9000,0.0002,Low,0,Routine monitoring
9001,0.9999,Critical,1,Immediate freeze+STR
9002,0.9997,Critical,1,Immediate freeze+STR
9003,0.9998,Critical,1,Immediate freeze+STR
9004,0.9996,Critical,1,Immediate freeze+STR
9005,0.9968,Critical,1,Immediate freeze+STR
9006,0.9998,Critical,1,Immediate freeze+STR
9007,0.9904,Critical,1,Immediate freeze+STR
9008,0.9999,Critical,1,Immediate freeze+STR
9009,0.9996,Critical,1,Immediate freeze+STR
9010,0.998,Critical,1,Immediate freeze+STR
9011,0.9999,Critical,1,Immediate freeze+STR
9012,0.9994,Critical,1,Immediate freeze+STR
9013,0.9985,Critical,1,Immediate freeze+STR
9014,0.9999,Critical,1,Immediate freeze+STR
9015,0.9997,Critical,1,Immediate freeze+STR
9016,0.9998,Critical,1,Immediate freeze+STR
9017,0.9992,Critical,1,Immediate freeze+STR
9018,0.9999,Critical,1,Immediate freeze+STR
9019,0.9965,Critical,1,Immediate freeze+STR
9020,0.9999,Critical,1,Immediate freeze+STR
9021,0.9998,Critical,1,Immediate freeze+STR
9022,0.9999,Critical,1,Immediate freeze+STR
9023,0.9989,Critical,1,Immediate freeze+STR
9024,0.9998,Critical,1,Immediate freeze+STR
9025,0.9998,Critical,1,Immediate freeze+STR
9026,0.9992,Critical,1,Immediate freeze+STR
9027,0.9975,Critical,1,Immediate freeze+STR
9028,0.9999,Critical,1,Immediate freeze+STR
9029,0.9998,Critical,1,Immediate freeze+STR
9030,0.9993,Critical,1,Immediate freeze+STR
9031,0.9998,Critical,1,Immediate freeze+STR
9032,0.9995,Critical,1,Immediate freeze+STR
9033,0.9999,Critical,1,Immediate freeze+STR
9034,0.9999,Critical,1,Immediate freeze+STR
9035,0.9987,Critical,1,Immediate freeze+STR
9036,0.9997,Critical,1,Immediate freeze+STR
9037,0.9999,Critical,1,Immediate freeze+STR
9038,0.9998,Critical,1,Immediate freeze+STR
9039,0.9991,Critical,1,Immediate freeze+STR
9040,0.9998,Critical,1,Immediate freeze+STR
9041,0.9999,Critical,1,Immediate freeze+STR
9042,0.9999,Critical,1,Immediate freeze+STR
9043,0.9997,Critical,1,Immediate freeze+STR
9044,0.9998,Critical,1,Immediate freeze+STR
9045,0.9999,Critical,1,Immediate freeze+STR
9046,0.9998,Critical,1,Immediate freeze+STR
9047,0.9957,Critical,1,Immediate freeze+STR
9048,0.9997,Critical,1,Immediate freeze+STR
9049,0.9999,Critical,1,Immediate freeze+STR
9050,0.9972,Critical,1,Immediate freeze+STR
9051,0.9999,Critical,1,Immediate freeze+STR
9052,0.9998,Critical,1,Immediate freeze+STR
9053,0.9998,Critical,1,Immediate freeze+STR
9054,0.9999,Critical,1,Immediate freeze+STR
9055,0.9995,Critical,1,Immediate freeze+STR
9056,0.9987,Critical,1,Immediate freeze+STR
9057,0.9978,Critical,1,Immediate freeze+STR
9058,0.9998,Critical,1,Immediate freeze+STR
9059,0.9988,Critical,1,Immediate freeze+STR
9060,0.999,Critical,1,Immediate freeze+STR
9061,0.9999,Critical,1,Immediate freeze+STR
9062,0.9999,Critical,1,Immediate freeze+STR
9063,0.9989,Critical,1,Immediate freeze+STR
9064,0.9993,Critical,1,Immediate freeze+STR
9065,0.9998,Critical,1,Immediate freeze+STR
9066,0.9994,Critical,1,Immediate freeze+STR
9067,0.9944,Critical,1,Immediate freeze+STR
9068,0.9996,Critical,1,Immediate freeze+STR
9069,0.9992,Critical,1,Immediate freeze+STR
9070,0.9997,Critical,1,Immediate freeze+STR
9071,0.9998,Critical,1,Immediate freeze+STR
9072,0.9995,Critical,1,Immediate freeze+STR
9073,0.9999,Critical,1,Immediate freeze+STR
9074,0.9999,Critical,1,Immediate freeze+STR
9075,0.9999,Critical,1,Immediate freeze+STR
9076,0.9995,Critical,1,Immediate freeze+STR
9077,0.9899,Critical,1,Immediate freeze+STR
9078,0.9983,Critical,1,Immediate freeze+STR
9079,0.9998,Critical,1,Immediate freeze+STR
9080,0.9999,Critical,1,Immediate freeze+STR
9081,0.9998,Critical,1,Immediate freeze+STR
