account_id,true_label,oof_probability,fold
1,0,0.008478213101625443,2
2,0,0.0009097868460230529,2
3,0,0.11359853297472,2
4,0,0.00023118375975172967,2
5,0,0.004259017296135426,5
6,0,0.016738399863243103,3
7,0,0.00014794494200032204,5
8,0,0.0009003428858704865,5
9,0,0.0013579224469140172,2
10,0,0.0035314569249749184,5
11,0,0.00021264531824272126,1
12,0,0.018272873014211655,2
13,0,0.0003866092301905155,1
14,0,0.0010201717959716916,2
15,0,0.024475514888763428,1
16,0,7.391225517494604e-05,3
17,0,0.00040492380503565073,5
18,0,0.0026686813216656446,1
19,0,0.00016667200543452054,4
20,0,0.017232218757271767,4
21,0,0.008615494705736637,3
22,0,0.00011344414815539494,1
23,0,0.006675336975604296,1
24,0,0.00045504755689762533,1
25,0,2.0933328414685093e-05,3
26,0,0.002836524276062846,4
27,0,0.003754245350137353,1
28,0,0.0001367219228995964,1
29,0,0.014626923017203808,1
30,0,0.00010864818614209071,2
31,0,0.014953665435314178,1
32,0,0.00016894939471967518,1
33,0,0.0006727386498823762,5
34,0,0.000299437582725659,5
35,0,9.270817827200517e-05,3
36,0,0.010638780891895294,1
37,0,0.000170531464391388,5
38,0,0.003293178277090192,3
39,0,0.006272651255130768,5
40,0,0.0017785251839086413,4
41,0,0.04509922116994858,5
42,0,0.0014996984973549843,5
43,0,0.012222579680383205,3
44,0,0.004667361732572317,1
45,0,0.002457775641232729,4
46,0,3.5461809602566063e-05,2
47,0,0.0015676767798140645,2
48,0,0.012508922256529331,2
49,0,0.00013351991947274655,2
50,0,0.00036985677434131503,4
51,0,0.000342940358677879,3
52,0,0.0006804094300605357,4
53,0,0.00017398670024704188,2
54,0,0.0002773198939394206,2
55,0,0.004736814182251692,5
56,0,0.0001240434212377295,5
57,0,0.0075708539225161076,1
58,0,8.230017556343228e-05,3
59,0,0.0060330163687467575,1
60,0,0.0008107388275675476,2
61,0,0.00014061910042073578,3
62,0,0.00014746017404831946,2
63,0,2.86161794065265e-05,5
64,0,7.125378033379093e-05,5
65,0,0.0011942265555262566,1
66,0,0.0017841145163401961,5
67,0,0.000585543573834002,3
68,0,0.00119402923155576,5
69,0,0.0014031154569238424,4
70,0,0.009641097858548164,3
71,0,0.013011276721954346,1
72,0,0.002818097360432148,1
73,0,0.0023585474118590355,3
74,0,0.0017910304013639688,4
75,0,0.00905426312237978,4
76,0,0.0015385557198897004,2
77,0,1.8777569493977353e-05,4
78,0,0.18859930336475372,3
79,0,0.0001444341178284958,1
80,0,0.00015911310038063675,2
81,0,0.00033697529579512775,4
82,0,0.003841432509943843,1
83,0,0.0001787942455848679,2
84,0,8.568679913878441e-05,2
85,0,0.0006244477117434144,5
86,0,0.00698875542730093,4
87,0,0.053453970700502396,1
88,0,3.189530980307609e-05,2
89,0,0.00047594026545993984,3
90,0,0.00437109125778079,1
91,0,0.00220144703052938,4
92,0,0.0004240302077960223,3
93,0,0.0001630171900615096,5
94,0,0.00010738202399807051,3
95,0,0.0008010738529264927,5
96,0,0.0005408849683590233,5
97,0,0.0016277256654575467,1
98,0,0.005375585984438658,1
99,0,2.9769251341349445e-05,3
100,0,0.0005783786182291806,5
101,0,0.008687320165336132,1
102,0,0.0007407963857986033,5
103,0,0.008177554234862328,1
104,0,0.00015377734962385148,2
105,0,0.002548873657360673,5
106,0,8.022643305594102e-05,5
107,0,0.00762176513671875,5
108,0,0.007172544486820698,5
109,0,0.00011561434075701982,4
110,0,0.005098988767713308,3
111,0,0.00037939829053357244,4
112,0,0.008008534088730812,5
113,0,0.011276000179350376,2
114,0,9.843665611697361e-05,5
115,0,0.011451899074018002,5
116,0,9.72087073023431e-05,1
117,0,0.0016424842178821564,2
118,0,1.1880979400302749e-05,2
119,0,0.01468649785965681,1
120,0,0.00034088335814885795,4
121,0,0.0012235891772434115,5
122,0,0.0003855038376059383,2
123,0,0.006984947714954615,4
124,0,7.636702503077686e-05,2
125,0,0.00145541422534734,1
126,0,0.00041604271973483264,2
127,0,0.0015756034990772605,5
128,0,0.0007336707203648984,5
129,0,0.027192430570721626,4
130,0,7.708183693466708e-05,1
131,0,0.0003960866597481072,4
132,0,0.0017627462511882186,4
133,0,0.00018822065612766892,4
134,0,0.0005554092349484563,4
135,0,6.413493974832818e-05,3
136,0,0.0005796464974991977,1
137,0,0.004841051995754242,5
138,0,0.01695343665778637,1
139,0,0.00855729915201664,5
140,0,0.004816364496946335,4
141,0,0.0001271042274311185,3
142,0,4.3950483814114705e-05,1
143,0,8.305610390380025e-05,5
144,0,0.0001791738031897694,2
145,0,2.9935194106656127e-05,2
146,0,0.0022299180272966623,1
147,0,7.711786747677252e-05,3
148,0,0.050448596477508545,3
149,0,0.0002603367902338505,2
150,0,0.004073392134159803,5
151,0,0.00024039590789470822,4
152,0,0.002320012543350458,5
153,0,0.001379170105792582,5
154,0,6.215769644768443e-06,5
155,0,0.004741949029266834,1
156,0,0.20808729529380798,4
157,0,0.000653861032333225,3
158,0,0.0012014181120321155,1
159,0,0.0006301704561337829,4
160,0,0.00038836977910250425,5
161,0,8.043601701501757e-05,5
162,0,0.0004744606849271804,1
163,0,0.002654573880136013,3
164,0,0.0073290239088237286,1
165,0,0.005118828732520342,2
166,0,0.20111368596553802,3
167,0,0.008161712437868118,2
168,0,0.0009364139405079186,4
169,0,0.005375613924115896,3
170,0,0.0002123999292962253,5
171,0,0.00028656405629590154,5
172,0,0.006974963005632162,2
173,0,0.0009061663295142353,1
174,0,0.0008204510086216033,4
175,0,8.559803245589137e-05,2
176,0,4.055766112287529e-05,4
177,0,0.000696652801707387,3
178,0,0.00012628429976757616,2
179,0,0.0013838683953508735,1
180,0,9.593815047992393e-05,3
181,0,0.005672658793628216,1
182,0,7.531281880801544e-05,3
183,0,0.0010861549526453018,3
184,0,0.001947492826730013,2
185,0,0.15043215453624725,5
186,0,0.001962255220860243,2
187,0,0.0007199842948466539,3
188,0,0.0026110413018614054,1
189,0,0.00027119519654661417,2
190,0,0.0004327249189373106,2
191,0,0.0006115748547017574,2
192,0,0.0014702484477311373,4
193,0,8.083556167548522e-05,2
194,0,0.001158223021775484,5
195,0,3.618528353399597e-05,5
196,0,3.0498389605781995e-05,5
197,0,0.0006646803813055158,5
198,0,0.0010077505139634013,2
199,0,0.03638441115617752,4
200,0,0.00015413716027978808,5
201,0,0.09977716952562332,1
202,0,0.010415098629891872,3
203,0,0.0017584412125870585,1
204,0,0.0005006524152122438,4
205,0,0.0037237214855849743,4
206,0,0.000437065347796306,5
207,0,0.0016237522941082716,3
208,0,3.966437725466676e-05,3
209,0,5.261829574010335e-05,3
210,0,0.0012863457668572664,2
211,0,6.865096656838432e-05,2
212,0,0.005070928018540144,4
213,0,3.930692037101835e-05,5
214,0,0.011845884844660759,5
215,0,0.0005483059794642031,4
216,0,0.01874331571161747,5
217,0,0.000317797384923324,2
218,0,0.06830693781375885,5
219,0,0.0194667037576437,2
220,0,5.479377432493493e-05,5
221,0,0.002528049284592271,4
222,0,0.04165960103273392,5
223,0,1.781660466804169e-05,3
224,0,0.00015328897279687226,2
225,0,0.0011292396811768413,3
226,0,0.017193058505654335,3
227,0,0.00016534552560187876,3
228,0,0.001949173049069941,5
229,0,0.013024731539189816,3
230,0,0.002091002883389592,3
231,0,0.0038424888625741005,2
232,0,0.0005085901939310133,1
233,0,0.0013515030732378364,4
234,0,0.00042465500882826746,4
235,0,0.008921791799366474,1
236,0,0.0007335385889746249,1
237,0,3.5054563340963796e-05,3
238,0,0.0006147964741103351,5
239,0,0.00015505007468163967,2
240,0,0.0033431402407586575,2
241,0,0.00435395073145628,1
242,0,0.00023705369676463306,1
243,0,0.00040639235521666706,2
244,0,6.237757042981684e-05,2
245,0,0.006504417397081852,3
246,0,0.016685158014297485,1
247,0,0.007747904863208532,4
248,0,0.032166168093681335,2
249,0,0.13498884439468384,1
250,0,0.0019224497955292463,4
251,0,0.007068736478686333,2
252,0,7.419331086566672e-05,3
253,0,0.023441705852746964,2
254,0,0.008180405013263226,4
255,0,1.7053023839253e-05,3
256,0,0.15497353672981262,1
257,0,0.005345261190086603,3
258,0,0.008112141862511635,3
259,0,0.006342959590256214,5
260,0,0.00016825762577354908,5
261,0,0.0024802987463772297,1
262,0,0.00023879861691966653,5
263,0,0.0003568568208720535,5
264,0,0.032558977603912354,2
265,0,0.005243348889052868,1
266,0,0.0033678526524454355,3
267,0,0.2922929525375366,5
268,0,0.07509683817625046,3
269,0,0.003527287859469652,4
270,0,0.006505434401333332,1
271,0,0.0024864645674824715,4
272,0,0.037898171693086624,5
273,0,0.0012159101897850633,1
274,0,0.00012049947690684348,3
275,0,0.07094310224056244,3
276,0,0.005097808316349983,4
277,0,0.00015281597734428942,5
278,0,0.019967466592788696,4
279,0,0.026292061433196068,2
280,0,0.014205909334123135,1
281,0,0.009591017849743366,2
282,0,0.003941009286791086,5
283,0,0.0007728221244178712,4
284,0,0.0010374982375651598,2
285,0,0.00031394671532325447,4
286,0,0.036373037844896317,3
287,0,0.036298103630542755,4
288,0,0.0012563427444547415,4
289,0,0.0056290882639586926,2
290,0,0.0005315380403771996,2
291,0,3.2305571949109435e-05,2
292,0,0.004108772147446871,1
293,0,0.7275018095970154,5
294,0,0.002948931884020567,4
295,0,0.00032310394453816116,4
296,0,0.00883696973323822,4
297,0,0.0007161753601394594,2
298,0,0.021177390590310097,1
299,0,0.010166279040277004,3
300,0,4.946064655086957e-05,1
301,0,0.0006194181623868644,1
302,0,0.0009745998540893197,1
303,0,3.7003392208134755e-05,5
304,0,0.05673937499523163,2
305,0,0.00031339499400928617,1
306,0,0.00137427169829607,2
307,0,5.457121369545348e-05,3
308,0,0.0020189592614769936,3
309,0,0.022606493905186653,1
310,0,0.0007006016094237566,3
311,0,3.568247484508902e-05,5
312,0,4.7888945118756965e-05,4
313,0,5.8426332543604076e-05,2
314,0,0.0019148882711306214,1
315,0,0.0025354078970849514,1
316,0,0.0016231617191806436,1
317,0,0.000991564942523837,1
318,0,0.005377302411943674,5
319,0,0.0011762696085497737,4
320,0,0.003649336751550436,5
321,0,0.002646613633260131,4
322,0,0.0005121580907143652,2
323,0,0.00019311225332785398,1
324,0,0.0020367149263620377,1
325,0,0.08970504254102707,1
326,0,0.0003673254104796797,2
327,0,0.0012088444782420993,4
328,0,0.012729646638035774,1
329,0,0.004516611807048321,5
330,0,0.0001635913213249296,2
331,0,0.002331611467525363,4
332,0,0.00033805903512984514,5
333,0,0.0005239916499704123,5
334,0,0.0032932765316218138,1
335,0,0.06846346706151962,4
336,0,0.00888358149677515,4
337,0,0.01702430285513401,1
338,0,0.0010864519281312823,5
339,0,0.0029905447736382484,4
340,0,0.00516140554100275,1
341,0,0.00037664436968043447,3
342,0,0.398445725440979,1
343,0,0.0003460140433162451,5
344,0,0.00037046268698759377,3
345,0,9.753880294738337e-05,5
346,0,0.0016947734402492642,2
347,0,0.027616823092103004,5
348,0,0.012634053826332092,1
349,0,0.005063622258603573,4
350,0,0.1715734750032425,3
351,0,0.00016700592823326588,3
352,0,0.07938867807388306,1
353,0,9.652885637478903e-05,4
354,0,0.00029334655846469104,5
355,0,0.011444376781582832,1
356,0,0.0005924820434302092,4
357,0,0.016059635207057,3
358,0,7.86420569056645e-05,1
359,0,2.056142511719372e-05,5
360,0,0.0006224921089597046,2
361,0,0.0003345489385537803,2
362,0,0.0040521202608942986,2
363,0,0.02754427306354046,1
364,0,0.0021858445834368467,2
365,0,0.004034621175378561,4
366,0,0.0012108467053622007,4
367,0,0.00026495152269490063,3
368,0,0.13812130689620972,2
369,0,0.0015077306888997555,1
370,0,0.00026968837482854724,5
371,0,0.00135840754956007,2
372,0,7.523285603383556e-05,5
373,0,0.0002693460846785456,2
374,0,0.00021633932192344218,3
375,0,0.35171473026275635,3
376,0,0.001946403062902391,4
377,0,0.0016498420154675841,1
378,0,0.0019451864063739777,1
379,0,0.0009825506713241339,2
380,0,0.18981342017650604,4
381,0,0.0002486965386196971,1
382,0,0.0001728126226225868,5
383,0,0.00032928137807175517,3
384,0,0.0071155414916574955,3
385,0,7.82170973252505e-05,2
386,0,8.871614409144968e-05,2
387,0,0.0018439885461702943,3
388,0,7.016742893029004e-05,5
389,0,0.00012864841846749187,3
390,0,0.029833579435944557,5
391,0,0.001416953164152801,3
392,0,0.002755099441856146,3
393,0,3.295993883511983e-05,2
394,0,0.00036314010503701866,3
395,0,0.00010544122778810561,3
396,0,0.0005471842596307397,1
397,0,8.616876584710553e-05,2
398,0,0.004094378091394901,1
399,0,0.004324515350162983,2
400,0,0.07204446196556091,3
401,0,0.18443171679973602,1
402,0,0.034117888659238815,2
403,0,0.021233171224594116,5
404,0,0.0003872733796015382,1
405,0,0.3680310845375061,5
406,0,0.0032910313457250595,5
407,0,0.0003261129022575915,4
408,0,0.014418319799005985,1
409,0,8.767932013142854e-05,4
410,0,0.0007738364511169493,2
411,0,0.0015223012305796146,5
412,0,0.000111235240183305,5
413,0,0.01573452539741993,3
414,0,0.0032168037723749876,2
415,0,0.020749976858496666,3
416,0,0.005525998771190643,3
417,0,0.0009237714693881571,2
418,0,0.002609244082123041,5
419,0,0.0003758389502763748,1
420,0,3.330182607896859e-06,5
421,0,0.0005255514988675714,5
422,0,0.02121002972126007,2
423,0,0.0008944064611569047,4
424,0,0.0032296176068484783,4
425,0,4.448108666110784e-05,5
426,0,0.00043072435073554516,2
427,0,0.00021104657207615674,1
428,0,0.004860890097916126,2
429,0,0.0003147535026073456,1
430,0,0.041132185608148575,5
431,0,0.0009345925645902753,5
432,0,0.0023616922553628683,4
433,0,0.00020742611377499998,5
434,0,0.0001826650695875287,1
435,0,0.00017845343973021954,3
436,0,0.2682863771915436,1
437,0,0.008268539793789387,4
438,0,9.176678577205166e-05,4
439,0,0.00047721952432766557,2
440,0,2.829134973580949e-05,3
441,0,0.002340795937925577,3
442,0,0.00011715113214449957,4
443,0,0.01023850217461586,2
444,0,1.9528417396941222e-05,2
445,0,0.00014744118379894644,4
446,0,0.013521452434360981,5
447,0,4.708685810328461e-05,1
448,0,0.00021837296662852168,4
449,0,0.0001836116862250492,2
450,0,0.004622075241059065,1
451,0,0.00010513380402699113,4
452,0,0.00012629044067580253,3
453,0,6.341669359244406e-05,1
454,0,0.00046218838542699814,1
455,0,5.6651744671398774e-05,4
456,0,0.0011046280851587653,3
457,0,0.0005918341339565814,4
458,0,0.0001729100476950407,3
459,0,0.0033933999948203564,4
460,0,0.0005097880493849516,1
461,0,0.0025277379900217056,3
462,0,0.0011052065528929234,2
463,0,0.0026031022425740957,1
464,0,0.00025846410426311195,2
465,0,0.0001410443801432848,5
466,0,0.013004309497773647,3
467,0,0.0004947425913996994,2
468,0,0.0002495868247933686,2
469,0,0.0011981147108599544,1
470,0,5.6519111240049824e-05,5
471,0,0.0007521513034589589,1
472,0,0.0002788956626318395,2
473,0,0.00028061040211468935,5
474,0,0.0041099549271166325,1
475,0,8.84930050233379e-05,1
476,0,0.00032382371136918664,1
477,0,0.05239301919937134,4
478,0,0.0025040670298039913,4
479,0,0.0012284144759178162,1
480,0,0.0006957726436667144,1
481,0,1.7993348592426628e-05,5
482,0,0.0035413708537817,4
483,0,0.00051027542212978,4
484,0,0.028202608227729797,4
485,0,0.002595693338662386,1
486,0,0.08098158985376358,5
487,0,0.005684675183147192,2
488,0,0.9328365325927734,3
489,0,0.00017516738444101065,1
490,0,0.013271314091980457,5
491,0,0.00018053819076158106,1
492,0,0.0016079572960734367,3
493,0,0.0019654198549687862,1
494,0,0.0007665626471862197,1
495,0,0.005390733014792204,5
496,0,0.0015257021877914667,3
497,0,0.00044949023867957294,2
498,0,7.336495036724955e-05,5
499,0,0.0001590204337844625,1
500,0,0.00027890788624063134,1
501,0,7.75871449150145e-05,5
502,0,0.00012458646961022168,5
503,0,0.00063249038066715,2
504,0,0.00018712409655563533,4
505,0,9.379579569213092e-05,5
506,0,3.320222458569333e-05,3
507,0,0.00016635414795018733,1
508,0,4.5303157094167545e-05,1
509,0,0.0022642468102276325,2
510,0,0.004904172383248806,3
511,0,0.006450238171964884,3
512,0,0.13843095302581787,5
513,0,0.0035652676597237587,5
514,0,0.0003217692137695849,3
515,0,1.941334812727291e-05,4
516,0,0.11755620688199997,1
517,0,3.245304469601251e-05,5
518,0,0.009539537131786346,3
519,0,0.00016185756248887628,5
520,0,2.271490120620001e-05,2
521,0,7.203996210591868e-05,2
522,0,0.0018308068392798305,3
523,0,0.0003607222461141646,5
524,0,0.0017576445825397968,5
525,0,0.02838742919266224,5
526,0,0.0005597589770331979,3
527,0,6.057672726456076e-05,4
528,0,0.0005147343035787344,3
529,0,0.002068078378215432,1
530,0,0.0006436037365347147,5
531,0,0.14406242966651917,2
532,0,0.00018498236022423953,3
533,0,0.00027011349448002875,5
534,0,0.00918979849666357,1
535,0,0.0007065668469294906,4
536,0,0.006492279004305601,4
537,0,0.00010987352288793772,3
538,0,0.00018206603999715298,2
539,0,0.0011595969554036856,3
540,0,0.00019323731248732656,2
541,0,2.0544724975479767e-05,3
542,0,0.005055731628090143,2
543,0,0.003233896801248193,1
544,0,0.006513057742267847,4
545,0,0.00015768266166560352,4
546,0,0.000724384852219373,5
547,0,0.003998775500804186,3
548,0,0.0002442064869683236,5
549,0,0.001311640371568501,3
550,0,0.014327074401080608,1
551,0,0.09762626886367798,2
552,0,0.0012783495476469398,5
553,0,0.00866385456174612,1
554,0,0.004457626026123762,4
555,0,0.0003231378213968128,5
556,0,0.0014282776974141598,4
557,0,0.024939604103565216,4
558,0,0.00035127816954627633,5
559,0,0.00018918669957201928,4
560,0,0.004269815515726805,5
561,0,0.0004150650347582996,5
562,0,0.0024053724482655525,5
563,0,5.251833135844208e-05,5
564,0,0.0004097684286534786,1
565,0,0.010259282775223255,4
566,0,0.004043994005769491,4
567,0,0.000327383546391502,4
568,0,0.03229283168911934,4
569,0,0.00768660381436348,4
570,0,0.008852031081914902,1
571,0,0.013151518069207668,4
572,0,0.0004660541599150747,5
573,0,0.004394201096147299,1
574,0,0.0002252491976832971,3
575,0,0.031874701380729675,3
576,0,0.0008333378937095404,3
577,0,0.00015977490693330765,4
578,0,0.07929694652557373,1
579,0,0.04929239675402641,1
580,0,0.2971676290035248,5
581,0,0.00017211964586749673,5
582,0,0.003518650308251381,1
583,0,0.0006001827423460782,1
584,0,0.00017752950952854007,4
585,0,0.13014905154705048,1
586,0,0.0010784664191305637,5
587,0,0.0006357069360092282,4
588,0,0.004196379333734512,5
589,0,0.0010175795760005713,2
590,0,0.0004956101183779538,2
591,0,0.8240600228309631,3
592,0,0.015650788322091103,1
593,0,0.10391736775636673,4
594,0,0.0004285586182959378,4
595,0,0.01586109586060047,5
596,0,0.0013649974716827273,1
597,0,0.0005503228167071939,1
598,0,0.00011268610978731886,3
599,0,0.011096768081188202,1
600,0,0.0003571542911231518,5
601,0,0.04427489638328552,4
602,0,0.00041951570892706513,3
603,0,0.007717123720794916,2
604,0,0.0008082014392130077,3
605,0,0.02874152734875679,3
606,0,0.008759897202253342,3
607,0,0.04427732527256012,5
608,0,0.0021393918432295322,1
609,0,0.00033591073588468134,4
610,0,0.041495706886053085,2
611,0,0.012979503720998764,1
612,0,0.0008436915813945234,2
613,0,0.004188078455626965,3
614,0,0.0060691204853355885,3
615,0,0.0006779170944355428,5
616,0,0.0020908068399876356,4
617,0,0.025377638638019562,4
618,0,0.0001639500114833936,1
619,0,0.001567155122756958,2
620,0,0.0016015925211831927,4
621,0,0.0004989668377675116,1
622,0,0.0003100321046076715,1
623,0,0.00010520521027501673,3
624,0,0.0037785533349961042,3
625,0,0.0019880125764757395,5
626,0,2.902425876527559e-05,1
627,0,0.16749638319015503,3
628,0,0.046184033155441284,2
629,0,0.00019839502056129277,1
630,0,0.00033538322895765305,5
631,0,0.09160254150629044,1
632,0,0.008359730243682861,4
633,0,0.00017997615213971585,5
634,0,0.0003605363890528679,3
635,0,0.0002664486819412559,2
636,0,0.01845494657754898,5
637,0,0.00010841057519428432,3
638,0,0.003769852686673403,5
639,0,0.0004330147639848292,3
640,0,0.00587431201711297,2
641,0,0.014253640547394753,3
642,0,0.001497277058660984,5
643,0,0.0028008364606648684,3
644,0,2.512868377380073e-05,3
645,0,0.004902631975710392,5
646,0,0.07279017567634583,4
647,0,2.4905877580749802e-05,2
648,0,0.0033422159031033516,1
649,0,0.002999493619427085,5
650,0,0.00020114566723350435,1
651,0,0.00019599006918724626,2
652,0,0.0014080931432545185,4
653,0,0.10900457203388214,3
654,0,0.0002272371930303052,2
655,0,0.00012662577501032501,3
656,0,0.0005987341282889247,1
657,0,0.0021061331499367952,4
658,0,0.0032350621186196804,4
659,0,0.32081469893455505,1
660,0,0.24708782136440277,1
661,0,0.003884478472173214,3
662,0,0.000301311316434294,4
663,0,0.0001836498558986932,3
664,0,0.014282383024692535,1
665,0,0.018196264281868935,3
666,0,0.0965384915471077,1
667,0,0.00011247226211708039,4
668,0,0.06217880919575691,3
669,0,7.064964302117005e-05,5
670,0,0.00018385783187113702,5
671,0,0.05296076834201813,4
672,0,3.090694735874422e-05,3
673,0,0.0005433367914520204,1
674,0,0.0003135775914415717,3
675,0,0.00021187201491557062,5
676,0,0.04117400571703911,1
677,0,0.007586271967738867,1
678,0,0.0063648521900177,3
679,0,0.0007904837839305401,2
680,0,3.653901148936711e-05,4
681,0,0.006975834723562002,4
682,0,0.00040683691622689366,1
683,0,0.02159915305674076,1
684,0,0.0372103787958622,4
685,0,0.0032078002113848925,1
686,0,0.0012817748356610537,2
687,0,0.03898167982697487,4
688,0,0.0004744891484733671,1
689,0,0.001044834265485406,4
690,0,0.016227159649133682,3
691,0,0.014212173409759998,1
692,0,0.0010947567643597722,5
693,0,0.18206669390201569,1
694,0,0.22124402225017548,5
695,0,0.0032267451751977205,5
696,0,0.12238416075706482,1
697,0,0.0011387402191758156,5
698,0,0.025472894310951233,4
699,0,0.029154710471630096,5
700,0,0.00015949711087159812,5
701,0,0.0018455145182088017,4
702,0,0.007670852821320295,2
703,0,0.00039779514190740883,3
704,0,0.0008384797256439924,1
705,0,0.00017542245041113347,5
706,0,0.0013951488072052598,5
707,0,0.004983253311365843,4
708,0,0.0179353766143322,2
709,0,0.40717074275016785,1
710,0,0.00023572437930852175,4
711,0,0.0008627405040897429,4
712,0,0.02073155716061592,3
713,0,0.0008391723968088627,5
714,0,0.0005929144681431353,2
715,0,4.411180634633638e-05,3
716,0,0.0018661638023331761,2
717,0,0.0003683932591229677,3
718,0,0.000611233408562839,2
719,0,0.04509107768535614,3
720,0,0.0002822912356350571,2
721,0,0.0021685140673071146,2
722,0,0.00015682018420193344,1
723,0,0.0007085016695782542,1
724,0,0.01361919566988945,5
725,0,0.060519855469465256,1
726,0,0.09225483983755112,5
727,0,0.0008604885661043227,1
728,0,0.00030251246062107384,4
729,0,0.0014933469938114285,3
730,0,0.0003400584391783923,4
731,0,0.0020756213925778866,1
732,0,0.002315118443220854,1
733,0,0.14612603187561035,1
734,0,0.004009658936411142,3
735,0,0.0004338932048995048,5
736,0,8.720038022147492e-05,2
737,0,0.002573318313807249,3
738,0,0.00017780090274754912,1
739,0,0.0002756715111900121,4
740,0,0.0002160093281418085,2
741,0,5.001420868211426e-05,3
742,0,2.2932688807486556e-05,3
743,0,0.00068854441633448,1
744,0,0.0014966476010158658,1
745,0,0.0022041501943022013,2
746,0,0.0018392999190837145,5
747,0,0.005113556981086731,1
748,0,0.0038497913628816605,3
749,0,0.00032862843363545835,1
750,0,0.00015258243365678936,2
751,0,0.014009170234203339,3
752,0,0.0138718131929636,3
753,0,0.0015102287288755178,4
754,0,0.0008449176675640047,1
755,0,0.0001175801080535166,4
756,0,0.02554153837263584,3
757,0,0.001784978318028152,3
758,0,0.014886855147778988,3
759,0,0.00024330544692929834,1
760,0,0.007561058271676302,1
761,0,0.007706772070378065,4
762,0,1.63464828801807e-05,3
763,0,0.0003509467642288655,1
764,0,0.0002637138532008976,5
765,0,0.004075092729181051,1
766,0,0.00029924322734586895,3
767,0,0.005694953259080648,3
768,0,0.000518565415404737,1
769,0,0.00018346626893617213,5
770,0,6.967814260860905e-05,1
771,0,0.0002839832450263202,5
772,0,0.0010691869538277388,2
773,0,0.0005094480002298951,1
774,0,0.0004062513471581042,3
775,0,1.0599493180052377e-05,1
776,0,0.0004062441876158118,4
777,0,0.0001487727859057486,2
778,0,0.0020356671884655952,2
779,0,0.0002072037459583953,3
780,0,4.102179445908405e-05,5
781,0,0.001922727096825838,2
782,0,0.00045473536010831594,2
783,0,0.00027142773615196347,2
784,0,0.00018117157742381096,4
785,0,0.0026237634010612965,4
786,0,0.0014628460630774498,4
787,0,0.00015548919327557087,5
788,0,0.0002285853261128068,5
789,0,0.00037071280530653894,1
790,0,0.002674309303984046,5
791,0,0.00240876292809844,1
792,0,0.000343734078342095,1
793,0,0.06904008984565735,3
794,0,0.01786072924733162,3
795,0,0.000286866124952212,3
796,0,0.0012333679478615522,3
797,0,0.002472182037308812,3
798,0,0.00013555878831539303,3
799,0,0.0006549022509716451,1
800,0,0.0008480576798319817,4
801,0,0.008244827389717102,2
802,0,0.00012057086132699624,5
803,0,0.0001967887073988095,4
804,0,0.00011665229976642877,4
805,0,0.001589184277690947,1
806,0,0.0021295007318258286,1
807,0,0.026238176971673965,4
808,0,0.023959720507264137,5
809,0,0.07651132345199585,5
810,0,0.03860059753060341,4
811,0,0.006569076795130968,1
812,0,0.02405959740281105,4
813,0,0.00034337464603595436,1
814,0,0.0049304841086268425,3
815,0,0.00013875396689400077,3
816,0,0.00010924460366368294,4
817,0,0.04731602594256401,1
818,0,0.0005536777316592634,2
819,0,6.059607767383568e-05,4
820,0,0.010510819964110851,1
821,0,0.0028299125842750072,2
822,0,0.0008324660011567175,1
823,0,0.00010683864093152806,4
824,0,0.1256505697965622,4
825,0,0.0003865552425850183,4
826,0,0.004631089512258768,3
827,0,0.00015158501628320664,1
828,0,0.0001440088963136077,5
829,0,8.804277604212984e-05,3
830,0,0.0014638911234214902,3
831,0,0.0016905568772926927,1
832,0,0.0007839536992833018,2
833,0,0.0031197918578982353,5
834,0,0.0012425699969753623,5
835,0,0.00918844435364008,1
836,0,0.0005248854286037385,1
837,0,0.0004622403357643634,3
838,0,0.0073745958507061005,2
839,0,0.04775722697377205,5
840,0,0.0009976726723834872,1
841,0,9.079182927962393e-05,5
842,0,0.0012250649742782116,2
843,0,0.05548667162656784,3
844,0,6.523064075736329e-05,1
845,0,0.0007401923649013042,1
846,0,0.01050484087318182,3
847,0,0.00013584436965174973,4
848,0,0.032721176743507385,1
849,0,0.03807024657726288,5
850,0,0.0003810088674072176,3
851,0,0.000699058931786567,3
852,0,4.8773708840599284e-05,5
853,0,0.00011583735613385215,2
854,0,0.0001367086370009929,2
855,0,0.011410661041736603,5
856,0,0.029476702213287354,4
857,0,0.00017310964176431298,1
858,0,0.0007324604084715247,4
859,0,0.00012401386629790068,5
860,0,0.00023616418184246868,4
861,0,0.00010208810272160918,1
862,0,0.02045358717441559,2
863,0,0.004771643318235874,2
864,0,0.038880083709955215,4
865,0,0.003194017568603158,5
866,0,0.0014401266817003489,4
867,0,0.009507237933576107,1
868,0,0.0008512681815773249,5
869,0,0.0014828869607299566,1
870,0,0.0006537613226100802,3
871,0,0.00028875397401861846,2
872,0,0.0674971267580986,3
873,0,0.02124645560979843,1
874,0,0.024476392194628716,3
875,0,0.03550492599606514,5
876,0,0.0012073427205905318,2
877,0,0.0005517937242984772,3
878,0,0.00017615828255657107,3
879,0,0.030763013288378716,3
880,0,0.3485322594642639,4
881,0,0.0008804019307717681,4
882,0,0.146871417760849,1
883,0,0.018101602792739868,3
884,0,0.00035884164390154183,2
885,0,0.22094261646270752,1
886,0,0.0005851915339007974,4
887,0,0.0013116559712216258,4
888,0,0.011251433752477169,3
889,0,0.0016668004682287574,4
890,0,0.00039539835415780544,2
891,0,0.0008950252668000758,4
892,0,0.0027438970282673836,2
893,0,3.087819641223177e-05,2
894,0,0.000852709636092186,4
895,0,0.041561026126146317,3
896,0,0.2891186475753784,5
897,0,0.0018600232433527708,3
898,0,0.177811399102211,4
899,0,0.006033067591488361,2
900,0,0.001013933215290308,5
901,0,0.027259496971964836,3
902,0,0.00625737477093935,5
903,0,0.05561348795890808,1
904,0,0.004816275555640459,4
905,0,0.0018358241068199277,5
906,0,0.19512109458446503,5
907,0,0.007267083507031202,4
908,0,0.02110402099788189,4
909,0,0.0004356907738838345,2
910,0,0.00010842732444871217,5
911,0,0.0011012317845597863,4
912,0,0.007361221592873335,1
913,0,9.037807467393577e-05,5
914,0,0.0006590638076886535,5
915,0,0.008364475332200527,4
916,0,0.011743023060262203,5
917,0,0.0013808879302814603,4
918,0,0.0022457626182585955,3
919,0,0.0006791888154111803,3
920,0,0.001594369881786406,2
921,0,0.002745912177488208,3
922,0,0.008289610967040062,4
923,0,0.0011103689903393388,1
924,0,0.0008961350540630519,4
925,0,0.008334789425134659,5
926,0,0.0005685447831638157,4
927,0,0.00014344234659802169,4
928,0,0.00205875257961452,2
929,0,0.001923942705616355,1
930,0,0.00020307213708292693,2
931,0,0.005268373992294073,5
932,0,0.001715936465188861,1
933,0,0.0005868531879968941,3
934,0,0.032471250742673874,5
935,0,0.003204150591045618,5
936,0,0.06602422147989273,2
937,0,0.006776092108339071,4
938,0,0.008529188111424446,5
939,0,0.0001654563966440037,2
940,0,0.00420609675347805,1
941,0,0.010073620826005936,1
942,0,0.00685485452413559,5
943,0,0.00011699975584633648,5
944,0,0.007247679866850376,5
945,0,0.035273030400276184,4
946,0,0.0009550141985528171,3
947,0,0.0015694444300606847,3
948,0,0.0007331534870900214,2
949,0,0.10484184324741364,4
950,0,0.004980097990483046,5
951,0,0.00034469590173102915,5
952,0,0.001400656416080892,4
953,0,0.044376712292432785,4
954,0,0.0060264915227890015,1
955,0,0.022759897634387016,4
956,0,0.01260727271437645,1
957,0,0.14866255223751068,2
958,0,0.0009072915418073535,4
959,0,0.0007426642114296556,5
960,0,0.00021514111722353846,3
961,0,0.20238283276557922,1
962,0,0.0011684090131893754,5
963,0,0.002631986979395151,4
964,0,0.013638689182698727,1
965,0,0.0029122033156454563,5
966,0,0.07370217889547348,4
967,0,0.0007834029383957386,5
968,0,0.002305935835465789,4
969,0,0.03509824350476265,4
970,0,0.2575492560863495,1
971,0,0.0005003413534723222,3
972,0,0.0003007141058333218,3
973,0,0.7667548656463623,1
974,0,0.0021075706463307142,3
975,0,0.005075898487120867,1
976,0,0.029335221275687218,5
977,0,0.05063635855913162,5
978,0,0.07136651873588562,2
979,0,0.11609005928039551,5
980,0,0.005108317360281944,1
981,0,0.00027020851848647,1
982,0,0.00012035272811772302,1
983,0,0.00032816757448017597,2
984,0,0.0014825029065832496,4
985,0,0.04722234234213829,5
986,0,0.012766878120601177,5
987,0,0.000935806951019913,1
988,0,2.3705466446699575e-05,2
989,0,0.0002450646134093404,4
990,0,0.0034739987459033728,4
991,0,0.0009517631842754781,5
992,0,0.0007744520553387702,4
993,0,0.002144117373973131,4
994,0,0.02370906062424183,2
995,0,0.008812862448394299,3
996,0,0.0001081894661183469,3
997,0,6.202392978593707e-05,4
998,0,0.00022568537679035217,5
999,0,0.11611197143793106,2
1000,0,0.0017689444357529283,1
1001,0,0.000844564288854599,5
1002,0,0.00018541693862061948,5
1003,0,0.0008255890570580959,5
1004,0,0.0009717192151583731,2
1005,0,3.462246240815148e-05,3
1006,0,0.00010145737905986607,4
1007,0,0.0003022233140654862,3
1008,0,0.0003104607167188078,5
1009,0,0.0005777587648481131,1
1010,0,0.00040862217429094017,3
1011,0,0.0007763111498206854,3
1012,0,0.0005633377586491406,1
1013,0,0.006344378460198641,1
1014,0,0.007460188120603561,1
1015,0,0.018278878182172775,3
1016,0,0.026864301413297653,4
1017,0,0.0008759279153309762,4
1018,0,0.00041562924161553383,5
1019,0,3.3392490877304226e-05,5
1020,0,0.0014428776921704412,1
1021,0,0.03868378698825836,5
1022,0,0.074434794485569,5
1023,0,0.08353837579488754,1
1024,0,0.001940774847753346,2
1025,0,0.0001391951082041487,2
1026,0,0.010502774268388748,2
1027,0,0.013515367172658443,1
1028,0,0.11114639788866043,2
1029,0,0.0001919511123560369,5
1030,0,5.267180677037686e-05,5
1031,0,0.573305606842041,5
1032,0,0.42122557759284973,5
1033,0,0.10080190747976303,4
1034,0,0.012739272788167,1
1035,0,0.010887430980801582,2
1036,0,0.001700684311799705,5
1037,0,0.0001217377939610742,5
1038,0,0.00766473263502121,1
1039,0,0.00012208387488499284,5
1040,0,0.002278100000694394,3
1041,0,0.000724814017303288,5
1042,0,0.000123349396744743,1
1043,0,0.003233721712604165,4
1044,0,0.012580428272485733,3
1045,0,0.0024332415778189898,5
1046,0,0.000753721920773387,5
1047,0,0.00012508009967859834,1
1048,0,0.0022390042431652546,2
1049,0,0.13725902140140533,5
1050,0,0.0003429611097089946,5
1051,0,0.0031243048142641783,2
1052,0,0.019858691841363907,2
1053,0,0.0004708421474788338,3
1054,0,0.00016519203200004995,4
1055,0,0.0001170202813227661,5
1056,0,0.0005357429618015885,4
1057,0,0.002435029251500964,4
1058,0,0.0022452103439718485,2
1059,0,0.0021570073440670967,5
1060,0,0.002995806746184826,1
1061,0,0.00020282946934457868,3
1062,0,0.009163758717477322,4
1063,0,0.037122227251529694,5
1064,0,0.0030418310780078173,4
1065,0,0.9396568536758423,5
1066,0,0.003281179815530777,3
1067,0,0.006401088088750839,3
1068,0,0.004338745027780533,1
1069,0,0.0012231160653755069,1
1070,0,0.024808155372738838,1
1071,0,0.0007341834134422243,1
1072,0,0.0002620855811983347,2
1073,0,2.2192170945345424e-05,3
1074,0,0.034968066960573196,3
1075,0,0.018329281359910965,2
1076,0,0.0027163904160261154,1
1077,0,0.0005485485307872295,5
1078,0,0.004127947613596916,1
1079,0,3.186441972502507e-05,5
1080,0,0.0005507609457708895,3
1081,0,0.0003021939191967249,2
1082,0,0.00015704524412285537,2
1083,0,0.0021628045942634344,3
1084,0,0.007789822295308113,3
1085,0,2.216156826762017e-05,3
1086,0,0.004350729286670685,5
1087,0,0.020335596054792404,2
1088,0,0.005301123019307852,5
1089,0,0.2127017080783844,5
1090,0,0.0004632893542293459,4
1091,0,0.00021371975890360773,4
1092,0,0.11121685802936554,2
1093,0,0.38008612394332886,2
1094,0,0.115081787109375,4
1095,0,0.00016204442363232374,2
1096,0,0.006148838438093662,2
1097,0,0.0003756415972020477,2
1098,0,0.0011223707115277648,3
1099,0,0.036430567502975464,1
1100,0,0.008787154220044613,5
1101,0,0.0005400609807111323,1
1102,0,0.1748705506324768,3
1103,0,0.0009339520474895835,1
1104,0,3.286728315288201e-05,3
1105,0,3.6793568142456934e-05,1
1106,0,0.0032211521174758673,4
1107,0,0.0002419173251837492,3
1108,0,0.0014284123899415135,3
1109,0,0.04551638290286064,1
1110,0,0.38931646943092346,3
1111,0,0.044107839465141296,3
1112,0,0.3619464337825775,1
1113,0,0.006625954993069172,4
1114,0,8.617197454441339e-05,1
1115,0,3.97241092287004e-05,5
1116,0,0.003962195012718439,4
1117,0,0.0012886947952210903,4
1118,0,0.0010354581754654646,5
1119,0,0.001430452219210565,2
1120,0,0.003621484152972698,5
1121,0,0.0014066302683204412,2
1122,0,0.04971560090780258,1
1123,0,0.022072209045290947,4
1124,0,0.042454034090042114,4
1125,0,4.1614199290052056e-05,3
1126,0,0.0002614843542687595,1
1127,0,0.0023044301196932793,5
1128,0,0.0008967547328211367,4
1129,0,0.00021410055342130363,5
1130,0,0.0015025688335299492,5
1131,0,0.0006820204434916377,2
1132,0,0.6137197613716125,5
1133,0,0.002163190394639969,5
1134,0,0.0018889192724600434,3
1135,0,0.001151765463873744,3
1136,0,0.0014423906104639173,5
1137,0,0.010472568683326244,1
1138,0,0.004683942999690771,4
1139,0,0.0008990051574073732,3
1140,0,0.0018618566682562232,4
1141,0,0.0029728296212852,4
1142,0,0.0008550671627745032,3
1143,0,0.0001100400259019807,3
1144,0,0.00187820999417454,4
1145,0,0.0013528725830838084,4
1146,0,0.0015899576246738434,5
1147,0,0.005633982364088297,2
1148,0,0.0004564905830193311,4
1149,0,0.0008400128572247922,2
1150,0,4.934320168104023e-05,3
1151,0,0.0006569771212525666,5
1152,0,0.10010767728090286,1
1153,0,0.00026088394224643707,1
1154,0,0.0005248551606200635,5
1155,0,0.0008895691717043519,5
1156,0,0.0004816038126591593,2
1157,0,0.0011909083696082234,1
1158,0,0.0004690303758252412,4
1159,0,0.00023189371859189123,3
1160,0,0.001948756631463766,4
1161,0,0.0006919143488630652,1
1162,0,0.012815156951546669,2
1163,0,0.0003338750684633851,5
1164,0,0.00012741208774968982,2
1165,0,8.574843377573416e-05,1
1166,0,0.013510053977370262,2
1167,0,0.02427646517753601,1
1168,0,0.08553618937730789,3
1169,0,0.0016051678685471416,4
1170,0,6.1393661781039555e-06,3
1171,0,0.00048753610462881625,1
1172,0,0.023742377758026123,2
1173,0,0.0021895908284932375,1
1174,0,0.0002551163488533348,4
1175,0,0.0003755125217139721,2
1176,0,0.000926507986150682,2
1177,0,2.986849722219631e-05,4
1178,0,2.6474908736418e-05,2
1179,0,6.589944678125903e-05,2
1180,0,0.00039697124157100916,1
1181,0,0.004828255157917738,5
1182,0,0.0019203018164262176,5
1183,0,0.00015154093853197992,2
1184,0,0.0024619249161332846,1
1185,0,0.0020614364184439182,3
1186,0,0.002740191062912345,3
1187,0,0.003201262792572379,3
1188,0,3.052515967283398e-05,5
1189,0,0.0011755800805985928,1
1190,0,8.984325540950522e-05,5
1191,0,0.0003724984417203814,5
1192,0,0.0007388463127426803,2
1193,0,0.00013290638162288815,5
1194,0,0.008551071397960186,1
1195,0,0.00010446574742672965,5
1196,0,3.4673976188059896e-05,5
1197,0,0.0020439608488231897,3
1198,0,0.0004481026262510568,4
1199,0,0.027628842741250992,3
1200,0,0.0013113231398165226,1
1201,0,0.0016245718579739332,3
1202,0,0.0038655372336506844,4
1203,0,0.07686568796634674,2
1204,0,0.5065956115722656,3
1205,0,0.006195045076310635,5
1206,0,0.001453941804356873,5
1207,0,0.008744684979319572,4
1208,0,0.006809301674365997,4
1209,0,5.822027014801279e-05,4
1210,0,0.0465896837413311,4
1211,0,0.0009943826589733362,2
1212,0,0.00016955684986896813,2
1213,0,0.00013303305604495108,4
1214,0,0.0003445525071583688,3
1215,0,0.0008364704553969204,5
1216,0,0.0010679078986868262,1
1217,0,8.656053978484124e-05,5
1218,0,9.038298594532534e-05,4
1219,0,0.0007197092054411769,2
1220,0,0.011684559285640717,1
1221,0,0.007352369371801615,1
1222,0,0.0003982626076322049,5
1223,0,0.1296338438987732,5
1224,0,0.05225686356425285,2
1225,0,0.00907889660447836,2
1226,0,0.0009659440838731825,1
1227,0,0.0002859865198843181,1
1228,0,0.0023122543934732676,4
1229,0,0.00024531848612241447,4
1230,0,0.032481804490089417,3
1231,0,2.5564830139046535e-05,5
1232,0,5.18078995810356e-05,2
1233,0,0.00013619156379718333,5
1234,0,0.013867182657122612,2
1235,0,0.2688981890678406,4
1236,0,0.001870643114671111,4
1237,0,0.000261145003605634,5
1238,0,0.025636201724410057,1
1239,0,0.19236572086811066,5
1240,0,0.0007104699034243822,2
1241,0,0.00029641768196597695,2
1242,0,0.005423670634627342,1
1243,0,0.011898971162736416,1
1244,0,0.007183877285569906,3
1245,0,0.012954968959093094,3
1246,0,0.09040798246860504,4
1247,0,0.0003321866097394377,4
1248,0,0.004464840982109308,5
1249,0,4.767823702422902e-05,5
1250,0,0.0026276144199073315,4
1251,0,0.03008662723004818,3
1252,0,0.03930456563830376,1
1253,0,0.001573916058987379,5
1254,0,0.005560227204114199,3
1255,0,0.21038949489593506,5
1256,0,0.0014301266055554152,3
1257,0,3.431666118558496e-05,5
1258,0,0.0011019795201718807,3
1259,0,0.00025155729963444173,5
1260,0,0.03348920866847038,5
1261,0,0.022053182125091553,1
1262,0,0.0029458936769515276,3
1263,0,0.0002821876551024616,3
1264,0,0.0864134207367897,5
1265,0,0.01233597844839096,4
1266,0,0.00033630308462306857,2
1267,0,0.0007262089056894183,4
1268,0,0.01330545824021101,5
1269,0,0.0006085612112656236,3
1270,0,0.0035866040270775557,5
1271,0,0.00619572913274169,1
1272,0,0.00012647686526179314,1
1273,0,0.0018632315332069993,3
1274,0,0.0014898563968017697,1
1275,0,0.009495503269135952,4
1276,0,0.023480843752622604,2
1277,0,0.00022037279268261045,1
1278,0,0.0785701647400856,1
1279,0,0.010165463201701641,3
1280,0,0.012675842270255089,5
1281,0,0.00032302754698321223,1
1282,0,0.00026185857132077217,4
1283,0,0.0381452739238739,3
1284,0,0.17457592487335205,1
1285,0,0.0278195608407259,2
1286,0,0.0003918923030141741,3
1287,0,0.00039710881537757814,1
1288,0,0.018180672079324722,2
1289,0,0.005967228673398495,4
1290,0,0.004759783390909433,1
1291,0,0.00046505918726325035,1
1292,0,0.00105578126385808,1
1293,0,0.014941497705876827,4
1294,0,0.019436979666352272,1
1295,0,0.0003585379454307258,2
1296,0,0.0003370702324900776,5
1297,0,0.002357627497985959,1
1298,0,0.036665044724941254,2
1299,0,0.003376835258677602,5
1300,0,0.0395597442984581,4
1301,0,0.0013749852078035474,2
1302,0,0.006372879259288311,1
1303,0,0.05063899606466293,3
1304,0,0.04164325073361397,4
1305,0,0.00010834887507371604,4
1306,0,0.007892152294516563,2
1307,0,0.42260339856147766,3
1308,0,0.0026310656685382128,2
1309,0,0.0006650608847849071,5
1310,0,0.00013885879889130592,1
1311,0,0.0006611663848161697,2
1312,0,0.010217764414846897,5
1313,0,0.1839052438735962,1
1314,0,0.0013346830382943153,1
1315,0,0.0037041546311229467,5
1316,0,0.012170491740107536,4
1317,0,0.01315153669565916,3
1318,0,0.007574652787297964,3
1319,0,0.003953829407691956,3
1320,0,0.0021319189108908176,2
1321,0,0.011808651499450207,3
1322,0,9.119888272834942e-05,2
1323,0,0.0005066651501692832,4
1324,0,8.711560076335445e-05,5
1325,0,0.010734904557466507,2
1326,0,0.01104852743446827,5
1327,0,0.00032014440512284636,1
1328,0,0.00018239408382214606,4
1329,0,0.0001304942707065493,4
1330,0,0.00017809799464885145,2
1331,0,0.00033790612360462546,1
1332,0,0.003289303742349148,5
1333,0,0.0526556558907032,3
1334,0,1.1699506103468593e-05,2
1335,0,2.3839060304453596e-05,2
1336,0,7.769012881908566e-05,3
1337,0,0.0008222120231948793,1
1338,0,0.0013421393232420087,3
1339,0,0.003767855931073427,5
1340,0,0.012673061341047287,3
1341,0,0.0033624758943915367,5
1342,0,0.017906246706843376,5
1343,0,0.0004971118178218603,5
1344,0,0.025858672335743904,5
1345,0,5.032806802773848e-05,5
1346,0,0.00013276160461828113,5
1347,0,0.0012210191925987601,5
1348,0,0.0006775202346034348,4
1349,0,9.755945211509243e-05,5
1350,0,0.003547484055161476,2
1351,0,0.00012534504639916122,3
1352,0,0.001359444228000939,2
1353,0,0.05220947414636612,4
1354,0,0.041388433426618576,1
1355,0,0.0004048809933010489,3
1356,0,0.0035886033438146114,3
1357,0,0.0003646169789135456,5
1358,0,0.00046633410966023803,3
1359,0,0.004738010000437498,2
1360,0,0.14684408903121948,1
1361,0,0.07164846360683441,3
1362,0,0.04567178711295128,1
1363,0,0.0017573919612914324,2
1364,0,0.007261938881129026,3
1365,0,0.0002631768293213099,1
1366,0,0.026153603568673134,3
1367,0,3.19513856084086e-05,5
1368,0,0.0001312662789132446,3
1369,0,0.0006733936024829745,2
1370,0,0.0001804471539799124,5
1371,0,0.0007787580834701657,3
1372,0,0.001388083677738905,4
1373,0,0.017364701256155968,1
1374,0,0.06675828248262405,3
1375,0,0.024917518720030785,4
1376,0,0.001042532967403531,3
1377,0,0.00152306177187711,3
1378,0,0.02092226780951023,1
1379,0,0.001954606268554926,2
1380,0,0.021565256640315056,4
1381,0,0.09439308941364288,2
1382,0,0.004606704693287611,1
1383,0,0.006029737647622824,1
1384,0,4.534339677775279e-05,3
1385,0,0.0004907385446131229,4
1386,0,0.00016282519209198654,3
1387,0,0.0003202237712685019,5
1388,0,9.338276140624657e-05,3
1389,0,2.2010697648511268e-05,5
1390,0,0.0001827455562306568,2
1391,0,0.0010012644343078136,4
1392,0,0.0020182118751108646,5
1393,0,0.004709324333816767,5
1394,0,0.0005467476439662278,1
1395,0,0.0003612040018197149,1
1396,0,0.015420859679579735,5
1397,0,0.0002742174547165632,3
1398,0,0.0008783465600572526,1
1399,0,0.0019523081136867404,1
1400,0,0.07902730256319046,1
1401,0,0.0024565940257161856,2
1402,0,0.0005195962148718536,2
1403,0,0.0012203133665025234,2
1404,0,0.47599291801452637,1
1405,0,0.006311642471700907,1
1406,0,0.00018166199151892215,2
1407,0,0.08945827186107635,3
1408,0,0.0004900228814221919,2
1409,0,0.008840867318212986,5
1410,0,0.01773703098297119,1
1411,0,0.0012262271484360099,2
1412,0,0.0004986069398000836,3
1413,0,0.001900594448670745,4
1414,0,0.0014676424907520413,4
1415,0,0.0008008899167180061,1
1416,0,0.008749647065997124,1
1417,0,0.10464313626289368,1
1418,0,0.008950846269726753,3
1419,0,0.0005768552655354142,1
1420,0,0.002525543561205268,1
1421,0,0.00018857275426853448,5
1422,0,0.0004128100990783423,1
1423,0,0.0005734193255193532,2
1424,0,0.0016251427587121725,2
1425,0,0.00015822169370949268,1
1426,0,0.01000219490379095,3
1427,0,0.00032701139571145177,2
1428,0,0.0002957839169539511,3
1429,0,0.0006087854271754622,2
1430,0,0.0005673935520462692,4
1431,0,4.103004903299734e-05,3
1432,0,0.0001258997799595818,5
1433,0,0.0007046614191494882,4
1434,0,0.00036085653118789196,4
1435,0,3.120563269476406e-05,2
1436,0,0.011946500279009342,3
1437,0,0.00340619427151978,1
1438,0,0.000842134584672749,2
1439,0,0.0016120302025228739,2
1440,0,0.12745465338230133,3
1441,0,0.00035186417517252266,2
1442,0,0.0007049008854664862,2
1443,0,0.009739607572555542,5
1444,0,0.0013477376196533442,1
1445,0,2.4476792532368563e-05,3
1446,0,0.018291115760803223,5
1447,0,0.00348474713973701,4
1448,0,0.0012059835717082024,2
1449,0,0.001047410536557436,4
1450,0,0.05031260475516319,5
1451,0,0.003986245486885309,2
1452,0,0.0012664456153288484,2
1453,0,0.002742576878517866,1
1454,0,0.00018278406059835106,5
1455,0,0.0013928062980994582,1
1456,0,0.027388693764805794,5
1457,0,0.0006819352856837213,4
1458,0,0.00018653889128472656,2
1459,0,2.2291544155450538e-05,2
1460,0,9.666213736636564e-05,2
1461,0,0.0017558527179062366,2
1462,0,9.468781354371458e-05,2
1463,0,0.0053868768736720085,1
1464,0,7.687709876336157e-05,2
1465,0,0.0004260473942849785,2
1466,0,0.0006006751791574061,2
1467,0,0.0021695224568247795,1
1468,0,0.03637462481856346,1
1469,0,0.00018502662715036422,2
1470,0,0.0005761483334936202,5
1471,0,7.379437192867044e-06,5
1472,0,0.00014307911624200642,4
1473,0,0.0002816269698087126,5
1474,0,0.0025553617160767317,4
1475,0,0.0005140496068634093,3
1476,0,0.0038998296950012445,1
1477,0,0.00014327543613035232,2
1478,0,0.0020679396111518145,4
1479,0,1.8592785636428744e-05,3
1480,0,0.00016770213551353663,1
1481,0,0.00015011684445198625,5
1482,0,0.004300394561141729,4
1483,0,0.0004940300132147968,2
1484,0,0.0004990077577531338,1
1485,0,0.0009897584095597267,3
1486,0,0.00021056861442048103,4
1487,0,0.0016589817823842168,3
1488,0,0.014000493101775646,3
1489,0,0.5645520091056824,1
1490,0,0.0007665706798434258,4
1491,0,0.0007183952839113772,5
1492,0,0.0035227301996201277,3
1493,0,0.0008915488142520189,4
1494,0,0.01938619650900364,3
1495,0,0.0004938172642141581,1
1496,0,0.0005182664026506245,3
1497,0,0.21537767350673676,1
1498,0,0.0014593222877010703,4
1499,0,0.004353692289441824,4
1500,0,0.003432992147281766,2
1501,0,0.0004923127708025277,4
1502,0,0.002107335953041911,5
1503,0,0.004035524092614651,4
1504,0,3.5214754461776465e-05,5
1505,0,9.862672595772892e-05,5
1506,0,0.00039983660099096596,5
1507,0,5.746420720242895e-05,4
1508,0,0.0024512421805411577,4
1509,0,0.007674254477024078,5
1510,0,0.0001879503979580477,1
1511,0,0.008279995992779732,2
1512,0,0.0004704123712144792,3
1513,0,0.022564778104424477,5
1514,0,0.006048640236258507,4
1515,0,0.00018538352742325515,2
1516,0,0.00011250970419496298,1
1517,0,0.0020181608851999044,1
1518,0,0.0022431977558881044,1
1519,0,0.00024974203552119434,5
1520,0,4.71252242277842e-05,5
1521,0,0.00016769352077972144,4
1522,0,0.001718904240988195,2
1523,0,0.00019477246678434312,5
1524,0,5.0727951020235196e-05,3
1525,0,0.00015412879292853177,2
1526,0,0.0038604303263127804,4
1527,0,0.0022537207696586847,4
1528,0,0.0001884501543827355,1
1529,0,0.006435111165046692,5
1530,0,0.04920107126235962,4
1531,0,9.763101843418553e-05,5
1532,0,0.0006250044098123908,4
1533,0,0.0012895388063043356,1
1534,0,0.00010774860857054591,5
1535,0,0.005502952728420496,4
1536,0,0.0001291716907871887,5
1537,0,0.0817708671092987,2
1538,0,0.05740564689040184,3
1539,0,0.005758348852396011,4
1540,0,0.007864627055823803,1
1541,0,0.0017137129325419664,2
1542,0,0.09135442972183228,1
1543,0,0.07527816295623779,1
1544,0,0.0013119688956066966,4
1545,0,5.385694021242671e-05,3
1546,0,0.000677242991514504,1
1547,0,0.0008418991346843541,2
1548,0,0.0022956249304115772,3
1549,0,0.0017273261910304427,1
1550,0,0.0003784486325457692,5
1551,0,0.01491874735802412,1
1552,0,0.0005661006434820592,5
1553,0,0.00011849089787574485,5
1554,0,0.000775546592194587,5
1555,0,0.002999787451699376,5
1556,0,0.08859962224960327,1
1557,0,0.001264045713469386,3
1558,0,0.0006722141406498849,2
1559,0,0.0004740634758491069,4
1560,0,0.006065436638891697,1
1561,0,0.009764409624040127,5
1562,0,0.002285319846123457,3
1563,0,0.00016652554040774703,1
1564,0,0.00031555030727759004,3
1565,0,0.0022886220831424,4
1566,0,0.26307806372642517,4
1567,0,0.00019240866822656244,5
1568,0,3.428362470003776e-05,5
1569,0,0.049533866345882416,1
1570,0,0.0005363255040720105,4
1571,0,0.0022971248254179955,1
1572,0,0.00038620311534032226,4
1573,0,0.0001500939397374168,4
1574,0,0.00792041327804327,3
1575,0,0.0052692159079015255,2
1576,0,0.0008451077155768871,4
1577,0,0.0002533734659664333,5
1578,0,0.001051542698405683,2
1579,0,0.01038856990635395,5
1580,0,0.0015613292343914509,2
1581,0,0.0005479571991600096,5
1582,0,0.00022069239639677107,3
1583,0,0.002221372677013278,4
1584,0,0.01221257820725441,1
1585,0,0.0009808040922507644,1
1586,0,0.00040177968912757933,2
1587,0,0.0003961476613767445,4
1588,0,0.0006364628789015114,1
1589,0,0.011022466234862804,4
1590,0,0.42193958163261414,4
1591,0,0.015101778320968151,5
1592,0,0.004668119363486767,1
1593,0,0.004453558474779129,2
1594,0,0.0003293391491752118,1
1595,0,0.0028298627585172653,4
1596,0,0.004476726055145264,5
1597,0,0.0002533159567974508,2
1598,0,0.002774566411972046,4
1599,0,0.00246758502908051,1
1600,0,0.007878543809056282,1
1601,0,0.00672916928306222,1
1602,0,0.002950345166027546,1
1603,0,0.00023413806047756225,1
1604,0,0.0008932111086323857,1
1605,0,0.0005787116824649274,4
1606,0,0.0007415044819936156,5
1607,0,0.5388153791427612,1
1608,0,0.005617398768663406,4
1609,0,0.00010721872240537778,5
1610,0,0.18308782577514648,5
1611,0,0.0016582742100581527,4
1612,0,0.0003891192900482565,5
1613,0,0.0016524066450074315,2
1614,0,0.10815773904323578,5
1615,0,0.00031593290623277426,1
1616,0,0.001702354522421956,4
1617,0,0.0011900680838152766,3
1618,0,0.001157500664703548,2
1619,0,0.0027768590953201056,4
1620,0,0.009148293174803257,5
1621,0,0.0036773993633687496,2
1622,0,0.004921854007989168,2
1623,0,0.0013788725482299924,1
1624,0,0.00017038990336004645,2
1625,0,0.0014507455052807927,4
1626,0,0.0005355477333068848,2
1627,0,0.001293529407121241,1
1628,0,1.93155665328959e-05,5
1629,0,0.000608209811616689,1
1630,0,0.00025593809550628066,4
1631,0,8.639289444545284e-05,2
1632,0,9.245709225069731e-05,2
1633,0,3.8246726035140455e-05,1
1634,0,9.323914855485782e-05,3
1635,0,0.006649179849773645,1
1636,0,0.000661729893181473,1
1637,0,0.031183278188109398,2
1638,0,0.009265964850783348,2
1639,0,0.001822230638936162,3
1640,0,0.0034208924043923616,5
1641,0,0.0001518009667051956,4
1642,0,0.00020993851649109274,5
1643,0,0.10455243289470673,2
1644,0,0.011147125624120235,4
1645,0,0.034085962921381,1
1646,0,0.004700526595115662,5
1647,0,0.08770957589149475,1
1648,0,0.004012055695056915,5
1649,0,0.0044814953580498695,1
1650,0,0.00037590236752294004,2
1651,0,0.0010067918337881565,1
1652,0,0.00010365751950303093,4
1653,0,0.002282216679304838,4
1654,0,9.51919864746742e-05,3
1655,0,0.0002725136873777956,1
1656,0,0.0019104504026472569,1
1657,0,0.001887494814582169,2
1658,0,0.0013873666757717729,2
1659,0,0.0012243009405210614,2
1660,0,0.0029278912115842104,2
1661,0,0.0030306994449347258,3
1662,0,0.32043787837028503,3
1663,0,0.0006740585085935891,3
1664,0,0.08037389069795609,3
1665,0,0.03322678431868553,1
1666,0,0.0002248325035907328,1
1667,0,0.025929974392056465,5
1668,0,0.0014132484793663025,3
1669,0,0.0759589746594429,4
1670,0,9.735333151184022e-05,4
1671,0,0.004563143011182547,4
1672,0,5.186242196941748e-05,1
1673,0,0.14218701422214508,4
1674,0,0.0028973675798624754,2
1675,0,7.784756598994136e-05,4
1676,0,0.00021394362556748092,3
1677,0,0.0008049050229601562,1
1678,0,0.00013050508277956396,2
1679,0,0.0073308381251990795,5
1680,0,0.000628089823294431,2
1681,0,2.5471965273027308e-05,3
1682,0,4.942311716149561e-05,2
1683,0,0.007306522689759731,5
1684,0,0.015037572011351585,5
1685,0,0.0005298397154547274,4
1686,0,0.002292532939463854,4
1687,0,0.0013765129260718822,5
1688,0,0.0002240112517029047,5
1689,0,9.580083860782906e-05,5
1690,0,0.0022274006623774767,4
1691,0,0.0003623942902777344,3
1692,0,0.007721441797912121,1
1693,0,0.00049541553016752,1
1694,0,0.002016242826357484,4
1695,0,0.010656616650521755,4
1696,0,0.0006826043827459216,5
1697,0,8.092277312243823e-06,5
1698,0,0.0003296032955404371,5
1699,0,0.00032492243917658925,3
1700,0,0.009681452065706253,3
1701,0,0.00043639031355269253,4
1702,0,0.00034135833266191185,2
1703,0,3.1020546884974465e-05,5
1704,0,7.096131594153121e-05,4
1705,0,0.0033394007477909327,5
1706,0,0.001343059353530407,4
1707,0,8.077899838099256e-05,5
1708,0,9.77705858531408e-05,3
1709,0,0.010873852297663689,1
1710,0,0.00027253266307525337,5
1711,0,0.0003603759396355599,1
1712,0,7.98104956629686e-05,5
1713,0,2.205198325100355e-05,4
1714,0,0.0013329572975635529,5
1715,0,0.0008666141075082123,2
1716,0,0.0026032510213553905,1
1717,0,0.001689336495473981,5
1718,0,0.051218122243881226,2
1719,0,4.386167711345479e-05,2
1720,0,0.0006978102610446513,4
1721,0,0.00021937553538009524,1
1722,0,0.0059850201942026615,3
1723,0,0.00035764373023994267,3
1724,0,0.0002381642407272011,5
1725,0,0.0014334386214613914,2
1726,0,0.00016878257156349719,4
1727,0,0.0002456037618685514,4
1728,0,0.0002944985462818295,4
1729,0,0.0003240352380089462,1
1730,0,0.00019171535677742213,4
1731,0,0.0003839817363768816,5
1732,0,2.0548290194710717e-05,5
1733,0,0.00010281837603542954,5
1734,0,0.09782615303993225,5
1735,0,0.00129223451949656,1
1736,0,0.0005713802529498935,5
1737,0,0.0003214840544387698,2
1738,0,6.130178371677175e-05,5
1739,0,0.0018951162928715348,5
1740,0,0.0002492700587026775,3
1741,0,9.053185931406915e-05,5
1742,0,0.0011859366204589605,1
1743,0,0.0005845290143042803,4
1744,0,0.011786830611526966,5
1745,0,0.001701673143543303,5
1746,0,0.0024720127694308758,2
1747,0,0.001225851709023118,5
1748,0,0.0002190642844652757,4
1749,0,0.0006506025674752891,2
1750,0,0.00617765448987484,3
1751,0,0.0013040066696703434,5
1752,0,0.0003705760755110532,3
1753,0,0.004091198556125164,2
1754,0,0.002644546329975128,4
1755,0,0.0013778185239061713,2
1756,0,7.393602572847158e-06,5
1757,0,0.2992594242095947,5
1758,0,0.00117311195936054,3
1759,0,0.03037888929247856,3
1760,0,0.028137538582086563,1
1761,0,5.357070767786354e-05,3
1762,0,0.00010413296695332974,3
1763,0,0.0020704849157482386,4
1764,0,0.09208890050649643,3
1765,0,0.0050226678140461445,1
1766,0,0.0031383708119392395,1
1767,0,0.001933001447468996,3
1768,0,0.000618753198068589,2
1769,0,0.000552755722310394,4
1770,0,0.0008816851186566055,4
1771,0,0.0004386623331811279,1
1772,0,0.00021819920220877975,1
1773,0,0.00021697476040571928,5
1774,0,0.0008849333971738815,2
1775,0,0.0006813269574195147,3
1776,0,0.0001293436362175271,3
1777,0,0.0006427669432014227,1
1778,0,0.00021331931930035353,5
1779,0,0.0007784957997500896,3
1780,0,0.0009198358166031539,1
1781,0,0.0019368936773389578,2
1782,0,0.0011232300894334912,4
1783,0,0.023604130372405052,4
1784,0,0.009039578959345818,1
1785,0,0.00112219899892807,1
1786,0,0.00021673344599548727,1
1787,0,0.00012167559179943055,1
1788,0,0.0030473480001091957,1
1789,0,0.0005930747138336301,1
1790,0,0.0002363858511671424,5
1791,0,0.0020545939914882183,4
1792,0,0.00024161582405213267,2
1793,0,0.007839560508728027,1
1794,0,0.0004325310583226383,4
1795,0,0.00027220859192311764,2
1796,0,0.0018436691025272012,2
1797,0,8.886533760232851e-05,2
1798,0,0.00010397897131042555,1
1799,0,0.0007502653170377016,4
1800,0,0.0001134156045736745,2
1801,0,0.00024188318639062345,1
1802,0,7.672155334148556e-05,2
1803,0,0.0031996655743569136,1
1804,0,0.004484925884753466,1
1805,0,0.005246944259852171,1
1806,0,0.00032983467099256814,2
1807,0,0.00013537109771277755,5
1808,0,0.010615822859108448,1
1809,0,3.3689029805827886e-05,4
1810,0,7.86137898103334e-05,1
1811,0,0.001014545327052474,1
1812,0,0.00015207231626845896,1
1813,0,0.028037751093506813,5
1814,0,0.012124697677791119,1
1815,0,0.0014605256728827953,5
1816,0,0.001908909878693521,5
1817,0,0.005787318106740713,5
1818,0,0.011701509356498718,5
1819,0,0.000720272189937532,3
1820,0,0.0004906068788841367,4
1821,0,0.23284804821014404,5
1822,0,0.0007260352140292525,3
1823,0,0.007631304208189249,1
1824,0,0.0031078706961125135,2
1825,0,0.0008754093432798982,3
1826,0,0.006872660480439663,3
1827,0,0.0009834137745201588,2
1828,0,0.0031229639425873756,1
1829,0,0.00045710933045484126,5
1830,0,0.0054128216579556465,4
1831,0,0.00811229832470417,4
1832,0,0.009825234301388264,2
1833,0,0.0007927215192466974,1
1834,0,0.0010159047087654471,4
1835,0,7.10499516571872e-05,5
1836,0,7.428682874888182e-05,5
1837,0,0.04036935418844223,1
1838,0,0.00023427583801094443,5
1839,0,0.0054278005845844746,4
1840,0,0.08904512971639633,1
1841,0,0.003634521970525384,4
1842,0,0.0017169807106256485,3
1843,0,0.0005707126692868769,1
1844,0,2.440404932713136e-05,5
1845,0,0.00283165299333632,1
1846,0,0.0008627055794931948,5
1847,0,0.0005562924779951572,3
1848,0,4.372857074486092e-05,5
1849,0,0.00029485984123311937,4
1850,0,0.0001397225132677704,1
1851,0,0.00030826960573904216,5
1852,0,0.0064480602741241455,4
1853,0,0.00010914204176515341,1
1854,0,9.331173350801691e-05,1
1855,0,0.0015982554759830236,5
1856,0,0.0034275802318006754,1
1857,0,0.0008093065698631108,2
1858,0,0.0012876095715910196,4
1859,0,0.0004623123968485743,4
1860,0,0.004229906015098095,5
1861,0,0.0010740356519818306,1
1862,0,0.0002178688591811806,1
1863,0,0.0003954287094529718,2
1864,0,5.887809311388992e-05,3
1865,0,0.00012829438492190093,2
1866,0,0.0007741108420304954,2
1867,0,0.004019233863800764,5
1868,0,0.010153844952583313,3
1869,0,0.00021056781406514347,5
1870,0,0.0008611894445493817,5
1871,0,0.00043773395009338856,1
1872,0,0.00026900580269284546,1
1873,0,0.04986817389726639,1
1874,0,0.003380290698260069,1
1875,0,2.2516524040838704e-05,5
1876,0,9.196774772135541e-05,2
1877,0,0.0008120067650452256,2
1878,0,0.00022671087936032563,3
1879,0,0.00018247670959681273,4
1880,0,5.044391582487151e-05,3
1881,0,0.0017105067381635308,1
1882,0,0.0010604934068396688,4
1883,0,3.5008692066185176e-05,3
1884,0,0.00023897447681520134,2
1885,0,9.4544084277004e-05,3
1886,0,0.02244761772453785,4
1887,0,0.00020099515677429736,1
1888,0,0.0019693279173225164,5
1889,0,0.0003714413905981928,1
1890,0,2.9055718187009916e-05,5
1891,0,0.03676607832312584,1
1892,0,0.010664321482181549,3
1893,0,0.15804408490657806,2
1894,0,0.0001232761424034834,3
1895,0,8.082736712822225e-06,5
1896,0,0.00715152220800519,2
1897,0,0.5140625834465027,5
1898,0,0.4475557804107666,4
1899,0,1.576045178808272e-05,2
1900,0,0.0009605162194930017,3
1901,0,0.0321367122232914,1
1902,0,0.00032556866062805057,5
1903,0,7.122578972484916e-05,4
1904,0,7.695213753322605e-06,5
1905,0,3.297097282484174e-05,5
1906,0,0.0007661858107894659,2
1907,0,0.00012911431258544326,5
1908,0,3.0437693567364477e-05,3
1909,0,0.0016139615327119827,5
1910,0,0.0003731412289198488,4
1911,0,0.001084442250430584,1
1912,0,0.00010886700329137966,3
1913,0,0.0031870445236563683,2
1914,0,0.02091081626713276,1
1915,0,0.00018288361025042832,2
1916,0,0.00019176215573679656,2
1917,0,0.00010746069165179506,1
1918,0,0.07143925130367279,3
1919,0,0.04279855266213417,4
1920,0,0.0006212578155100346,4
1921,0,0.0018573286943137646,5
1922,0,0.0036920250859111547,4
1923,0,0.00011104108125437051,4
1924,0,0.30633866786956787,3
1925,0,0.0009143230854533613,4
1926,0,0.0025623939000070095,1
1927,0,9.395049346494488e-06,2
1928,0,0.011343533173203468,2
1929,0,9.527626389171928e-05,2
1930,0,0.004454036243259907,2
1931,0,0.007738441228866577,2
1932,0,0.0002625435299705714,2
1933,0,0.00846217479556799,4
1934,0,0.00036722791264764965,4
1935,0,0.00015625538071617484,4
1936,0,0.000648725253995508,5
1937,0,0.03653337433934212,5
1938,0,5.5395288654835895e-05,5
1939,0,0.24146071076393127,5
1940,0,0.0013541397638618946,4
1941,0,0.0011231375392526388,5
1942,0,0.021723341196775436,3
1943,0,0.0008594408864155412,4
1944,0,0.0001801061152946204,5
1945,0,6.367308378685266e-05,4
1946,0,0.0005868635489605367,3
1947,0,0.0002648335648700595,4
1948,0,0.0003563881618902087,4
1949,0,0.0004958695499226451,2
1950,0,0.0009552299161441624,1
1951,0,0.007306941319257021,1
1952,0,0.012736952863633633,5
1953,0,0.006818808615207672,5
1954,0,0.0008452127804048359,2
1955,0,2.5366445697727613e-05,2
1956,0,0.0012316304491832852,1
1957,0,0.006558499298989773,5
1958,0,0.015081308782100677,2
1959,0,0.0026574134826660156,2
1960,0,0.0024348986335098743,4
1961,0,0.0023036825004965067,1
1962,0,0.0026455428451299667,3
1963,0,0.0004593089979607612,1
1964,0,0.0011490427423268557,4
1965,0,0.00024777540238574147,5
1966,0,0.0007998175569809973,5
1967,0,0.0003912459942512214,4
1968,0,0.00013508767005987465,5
1969,0,0.002484066179022193,5
1970,0,6.81801830069162e-05,1
1971,0,0.00023160470300354064,2
1972,0,0.00021562803885899484,1
1973,0,9.037195559358224e-05,4
1974,0,0.010280666872859001,2
1975,0,0.00021653910516761243,3
1976,0,0.004076867830008268,3
1977,0,0.00036155403358861804,3
1978,0,0.00025597665808163583,1
1979,0,0.0003472140524536371,2
1980,0,0.0036803793627768755,4
1981,0,2.1174202629481442e-05,5
1982,0,5.1733939471887425e-05,3
1983,0,0.00035284284967929125,3
1984,0,0.00029975720099173486,4
1985,0,0.0070213573053479195,1
1986,0,0.005929236765950918,4
1987,0,0.0025133085437119007,4
1988,0,0.00011059545795433223,3
1989,0,0.00043024361366406083,4
1990,0,0.0014493596972897649,4
1991,0,0.0002633987460285425,4
1992,0,0.0020416404586285353,4
1993,0,6.328264134936035e-05,3
1994,0,0.00011103240103693679,3
1995,0,0.0022018346935510635,2
1996,0,0.0007141549722291529,1
1997,0,0.00081050512380898,3
1998,0,0.0005827925633639097,2
1999,0,0.0012458598939701915,3
2000,0,0.0008276058360934258,3
2001,0,0.00014756298332940787,3
2002,0,0.06747099757194519,1
2003,0,0.004081559833139181,4
2004,0,0.0005168436910025775,5
2005,0,0.007483657915145159,2
2006,0,0.0004574558697640896,2
2007,0,0.0007976350607350469,5
2008,0,0.003998181317001581,1
2009,0,0.009278119541704655,5
2010,0,0.0017654879484325647,3
2011,0,0.011589854024350643,1
2012,0,5.091313141747378e-05,3
2013,0,0.0044568260200321674,1
2014,0,5.960373891866766e-05,1
2015,0,0.0005570381763391197,3
2016,0,6.044527253834531e-05,5
2017,0,0.0003504840424284339,3
2018,0,0.00012021440488751978,3
2019,0,0.0387006551027298,1
2020,0,0.0030551764648407698,5
2021,0,0.0003475728735793382,2
2022,0,7.293392991414294e-05,5
2023,0,0.0008854837506078184,5
2024,0,0.009631450287997723,1
2025,0,0.0002712583227548748,4
2026,0,0.07305143773555756,4
2027,0,6.660064536845312e-05,5
2028,0,0.00023657614656258374,2
2029,0,2.580430736998096e-05,5
2030,0,0.0001124213304137811,4
2031,0,0.00011439422087278217,4
2032,0,9.23317129490897e-05,1
2033,0,0.02539423294365406,1
2034,0,3.40948135999497e-05,3
2035,0,0.0022628833539783955,1
2036,0,0.002906210022047162,4
2037,0,6.706864223815501e-05,5
2038,0,0.0006237808847799897,1
2039,0,0.0002803726529236883,1
2040,0,0.0035090898163616657,5
2041,0,5.7436158385826275e-05,5
2042,0,0.021518325433135033,5
2043,0,0.00017322391795460135,5
2044,0,0.00017633357492741197,5
2045,0,0.0028682153206318617,3
2046,0,0.0011539298575371504,1
2047,0,0.007874869741499424,1
2048,0,0.00023899268126115203,1
2049,0,0.0004603646812029183,5
2050,0,0.00015547749353572726,3
2051,0,0.04967251047492027,1
2052,0,0.011172182857990265,1
2053,0,3.6950779758626595e-05,3
2054,0,0.00044242636067792773,3
2055,0,0.01556176133453846,5
2056,0,0.0006686800625175238,4
2057,0,0.00037522942875511944,4
2058,0,8.856653585098684e-05,2
2059,0,0.000370947178453207,4
2060,0,0.002515350002795458,5
2061,0,5.855696872458793e-05,5
2062,0,0.006938289850950241,4
2063,0,0.003080540569499135,3
2064,0,0.0019294838421046734,4
2065,0,2.0068031517439522e-05,3
2066,0,0.000613211770541966,1
2067,0,0.0003412031219340861,4
2068,0,0.0015157531015574932,3
2069,0,0.016757551580667496,4
2070,0,1.3406965081230737e-05,3
2071,0,0.00040004015318118036,5
2072,0,0.6169756650924683,5
2073,0,4.275036553735845e-05,2
2074,0,0.00027445153682492673,2
2075,0,0.00018225170788355172,5
2076,0,4.646908200811595e-05,1
2077,0,7.001040103205014e-06,5
2078,0,0.00290683307684958,1
2079,0,0.0026238332502543926,5
2080,0,0.0004137065261602402,2
2081,0,7.768383511574939e-05,1
2082,0,4.618620005203411e-05,2
2083,0,4.558884393190965e-05,2
2084,0,0.0002523002331145108,3
2085,0,0.0009644709061831236,3
2086,0,0.00045228784438222647,1
2087,0,0.0003802720457315445,3
2088,0,0.003801997285336256,2
2089,0,0.0006261738599278033,3
2090,0,0.0006411874783225358,1
2091,0,0.0033127404749393463,3
2092,0,0.001448816736228764,5
2093,0,0.0013818172737956047,3
2094,0,8.579189852753188e-06,5
2095,0,6.348101305775344e-05,1
2096,0,0.0016645905561745167,4
2097,0,7.231079507619143e-05,4
2098,0,0.001776066841557622,5
2099,0,0.00032931275200098753,2
2100,0,0.0058440458960831165,3
2101,0,0.004110022913664579,3
2102,0,7.753470708848909e-05,1
2103,0,0.000500436988659203,1
2104,0,0.00021559206652455032,1
2105,0,0.0017622328596189618,1
2106,0,2.4432505597360432e-05,3
2107,0,0.0002327225374756381,3
2108,0,0.0016912877326831222,5
2109,0,0.0013872775016352534,2
2110,0,0.000776724424213171,2
2111,0,0.003075024811550975,3
2112,0,0.00028317567193880677,2
2113,0,0.0007572445902042091,1
2114,0,0.00019510423589963466,3
2115,0,9.423257142771035e-05,3
2116,0,0.8393357992172241,2
2117,0,0.010437055490911007,5
2118,0,1.0070358257507905e-05,5
2119,0,1.0276872671965975e-05,5
2120,0,0.00013389233208727092,3
2121,0,0.038619089871644974,2
2122,0,0.00011472860933281481,3
2123,0,0.00014559591363649815,5
2124,0,0.014999601058661938,3
2125,0,0.05282646045088768,5
2126,0,0.0006159839103929698,5
2127,0,4.620404070010409e-05,5
2128,0,0.00040097825694829226,1
2129,0,0.0016493558650836349,5
2130,0,0.0014958226820454001,1
2131,0,0.005559802521020174,5
2132,0,0.0011493837228044868,2
2133,0,4.7369201638503e-05,3
2134,0,0.0018099637236446142,5
2135,0,0.0001237041869899258,5
2136,0,0.0006905253394506872,4
2137,0,0.0005261502810753882,4
2138,0,0.002137747360393405,3
2139,0,0.01503753662109375,1
2140,0,0.01562376320362091,3
2141,0,0.002113905269652605,5
2142,0,0.0006885263719595969,1
2143,0,0.0048806811682879925,5
2144,0,0.25318366289138794,5
2145,0,0.003908530808985233,2
2146,0,0.10338395833969116,3
2147,0,0.00042597632273100317,2
2148,0,5.17266926181037e-05,5
2149,0,0.005074590910226107,5
2150,0,0.0002913514617830515,5
2151,0,0.00020341806521173567,2
2152,0,0.014290126971900463,1
2153,0,7.643164281034842e-05,1
2154,0,0.0032089895103126764,1
2155,0,0.00038677715929225087,2
2156,0,2.315404526598286e-05,3
2157,0,0.0010639212559908628,1
2158,0,0.00019213459745515138,1
2159,0,0.0003551036352291703,2
2160,0,7.187856681412086e-05,2
2161,0,0.2280595898628235,2
2162,0,4.299223292036913e-05,4
2163,0,0.002059793099761009,1
2164,0,0.014346939511597157,1
2165,0,0.004320628475397825,4
2166,0,0.10489971935749054,4
2167,0,0.00018969227676279843,5
2168,0,0.010904348455369473,5
2169,0,1.1975165762123652e-05,3
2170,0,0.06536070257425308,4
2171,0,0.000327461602864787,1
2172,0,0.0021859228145331144,2
2173,0,0.00030893567600287497,1
2174,0,0.001092691090889275,2
2175,0,0.021672695875167847,1
2176,0,0.0002757506154011935,3
2177,0,0.0326438844203949,2
2178,0,0.01763896830379963,4
2179,0,0.0016983108362182975,2
2180,0,0.0007561697857454419,2
2181,0,0.0008977515390142798,1
2182,0,0.05372674763202667,3
2183,0,0.005573660600930452,1
2184,0,0.0002151060471078381,4
2185,0,0.04249845817685127,1
2186,0,2.934372787422035e-05,5
2187,0,0.07723368704319,4
2188,0,0.013556307181715965,1
2189,0,0.0007742403540760279,4
2190,0,0.0003089094825554639,5
2191,0,0.00010674485383788124,3
2192,0,0.000534229795448482,4
2193,0,0.0008991829818114638,4
2194,0,0.0017398529453203082,4
2195,0,8.932888886192814e-05,4
2196,0,0.017116567119956017,3
2197,0,0.0006853531813248992,4
2198,0,0.0020008133724331856,4
2199,0,0.0008473783964291215,4
2200,0,0.0001197873498313129,5
2201,0,4.6837274567224085e-05,5
2202,0,0.009804639965295792,1
2203,0,0.010760405100882053,4
2204,0,0.018204933032393456,2
2205,0,0.0006720411474816501,1
2206,0,0.009913651272654533,2
2207,0,0.1764552891254425,4
2208,0,0.00024330013548024,2
2209,0,0.0004756667767651379,1
2210,0,0.005037372931838036,3
2211,0,6.205647514434531e-05,4
2212,0,0.0005658568115904927,1
2213,0,0.009558437392115593,1
2214,0,0.00047449435805901885,4
2215,0,0.003064231015741825,4
2216,0,0.0004959742072969675,3
2217,0,0.0005756672471761703,3
2218,0,0.0020900657400488853,1
2219,0,0.00042448582826182246,4
2220,0,0.0013986708363518119,4
2221,0,0.0003299286763649434,1
2222,0,0.00648194644600153,1
2223,0,8.599179273005575e-05,4
2224,0,9.24168125493452e-05,5
2225,0,0.0002976424584630877,3
2226,0,0.0024761022068560123,3
2227,0,0.0001551188324810937,4
2228,0,0.0009285247069783509,2
2229,0,0.004594151396304369,3
2230,0,0.00021159785683266819,1
2231,0,0.0003340973053127527,1
2232,0,0.002789813559502363,1
2233,0,0.0008563497103750706,5
2234,0,0.00010554574691923335,2
2235,0,0.002202474744990468,1
2236,0,0.003439899766817689,1
2237,0,0.35383373498916626,1
2238,0,0.0003269911394454539,3
2239,0,9.087221405934542e-05,5
2240,0,0.0025782822631299496,3
2241,0,0.0001016661844914779,5
2242,0,0.2179124802350998,4
2243,0,0.010352238081395626,1
2244,0,0.00039833327173255384,2
2245,0,0.00020240966114215553,5
2246,0,0.0019288916373625398,1
2247,0,0.00011458145309006795,3
2248,0,0.10591182857751846,3
2249,0,0.018370231613516808,5
2250,0,0.0006577467429451644,2
2251,0,0.00011428737343521789,1
2252,0,0.0038421843200922012,2
2253,0,0.00012058581341989338,1
2254,0,0.005739218555390835,3
2255,0,0.005652477033436298,1
2256,0,0.0016286729369312525,1
2257,0,0.0010279997950419784,3
2258,0,0.00020532653434202075,5
2259,0,0.000167805643286556,3
2260,0,5.8901900047203526e-05,1
2261,0,0.23980437219142914,1
2262,0,0.007453542202711105,2
2263,0,0.00022666421136818826,1
2264,0,0.00040519837057217956,1
2265,0,0.00030444172443822026,1
2266,0,0.000637431163340807,1
2267,0,0.001252812216989696,1
2268,0,5.238902667770162e-05,1
2269,0,0.007545847911387682,5
2270,0,1.733516364765819e-05,3
2271,0,4.2238913010805845e-05,2
2272,0,0.002354033524170518,2
2273,0,0.004621059633791447,4
2274,0,0.00045867415610700846,1
2275,0,0.0011413145111873746,5
2276,0,0.5505567193031311,3
2277,0,0.008993270806968212,5
2278,0,0.14914454519748688,5
2279,0,0.00043798587284982204,2
2280,0,0.0031846824567764997,5
2281,0,0.00013853173004463315,1
2282,0,0.5426834225654602,3
2283,0,0.14993204176425934,1
2284,0,0.0007775156991556287,2
2285,0,0.004785746335983276,1
2286,0,0.04974961280822754,1
2287,0,0.0002746138197835535,2
2288,0,0.00024347972066607326,1
2289,0,0.0026681607123464346,1
2290,0,0.000545079936273396,1
2291,0,0.0013173141051083803,1
2292,0,3.163729707011953e-05,3
2293,0,3.683404793264344e-05,5
2294,0,0.0005948338657617569,5
2295,0,0.001026491285301745,4
2296,0,0.06500785052776337,2
2297,0,0.003843914717435837,3
2298,0,2.3607892217114568e-05,2
2299,0,4.5518161641666666e-05,1
2300,0,0.019839297980070114,1
2301,0,0.002356217009946704,1
2302,0,0.00029042211826890707,4
2303,0,0.00038340233732014894,1
2304,0,0.005030356347560883,2
2305,0,0.012479246594011784,4
2306,0,0.0010945748072117567,1
2307,0,0.0026815938763320446,4
2308,0,0.00043424201430752873,5
2309,0,1.588266786711756e-05,2
2310,0,0.00038965456769801676,3
2311,0,0.004366337787359953,5
2312,0,5.728272662963718e-05,5
2313,0,0.0012101774336770177,1
2314,0,0.012867949903011322,1
2315,0,6.587663665413857e-05,1
2316,0,0.019237983971834183,4
2317,0,0.0029076251666992903,2
2318,0,0.00014844530960544944,5
2319,0,0.00030751811573281884,5
2320,0,0.0013216830557212234,5
2321,0,0.0006805537268519402,4
2322,0,0.009902018122375011,3
2323,0,0.000895993725862354,4
2324,0,0.0029243158642202616,4
2325,0,0.0003473703109193593,3
2326,0,0.006102739833295345,5
2327,0,0.0003793908981606364,3
2328,0,0.0004212165658827871,3
2329,0,0.0021299913059920073,3
2330,0,0.0005751467542722821,5
2331,0,0.00016703650180716068,4
2332,0,0.0007041297503747046,5
2333,0,0.0001431644195690751,2
2334,0,0.10730300098657608,3
2335,0,0.32104283571243286,4
2336,0,3.818243931164034e-05,3
2337,0,6.126029620645568e-05,5
2338,0,7.640461262781173e-05,3
2339,0,0.006588267628103495,3
2340,0,2.7298936402075924e-05,4
2341,0,0.0016355017432942986,3
2342,0,0.0019294286612421274,5
2343,0,0.0002484105061739683,5
2344,0,0.002443580888211727,4
2345,0,0.07820551097393036,1
2346,0,0.001704525202512741,1
2347,0,0.0006142658530734479,3
2348,0,0.008016918785870075,3
2349,0,0.008479489013552666,1
2350,0,0.000841496919747442,2
2351,0,0.03328929841518402,1
2352,0,0.001332756713964045,2
2353,0,0.12636108696460724,2
2354,0,0.0004919712664559484,3
2355,0,0.0004796557768713683,1
2356,0,0.00015612684364896268,2
2357,0,0.0007144864648580551,3
2358,0,0.0019562384113669395,5
2359,0,0.00030213315039873123,1
2360,0,0.00018110025848727673,3
2361,0,0.0021869451738893986,3
2362,0,0.0001351004175376147,5
2363,0,0.0005918928072787821,3
2364,0,0.0042288596741855145,1
2365,0,0.0005742350476793945,4
2366,0,9.717793727759272e-05,2
2367,0,0.0017685460625216365,4
2368,0,0.0001129676602431573,3
2369,0,7.409482350340113e-05,2
2370,0,0.0015129102393984795,3
2371,0,0.0008485305588692427,4
2372,0,0.0002265157672809437,1
2373,0,5.617135684587993e-05,2
2374,0,0.0004565464914776385,5
2375,0,0.0025745988823473454,1
2376,0,0.0015439424896612763,5
2377,0,8.881009853212163e-05,2
2378,0,0.0004916464095003903,1
2379,0,0.0007405910291709006,1
2380,0,0.0007710977806709707,2
2381,0,0.00015703760436736047,3
2382,0,1.4594857930205762e-05,5
2383,0,0.0002252403792226687,1
2384,0,0.0009376566740684211,5
2385,0,0.0008333311416208744,4
2386,0,0.004435072187334299,5
2387,0,0.0017288019880652428,3
2388,0,0.001313601853325963,5
2389,0,0.004400096368044615,1
2390,0,0.0005011362954974174,1
2391,0,2.2609736333834007e-05,4
2392,0,0.0027570794336497784,5
2393,0,3.047484096896369e-05,5
2394,0,0.04552166163921356,1
2395,0,0.0003282038669567555,5
2396,0,0.0029368321411311626,4
2397,0,0.0008273227140307426,1
2398,0,0.002756134606897831,1
2399,0,0.01001052651554346,4
2400,0,0.0002983228478115052,4
2401,0,0.00048253685235977173,3
2402,0,5.49373980902601e-05,4
2403,0,0.5311517715454102,2
2404,0,0.0002597804123070091,1
2405,0,0.0004967097193002701,5
2406,0,0.001606844598427415,2
2407,0,0.0030102392192929983,5
2408,0,0.0004683577863033861,1
2409,0,0.0005547886248677969,4
2410,0,0.0002918899990618229,1
2411,0,0.0027559653390198946,5
2412,0,0.002147091319784522,1
2413,0,0.01588273234665394,1
2414,0,0.003555011237040162,4
2415,0,0.00039360165828838944,3
2416,0,0.0012493202229961753,4
2417,0,0.014607629738748074,2
2418,0,8.131738286465406e-05,4
2419,0,0.01852521114051342,3
2420,0,0.014399928040802479,3
2421,0,0.07431210577487946,5
2422,0,5.082338975626044e-05,3
2423,0,0.0006666889530606568,2
2424,0,0.00037856915150769055,4
2425,0,0.015485674142837524,3
2426,0,0.0017361317295581102,5
2427,0,0.0049760350957512856,1
2428,0,0.0002948168257717043,5
2429,0,0.00012076911662006751,2
2430,0,0.003151556244120002,2
2431,0,0.0001259520067833364,5
2432,0,0.00023412735026795417,2
2433,0,0.0013558915816247463,5
2434,0,0.00599081302061677,1
2435,0,0.0005829408182762563,3
2436,0,0.00038916623452678323,2
2437,0,0.00018958035798277706,5
2438,0,0.0002328517148271203,4
2439,0,0.00013873848365619779,2
2440,0,4.009346594102681e-05,5
2441,0,0.0004199198156129569,4
2442,0,0.00016642981790937483,4
2443,0,0.0022551000583916903,1
2444,0,0.0011157506378367543,1
2445,0,0.039442356675863266,2
2446,0,0.0007047776598483324,1
2447,0,0.0002016791549976915,2
2448,0,0.00012985030480194837,3
2449,0,0.0003112597041763365,4
2450,0,0.0001261597208213061,5
2451,0,0.036599207669496536,5
2452,0,0.00041263579623773694,5
2453,0,0.38789603114128113,4
2454,0,0.3249543607234955,3
2455,0,0.003614982822909951,2
2456,0,0.001295677269808948,5
2457,0,0.0006647031987085938,3
2458,0,1.2940737178723793e-05,1
2459,0,0.00038765365025028586,2
2460,0,0.0021317717619240284,2
2461,0,0.0012660711072385311,1
2462,0,0.0018920322181656957,5
2463,0,3.008670682902448e-05,3
2464,0,0.0025195733178406954,3
2465,0,0.005198674276471138,4
2466,0,0.001310114050284028,4
2467,0,0.0030891059432178736,4
2468,0,0.0020792889408767223,2
2469,0,0.00077396584674716,4
2470,0,9.276910714106634e-05,3
2471,0,0.01859119161963463,1
2472,0,0.021782299503684044,5
2473,0,7.811267278157175e-05,4
2474,0,1.4863719115965068e-05,5
2475,0,0.0001135804268415086,5
2476,0,0.00022130197612568736,5
2477,0,0.006457787938416004,4
2478,0,0.00012043733295286074,4
2479,0,0.0009448553901165724,5
2480,0,0.013338626362383366,1
2481,0,3.017325434484519e-05,5
2482,0,0.0015306670684367418,5
2483,0,0.002684083068743348,5
2484,0,0.0425310842692852,1
2485,0,0.0013297158293426037,1
2486,0,0.0016198271187022328,3
2487,0,0.6565766930580139,1
2488,0,0.0033611387480050325,4
2489,0,0.149047389626503,4
2490,0,0.231830433011055,3
2491,0,7.660529263375793e-06,3
2492,0,0.001300422940403223,2
2493,0,0.01039425190538168,3
2494,0,0.0030703903175890446,2
2495,0,0.1845105141401291,1
2496,0,2.759812559816055e-05,2
2497,0,2.1180847397772595e-05,1
2498,0,4.6244109398685396e-05,3
2499,0,1.750022238411475e-05,4
2500,0,0.027786772698163986,5
2501,0,0.0017476859502494335,3
2502,0,0.0006075617857277393,5
2503,0,0.0010266242315992713,5
2504,0,0.00027312079328112304,2
2505,0,0.0012472751550376415,5
2506,0,0.002299494342878461,5
2507,0,2.9713011826970614e-05,5
2508,0,0.023567670956254005,3
2509,0,0.0010505454847589135,4
2510,0,2.2100637579569593e-05,3
2511,0,0.0005205936613492668,3
2512,0,0.017972445115447044,2
2513,0,0.0009677583584561944,2
2514,0,0.00019140721997246146,2
2515,0,0.00039333966560661793,2
2516,0,0.01436680369079113,2
2517,0,0.00023984666040632874,1
2518,0,0.0011112483916804194,4
2519,0,0.00012724538100883365,3
2520,0,3.28861569869332e-05,5
2521,0,0.0011303449282422662,4
2522,0,6.292141188168898e-05,4
2523,0,4.168998566456139e-05,5
2524,0,0.004008341580629349,4
2525,0,0.012422393076121807,5
2526,0,0.0018551270477473736,3
2527,0,0.02777501940727234,3
2528,0,0.005885469261556864,3
2529,0,8.475832873955369e-05,1
2530,0,0.00041949431761167943,1
2531,0,0.0010500401258468628,2
2532,0,0.000757136382162571,1
2533,0,0.010187947191298008,3
2534,0,0.008841210976243019,2
2535,0,0.002134907292202115,1
2536,0,9.711947495816275e-05,2
2537,0,0.0008909268071874976,2
2538,0,0.00015055807307362556,2
2539,0,0.0013970467261970043,2
2540,0,1.7363159713568166e-05,3
2541,0,0.00038095656782388687,5
2542,0,0.00037762298597954214,5
2543,0,0.0008195138070732355,4
2544,0,0.012313097715377808,2
2545,0,3.144839502056129e-05,4
2546,0,3.022258351847995e-05,4
2547,0,0.002111142734065652,3
2548,0,0.0005411691381596029,3
2549,0,0.007050990127027035,4
2550,0,5.253115523373708e-05,2
2551,0,0.0006985171930864453,3
2552,0,0.004883268848061562,1
2553,0,6.760732503607869e-05,5
2554,0,0.0021096717100590467,1
2555,0,1.1329414519423153e-05,2
2556,0,0.00043271869071759284,2
2557,0,0.002876081271097064,2
2558,0,0.0004556537023745477,3
2559,0,0.006349830888211727,3
2560,0,0.0003279761876910925,5
2561,0,0.00243959273211658,2
2562,0,5.697280357708223e-05,4
2563,0,0.001321914722211659,4
2564,0,0.001106614014133811,4
2565,0,8.588477066950873e-05,1
2566,0,0.015978828072547913,1
2567,0,0.002359817735850811,3
2568,0,0.0005957198445685208,2
2569,0,0.00021984246268402785,5
2570,0,0.0004941810038872063,5
2571,0,0.0007840829784981906,2
2572,0,0.02113332413136959,4
2573,0,0.00860065408051014,4
2574,0,5.4310232371790335e-05,2
2575,0,0.0003869857173413038,5
2576,0,0.00029617446125485003,4
2577,0,0.0002182172902394086,4
2578,0,0.00014083755377214402,4
2579,0,0.00013892924471292645,5
2580,0,0.0004757493152283132,3
2581,0,0.0008642029133625329,1
2582,0,0.03572656959295273,5
2583,0,0.002945012878626585,5
2584,0,0.0003359406837262213,4
2585,0,2.5027329684235156e-05,1
2586,0,0.008233013562858105,4
2587,0,0.025234660133719444,4
2588,0,0.011158325709402561,1
2589,0,7.43497657822445e-05,5
2590,0,0.0004945662221871316,5
2591,0,0.003432581201195717,4
2592,0,0.010864060372114182,1
2593,0,0.00040030054515227675,4
2594,0,0.0023640065919607878,1
2595,0,0.002481837524101138,2
2596,0,0.0006372735369950533,4
2597,0,0.0004894622252322733,3
2598,0,0.003679129295051098,1
2599,0,0.002618243917822838,4
2600,0,0.0002713930734898895,1
2601,0,5.224658889346756e-05,3
2602,0,0.00023067799338605255,1
2603,0,4.568349686451256e-05,5
2604,0,0.03189127892255783,3
2605,0,0.00027872156351804733,1
2606,0,0.0038777587469667196,1
2607,0,0.000665417464915663,1
2608,0,3.301949618617073e-05,1
2609,0,0.04896247759461403,2
2610,0,0.00035657233092933893,4
2611,0,0.000934530165977776,1
2612,0,0.02465008571743965,1
2613,0,0.010519705712795258,1
2614,0,0.015650611370801926,4
2615,0,0.0005940857226960361,2
2616,0,0.00025165590341202915,1
2617,0,0.3093074858188629,1
2618,0,0.009009872563183308,5
2619,0,3.705470226122998e-05,5
2620,0,0.00801229290664196,1
2621,0,0.5947446227073669,4
2622,0,0.0031082534696906805,3
2623,0,0.0010752062080428004,1
2624,0,0.0006753959460183978,1
2625,0,0.0001016276073642075,5
2626,0,0.002043752698227763,1
2627,0,0.0003695943742059171,5
2628,0,0.00012863111624028534,5
2629,0,0.0014265159843489528,1
2630,0,0.0008469638996757567,3
2631,0,5.010385939385742e-05,4
2632,0,8.24708113214001e-05,2
2633,0,0.00046692154137417674,3
2634,0,0.0008141098660416901,4
2635,0,0.003803764469921589,4
2636,0,0.0031422371976077557,1
2637,0,9.448603668715805e-05,1
2638,0,0.00044617243111133575,2
2639,0,0.0002952165377791971,3
2640,0,0.034282419830560684,5
2641,0,0.000749173283111304,1
2642,0,0.0005430339369922876,4
2643,0,0.000657416123431176,4
2644,0,0.03106093779206276,1
2645,0,0.007754653226584196,5
2646,0,0.0036069105844944715,5
2647,0,0.0008298038155771792,2
2648,0,9.92595378193073e-05,4
2649,0,0.0010769140208140016,5
2650,0,0.0005618567229248583,2
2651,0,0.00011495222861412913,2
2652,0,0.0058418214321136475,4
2653,0,0.03332705423235893,3
2654,0,7.428555545629933e-05,4
2655,0,0.0018825129372999072,5
2656,0,9.531161049380898e-05,4
2657,0,0.0015078556025400758,4
2658,0,0.00017832842422649264,5
2659,0,0.0035067542921751738,4
2660,0,0.08330505341291428,3
2661,0,0.00041175642400048673,4
2662,0,0.0003875782713294029,5
2663,0,0.00016143154061865062,5
2664,0,0.0013463726500049233,4
2665,0,0.002333770040422678,1
2666,0,0.00011912191985175014,5
2667,0,0.0013610071036964655,5
2668,0,0.0005145940231159329,1
2669,0,0.006446899380534887,2
2670,0,0.0001762700267136097,1
2671,0,5.3558604122372344e-05,2
2672,0,3.973733328166418e-05,3
2673,0,0.007719161920249462,4
2674,0,0.25083592534065247,1
2675,0,8.50601791171357e-05,3
2676,0,0.0020501434337347746,2
2677,0,0.005817013792693615,1
2678,0,0.03602421656250954,3
2679,0,0.000493489031214267,1
2680,0,0.00018241704674437642,2
2681,0,0.040557898581027985,2
2682,0,8.875543244357686e-06,3
2683,0,0.00015450798673555255,3
2684,0,0.0005550367059186101,5
2685,0,7.532341442129109e-06,5
2686,0,0.0006333360797725618,4
2687,0,0.0008353433222509921,1
2688,0,0.02488301694393158,1
2689,0,4.4094686018070206e-05,5
2690,0,0.00038635171949863434,5
2691,0,0.0010295332176610827,1
2692,0,2.357792436669115e-05,3
2693,0,0.006756179966032505,4
2694,0,0.00014272864791564643,4
2695,0,0.00030399332172237337,1
2696,0,0.41925734281539917,3
2697,0,0.026297513395547867,4
2698,0,0.00031485341605730355,2
2699,0,5.154327300260775e-05,3
2700,0,0.0018689576536417007,3
2701,0,0.0019889522809535265,2
2702,0,0.00042895038495771587,1
2703,0,2.4768709408817813e-05,2
2704,0,0.01982860639691353,2
2705,0,0.0003059524460695684,4
2706,0,0.0003703226975630969,2
2707,0,0.00012800538388546556,5
2708,0,0.012156116776168346,4
2709,0,0.010926119051873684,4
2710,0,0.00016908235556911677,2
2711,0,0.00028840123559348285,2
2712,0,0.01462686900049448,1
2713,0,0.03002806007862091,3
2714,0,0.0009226842084899545,3
2715,0,5.4932421335252e-05,3
2716,0,0.00032163489959202707,4
2717,0,0.004303131252527237,1
2718,0,6.689126894343644e-05,2
2719,0,0.0006883337628096342,1
2720,0,7.700925198150799e-05,4
2721,0,0.0002573197998572141,3
2722,0,0.00021832133643329144,2
2723,0,0.00041493645403534174,4
2724,0,0.0037354608066380024,4
2725,0,0.005357316695153713,4
2726,0,0.008381646126508713,1
2727,0,6.922573084011674e-05,4
2728,0,2.7867172320839018e-05,2
2729,0,0.0011363362427800894,4
2730,0,1.9123737729387358e-05,5
2731,0,0.0017033913172781467,4
2732,0,0.0004208978789392859,3
2733,0,0.0009400518611073494,3
2734,0,0.0016262432327494025,2
2735,0,0.0031224682461470366,2
2736,0,0.0006532534607686102,4
2737,0,0.0028219176456332207,4
2738,0,0.0016474842559546232,4
2739,0,0.0003455955011304468,5
2740,0,0.014669345691800117,5
2741,0,0.00601180549710989,5
2742,0,0.00045182392932474613,3
2743,0,0.0348612517118454,1
2744,0,7.214610377559438e-05,5
2745,0,0.07579900324344635,1
2746,0,0.0008550549391657114,4
2747,0,0.005694029852747917,5
2748,0,0.0037137307226657867,1
2749,0,0.004043373744934797,1
2750,0,0.0009912942769005895,4
2751,0,0.00176438654307276,5
2752,0,0.0004815000866074115,1
2753,0,0.001933442079462111,4
2754,0,0.0045112124644219875,1
2755,0,0.00010819493036251515,5
2756,0,0.0005605942569673061,4
2757,0,0.00011275683937128633,2
2758,0,0.0013962839730083942,1
2759,0,0.0015411180211231112,5
2760,0,0.002563193440437317,3
2761,0,0.00013799923181068152,4
2762,0,7.5229872891213745e-06,5
2763,0,0.00015548549708910286,3
2764,0,0.0005803483072668314,4
2765,0,0.012006648816168308,1
2766,0,0.002377424854785204,1
2767,0,0.001546646235510707,1
2768,0,0.0009956496069207788,1
2769,0,0.00015315675409510732,5
2770,0,6.898792889842298e-06,3
2771,0,0.0002974214730784297,2
2772,0,0.000219985464354977,2
2773,0,0.00013196771033108234,2
2774,0,0.0002479985123500228,5
2775,0,0.0016316692344844341,3
2776,0,0.0006836316897533834,2
2777,0,0.0006694464827887714,5
2778,0,0.0015189050463959575,4
2779,0,0.28605708479881287,1
2780,0,3.893534449161962e-05,1
2781,0,0.003972635604441166,3
2782,0,0.00045371497981250286,2
2783,0,0.00163982470985502,1
2784,0,0.00046565383672714233,5
2785,0,0.0013120714575052261,3
2786,0,0.5001667737960815,1
2787,0,0.00020298134768381715,3
2788,0,0.0005633780383504927,4
2789,0,0.005245607811957598,2
2790,0,0.0008332799188792706,2
2791,0,0.00012501643504947424,2
2792,0,0.0007068588165566325,4
2793,0,0.0009212229633703828,1
2794,0,0.0003383806615602225,5
2795,0,5.086242163088173e-05,5
2796,0,0.00011348321277182549,4
2797,0,0.0041910805739462376,1
2798,0,0.03720027953386307,3
2799,0,0.0006204374367371202,5
2800,0,0.0008370967116206884,1
2801,0,0.003161149099469185,5
2802,0,0.0006434282986447215,2
2803,0,0.0006864722818136215,4
2804,0,0.014308447018265724,4
2805,0,0.001646063756197691,5
2806,0,9.817829413805157e-05,5
2807,0,0.0005041405675001442,2
2808,0,5.110780693939887e-05,5
2809,0,0.0001896566536743194,2
2810,0,0.008455999195575714,2
2811,0,0.0003403029404580593,1
2812,0,0.03281589597463608,3
2813,0,0.00046780495904386044,4
2814,0,0.00208877120167017,2
2815,0,0.0013030003756284714,3
2816,0,0.00021549567463807762,1
2817,0,0.00022437699954025447,3
2818,0,0.00020165398018434644,2
2819,0,0.0004941004444845021,4
2820,0,0.020184563472867012,1
2821,0,0.00029652705416083336,2
2822,0,0.00012036534462822601,2
2823,0,0.0003864568716380745,4
2824,0,5.180597509024665e-05,5
2825,0,0.0006165278027765453,2
2826,0,0.00293821026571095,1
2827,0,0.00012406602036207914,5
2828,0,0.0031703568529337645,3
2829,0,0.0007532566669397056,3
2830,0,0.0013548266142606735,3
2831,0,0.005731197074055672,3
2832,0,4.258671106072143e-05,1
2833,0,7.273209484992549e-05,5
2834,0,0.00041953808977268636,2
2835,0,0.00039688023389317095,3
2836,0,0.00013594244956038892,4
2837,0,0.001654509105719626,1
2838,0,7.491563155781478e-05,5
2839,0,0.0005237584700807929,3
2840,0,0.37363314628601074,1
2841,0,0.00915550533682108,1
2842,0,0.00027917552506551147,5
2843,0,0.004158105235546827,1
2844,0,0.0003063756739720702,3
2845,0,0.00012659607455134392,2
2846,0,1.6344361938536167e-05,2
2847,0,0.0014384359819814563,1
2848,0,0.1849435418844223,5
2849,0,0.00025450557586736977,5
2850,0,0.0035558901727199554,1
2851,0,2.8839867809438147e-05,2
2852,0,0.001256926218047738,5
2853,0,0.00956068653613329,3
2854,0,0.01726115308701992,2
2855,0,0.006459776312112808,2
2856,0,0.0010167636210098863,3
2857,0,0.004392774309962988,1
2858,0,0.02537301555275917,3
2859,0,0.00014651817036792636,5
2860,0,0.0007959543727338314,3
2861,0,4.8902624257607386e-05,5
2862,0,0.052212875336408615,1
2863,0,0.00020744431822095066,5
2864,0,0.0007425174117088318,5
2865,0,0.04283495992422104,2
2866,0,0.02745920792222023,1
2867,0,0.00027795808273367584,4
2868,0,0.0016569880535826087,5
2869,0,0.001236715237610042,2
2870,0,4.470600470085628e-05,5
2871,0,0.0035822356585413218,3
2872,0,0.00033225820516236126,1
2873,0,0.033031076192855835,1
2874,0,0.000637995486613363,1
2875,0,0.20541898906230927,1
2876,0,0.0037697898223996162,2
2877,0,0.11261065304279327,5
2878,0,0.00535937724635005,5
2879,0,0.0012709104921668768,1
2880,0,9.719665831653401e-05,5
2881,0,0.0028563791420310736,3
2882,0,0.0030303350649774075,1
2883,0,0.009283640421926975,1
2884,0,0.0002901531115639955,2
2885,0,0.006395128555595875,5
2886,0,0.0005446092109195888,1
2887,0,0.00018458311387803406,3
2888,0,0.0001468388654757291,5
2889,0,0.007805549073964357,3
2890,0,0.00016910185513552278,5
2891,0,0.0012411109637469053,1
2892,0,0.0006157878669910133,4
2893,0,6.461216253228486e-05,3
2894,0,0.0010782275348901749,1
2895,0,0.14695709943771362,1
2896,0,0.0010769299697130919,3
2897,0,9.765529284777585e-06,5
2898,0,0.005024138372391462,4
2899,0,0.9216822385787964,5
2900,0,0.0007476815953850746,5
2901,0,0.00010315483814338222,5
2902,0,0.00043438529246486723,1
2903,0,0.03946809843182564,5
2904,0,0.034207362681627274,1
2905,0,0.0003020677831955254,2
2906,0,0.02358994632959366,3
2907,0,0.22562836110591888,3
2908,0,0.0005109061603434384,4
2909,0,0.00109090527985245,1
2910,0,0.00013268858310766518,5
2911,0,0.0004992001922801137,4
2912,0,0.0018119289306923747,3
2913,0,5.375699038268067e-05,2
2914,0,0.03391465172171593,5
2915,0,0.0002840991655830294,4
2916,0,0.0024107242934405804,4
2917,0,0.00013512928853742778,2
2918,0,0.0004599775711540133,2
2919,0,0.0015409464249387383,1
2920,0,0.0005380558432079852,3
2921,0,9.030553337652236e-05,5
2922,0,0.048744361847639084,5
2923,0,0.0010242999996989965,3
2924,0,0.0028929091058671474,2
2925,0,0.001176179968751967,1
2926,0,0.00012834662629757077,2
2927,0,0.008301382884383202,5
2928,0,0.0033016798552125692,4
2929,0,0.00018091057427227497,1
2930,0,0.00965391006320715,3
2931,0,0.006885899696499109,5
2932,0,0.0018436287064105272,1
2933,0,0.005116223357617855,3
2934,0,3.194824603269808e-05,4
2935,0,0.1482805758714676,3
2936,0,0.010362927801907063,1
2937,0,0.00022679952962789685,5
2938,0,0.00010049987031379715,5
2939,0,0.0017011127201840281,1
2940,0,0.0014855447225272655,2
2941,0,5.893483103136532e-05,2
2942,0,0.00010667403694242239,2
2943,0,5.5767217418178916e-05,1
2944,0,0.00606456259265542,1
2945,0,0.0027508107014000416,1
2946,0,0.0001239200064446777,5
2947,0,3.87649197364226e-05,5
2948,0,0.018345024436712265,5
2949,0,5.1653980335686356e-05,5
2950,0,0.18583661317825317,1
2951,0,0.00016631178732495755,3
2952,0,0.00011454780906205997,5
2953,0,0.005429988726973534,4
2954,0,0.00040582806104794145,1
2955,0,0.00013554740871768445,1
2956,0,0.020556172356009483,2
2957,0,0.006728796288371086,1
2958,0,0.0002691525442060083,4
2959,0,8.288994285976514e-05,5
2960,0,0.0019463134231045842,5
2961,0,0.03539649769663811,4
2962,0,6.175651651574299e-05,2
2963,0,0.005048835650086403,5
2964,0,0.021189207211136818,2
2965,0,0.0007114103063941002,4
2966,0,0.017493855208158493,3
2967,0,7.453333819285035e-05,3
2968,0,0.001226183376275003,2
2969,0,0.006476225331425667,2
2970,0,0.03778998553752899,5
2971,0,1.8263892343384214e-05,4
2972,0,0.0029531000182032585,2
2973,0,0.0010332015808671713,2
2974,0,0.002397916978225112,1
2975,0,0.004015431273728609,1
2976,0,0.000625674903858453,4
2977,0,0.00019353842071723193,4
2978,0,0.026961835101246834,1
2979,0,0.008398340083658695,3
2980,0,0.00025960858329199255,5
2981,0,3.2051088055595756e-05,5
2982,0,0.006896564736962318,1
2983,0,1.3926333849667571e-05,5
2984,0,0.0002639002341311425,5
2985,0,0.008126464672386646,4
2986,0,0.0005867430591024458,1
2987,0,0.014652008190751076,1
2988,0,0.002320057712495327,1
2989,0,0.004667594097554684,5
2990,0,0.00047317094868049026,5
2991,0,0.0187753364443779,2
2992,0,0.007806830573827028,3
2993,0,0.005894845351576805,4
2994,0,0.00012465692998375744,5
2995,0,0.0005690747057087719,3
2996,0,2.8591219233931042e-05,1
2997,0,0.0004349898372311145,4
2998,0,0.008691378869116306,4
2999,0,9.509481606073678e-05,4
3000,0,0.000285293732304126,3
3001,0,0.0005599635769613087,2
3002,0,0.000299594335956499,1
3003,0,0.00048246970982290804,2
3004,0,0.00018500846636015922,1
3005,0,0.0002668460365384817,2
3006,0,0.018480394035577774,4
3007,0,0.001414404483512044,2
3008,0,0.0009186477400362492,3
3009,0,0.0004940738435834646,3
3010,0,0.00199502008035779,1
3011,0,0.001763371517881751,3
3012,0,3.2262254535453394e-05,3
3013,0,0.0006923648761585355,2
3014,0,0.00034722694545052946,4
3015,0,0.00032483760151080787,4
3016,0,0.0006645473185926676,1
3017,0,0.00046264592674560845,4
3018,0,0.0017562595894560218,3
3019,0,0.001135690719820559,3
3020,0,0.04861223325133324,2
3021,0,0.0009550469112582505,1
3022,0,0.0007733514066785574,3
3023,0,2.9837268812116235e-05,5
3024,0,0.00033096515107899904,4
3025,0,0.0003895392292179167,5
3026,0,0.0021015130914747715,3
3027,0,0.0008720579789951444,1
3028,0,0.0007310099899768829,2
3029,0,2.7012672944692895e-05,2
3030,0,0.00031547571416012943,3
3031,0,9.414643864147365e-05,3
3032,0,0.0031514931470155716,4
3033,0,0.0031296766828745604,3
3034,0,0.00010115010081790388,3
3035,0,3.216158802388236e-05,2
3036,0,0.00011838372302008793,3
3037,0,0.004085438326001167,3
3038,0,0.00018455178360454738,4
3039,0,0.00017948192544281483,4
3040,0,0.005084075499325991,2
3041,0,0.007343935314565897,5
3042,0,0.0009196137543767691,4
3043,0,0.0001192353229271248,4
3044,0,0.00021373892377596349,2
3045,0,4.554621773422696e-05,4
3046,0,0.0003318659437354654,2
3047,0,0.0021638309117406607,2
3048,0,0.005228667985647917,1
3049,0,0.001005515456199646,1
3050,0,0.009478761814534664,5
3051,0,0.0007445428054779768,4
3052,0,0.06564444303512573,4
3053,0,6.599100743187591e-05,3
3054,0,0.0008386092958971858,5
3055,0,0.0011363887460902333,1
3056,0,0.026171060279011726,1
3057,0,0.00010632590419845656,4
3058,0,0.0003756265214178711,1
3059,0,6.377655154210515e-06,5
3060,0,9.623465302865952e-05,2
3061,0,0.1458929032087326,5
3062,0,0.0013443994102999568,1
3063,0,0.0006798927788622677,4
3064,0,0.002607028465718031,3
3065,0,0.0010564860422164202,2
3066,0,0.0007333303219638765,3
3067,0,0.0013262932188808918,3
3068,0,0.00025828994694165885,4
3069,0,0.021241357550024986,2
3070,0,0.0030004235450178385,2
3071,0,0.007096277084201574,3
3072,0,0.020455097779631615,4
3073,0,0.0010774851543828845,4
3074,0,0.0008560262504033744,1
3075,0,0.002279151463881135,1
3076,0,4.0959679608931765e-05,4
3077,0,0.0008997271070256829,1
3078,0,0.0014002862153574824,5
3079,0,0.007989585399627686,3
3080,0,0.00035018043126910925,1
3081,0,0.03891024366021156,1
3082,0,0.010011883452534676,3
3083,0,0.0038375824224203825,1
3084,0,0.01024575810879469,1
3085,0,0.011359662748873234,3
3086,0,0.0018040480790659785,1
3087,0,0.6144015192985535,3
3088,0,0.004223748575896025,4
3089,0,0.00492017762735486,5
3090,0,0.00019560492364689708,1
3091,0,0.000306999048916623,1
3092,0,7.98883120296523e-05,2
3093,0,0.00044872003491036594,3
3094,0,0.002658003708347678,3
3095,0,0.004543471150100231,1
3096,0,1.8227387045044452e-05,2
3097,0,0.00029480221564881504,2
3098,0,0.00018175417790189385,3
3099,0,0.0025772033259272575,2
3100,0,0.013716260902583599,2
3101,0,0.006630560848861933,3
3102,0,0.0015432062791660428,3
3103,0,0.09596531838178635,5
3104,0,0.0005258255987428129,3
3105,0,0.0013171453028917313,1
3106,0,5.3035364544484764e-05,2
3107,0,0.0006871713558211923,5
3108,0,7.007394742686301e-05,2
3109,0,0.0007139133522287011,5
3110,0,7.921105134300888e-05,1
3111,0,0.0034918729215860367,1
3112,0,0.00022127731062937528,1
3113,0,8.8707689428702e-05,5
3114,0,6.735321221640334e-05,5
3115,0,0.22099542617797852,3
3116,0,3.673939863801934e-05,3
3117,0,5.2357412641867995e-05,2
3118,0,0.0014995057135820389,2
3119,0,0.0021004085429012775,1
3120,0,0.0001548498694319278,1
3121,0,0.0011398965725675225,4
3122,0,0.0013759289868175983,1
3123,0,5.967750621493906e-05,2
3124,0,0.01075664535164833,3
3125,0,0.0016407500952482224,3
3126,0,0.007070413324981928,5
3127,0,0.10836003720760345,3
3128,0,0.005329692270606756,1
3129,0,0.013096138834953308,1
3130,0,0.00013136558118276298,2
3131,0,0.00508233904838562,1
3132,0,0.0037060482427477837,1
3133,0,0.00038521253736689687,1
3134,0,0.013935362920165062,1
3135,0,0.029393119737505913,5
3136,0,4.837995584239252e-05,5
3137,0,2.8399617804097943e-06,5
3138,0,1.792224429664202e-05,2
3139,0,3.1984147881303215e-06,3
3140,0,0.003787536872550845,4
3141,0,0.00136098254006356,4
3142,0,0.0004933949676342309,4
3143,0,0.0002832099562510848,4
3144,0,0.0037785442546010017,5
3145,0,0.00022577620984520763,2
3146,0,0.033385369926691055,1
3147,0,0.0011432970641180873,2
3148,0,0.00028661132091656327,4
3149,0,0.0011980484705418348,3
3150,0,0.012259237468242645,1
3151,0,0.010619820095598698,4
3152,0,0.00043478485895320773,5
3153,0,0.00024018602562136948,4
3154,0,0.0002862325927708298,2
3155,0,0.0025214252527803183,1
3156,0,0.0017365689855068922,2
3157,0,0.00014046217256691307,1
3158,0,0.001350727747194469,2
3159,0,0.0006562996422871947,4
3160,0,0.0031338182743638754,1
3161,0,0.0011952354107052088,3
3162,0,0.001386864809319377,2
3163,0,0.0006406127358786762,2
3164,0,0.0025182277895510197,3
3165,0,0.0003978776512667537,5
3166,0,0.0014519360847771168,1
3167,0,0.00011751891724998131,5
3168,0,0.00021566668874584138,1
3169,0,0.2825533449649811,4
3170,0,0.001253797672688961,3
3171,0,0.0002237284352304414,5
3172,0,0.012194224633276463,1
3173,0,0.008672681637108326,4
3174,0,0.01857016235589981,4
3175,0,0.00010684577864594758,2
3176,0,0.0010543278185650706,1
3177,0,0.00342562492005527,1
3178,0,0.0010334186954423785,2
3179,0,0.1353529542684555,2
3180,0,0.008714761584997177,1
3181,0,0.0007449239492416382,1
3182,0,0.08294054120779037,1
3183,0,0.0009839741978794336,2
3184,0,5.721683191950433e-05,4
3185,0,0.00024032026703935117,4
3186,0,1.3167556971893646e-05,5
3187,0,1.719366991892457e-05,5
3188,0,0.0004157679504714906,3
3189,0,0.002855113707482815,1
3190,0,0.016579551622271538,1
3191,0,7.635472138645127e-05,5
3192,0,0.0022842870093882084,2
3193,0,0.0009480060543864965,4
3194,0,0.00025986068067140877,5
3195,0,0.0007751040393486619,2
3196,0,0.0011992193758487701,4
3197,0,0.0005485733272507787,4
3198,0,0.031082725152373314,3
3199,0,0.00038893273449502885,1
3200,0,0.0025614763144403696,4
3201,0,0.007289443165063858,5
3202,0,4.122536847717129e-05,4
3203,0,0.0002012344921240583,2
3204,0,0.08320107311010361,3
3205,0,0.03535366430878639,1
3206,0,0.00015390703629236668,1
3207,0,0.0017285821959376335,1
3208,0,0.00254263449460268,1
3209,0,0.0003038611903320998,3
3210,0,0.0025797211565077305,1
3211,0,0.001560322241857648,3
3212,0,1.676095234870445e-05,1
3213,0,0.0005581303266808391,4
3214,0,0.006100744940340519,3
3215,0,0.0012204046361148357,2
3216,0,0.0008874369668774307,4
3217,0,5.661734758177772e-05,5
3218,0,0.00024563094484619796,5
3219,0,0.00044595214421860874,5
3220,0,0.005529330112040043,4
3221,0,4.843973874812946e-05,5
3222,0,0.00013424978533294052,5
3223,0,0.001901394221931696,4
3224,0,0.38148853182792664,3
3225,0,0.0008940489497035742,2
3226,0,0.000912919407710433,4
3227,0,0.0025458424352109432,1
3228,0,0.0012502755271270871,5
3229,0,0.00023652879463043064,2
3230,0,0.0020924031268805265,1
3231,0,0.0003857873089145869,4
3232,0,0.00030852743657305837,4
3233,0,4.4094223994761705e-05,4
3234,0,0.008533402346074581,2
3235,0,6.75361297908239e-05,5
3236,0,0.0006167164538055658,5
3237,0,0.00010769242362584919,2
3238,0,3.6860576074104756e-05,1
3239,0,0.0002045989822363481,2
3240,0,0.003505088621750474,1
3241,0,0.00025087635731324553,5
3242,0,0.0030986906494945288,3
3243,0,0.07137329876422882,3
3244,0,0.002712533576413989,4
3245,0,0.024788400158286095,3
3246,0,0.005461750086396933,3
3247,0,0.006240472663193941,2
3248,0,0.0006577831227332354,4
3249,0,0.0005337159964255989,2
3250,0,0.0006403984734788537,3
3251,0,4.452944722288521e-06,3
3252,0,0.004049136769026518,3
3253,0,0.00455706100910902,3
3254,0,0.00047137969522736967,3
3255,0,0.00236565456725657,3
3256,0,0.004230952356010675,1
3257,0,0.0002309176343260333,2
3258,0,0.0016949300188571215,4
3259,0,0.002142149256542325,5
3260,0,0.6601963639259338,3
3261,0,0.007015823386609554,4
3262,0,0.0002860429813154042,3
3263,0,0.00016260534175671637,1
3264,0,5.925943696638569e-05,5
3265,0,0.0003347349411342293,1
3266,0,0.19560080766677856,5
3267,0,0.00016493312432430685,2
3268,0,0.0393420085310936,3
3269,0,0.0004271097423043102,3
3270,0,0.003893019398674369,1
3271,0,0.00016814342234283686,1
3272,0,7.125717093003914e-05,1
3273,0,0.0016524797538295388,1
3274,0,2.9881686714361422e-05,3
3275,0,0.0001796692522475496,1
3276,0,1.5366735169664025e-05,5
3277,0,0.0005335402674973011,3
3278,0,0.0002185787889175117,4
3279,0,0.0010494720190763474,2
3280,0,0.0003942862676922232,2
3281,0,1.1612801245064475e-05,1
3282,0,0.0003414935781620443,1
3283,0,0.0006075131241232157,4
3284,0,0.0037127058021724224,1
3285,0,4.335015910328366e-05,2
3286,0,0.028497500345110893,1
3287,0,0.002002369612455368,3
3288,0,0.008251446299254894,1
3289,0,0.0008595076506026089,3
3290,0,0.0004526590055320412,1
3291,0,0.0010999097721651196,1
3292,0,7.794539851602167e-05,5
3293,0,0.0005516472738236189,2
3294,0,0.00011190302757313475,4
3295,0,0.0004769868974108249,4
3296,0,0.00031903869239613414,4
3297,0,0.00017712151748128235,1
3298,0,0.0004918137565255165,1
3299,0,0.00012014334788545966,5
3300,0,0.0011667796643450856,1
3301,0,8.543264993932098e-05,2
3302,0,0.029789717867970467,4
3303,0,0.0007159996894188225,3
3304,0,0.011009467765688896,1
3305,0,0.07265355437994003,1
3306,0,0.0003521460748743266,2
3307,0,0.0002630569215398282,2
3308,0,0.0011814095778390765,3
3309,0,0.0002385162515565753,2
3310,0,0.0021859321277588606,5
3311,0,0.0008423312683589756,4
3312,0,0.003953294362872839,3
3313,0,8.630593947600573e-05,4
3314,0,0.004031430464237928,3
3315,0,0.00225820392370224,1
3316,0,0.0034196297638118267,3
3317,0,5.893679917789996e-05,2
3318,0,0.003460848703980446,1
3319,0,0.0005262287450022995,4
3320,0,0.0002488459867890924,4
3321,0,0.00013901964121032506,2
3322,0,0.0001859248586697504,4
3323,0,1.4283228665590286e-05,5
3324,0,2.207679699495202e-06,4
3325,0,0.008706584572792053,5
3326,0,0.0024659845512360334,1
3327,0,0.1326184868812561,1
3328,0,0.0004893027362413704,1
3329,0,0.0020441922824829817,3
3330,0,4.205571167403832e-05,2
3331,0,0.004511191044002771,5
3332,0,4.6063567424425855e-05,5
3333,0,0.007394598796963692,3
3334,0,0.00010284671589033678,2
3335,0,0.0005028999294154346,1
3336,0,0.0003969823883380741,1
3337,0,3.659055073512718e-05,1
3338,0,0.0007049113046377897,5
3339,0,0.000637925521004945,1
3340,0,5.855562994838692e-05,3
3341,0,0.0002006943104788661,5
3342,0,0.00025599278160370886,1
3343,0,5.825309199281037e-05,4
3344,0,0.007986268028616905,2
3345,0,0.004575442988425493,1
3346,0,0.047306858003139496,3
3347,0,0.00010348172509111464,2
3348,0,0.0001808024535421282,5
3349,0,0.0015084128826856613,1
3350,0,2.5049797841347754e-05,3
3351,0,0.000657664320897311,4
3352,0,0.0005054917419329286,5
3353,0,0.00042114692041650414,5
3354,0,0.01854182593524456,1
3355,0,0.003605783451348543,4
3356,0,0.14801447093486786,3
3357,0,0.000677195203024894,3
3358,0,0.0032312143594026566,1
3359,0,0.0004392709524836391,5
3360,0,0.05960376560688019,4
3361,0,0.0008654843550175428,4
3362,0,6.255765038076788e-05,3
3363,0,7.347150676650926e-05,5
3364,0,0.034691158682107925,2
3365,0,0.0005016003269702196,3
3366,0,1.5292498574126512e-05,5
3367,0,0.0021512573584914207,5
3368,0,0.00016953163139987737,2
3369,0,0.00018699710199143738,2
3370,0,0.0008622630266472697,4
3371,0,0.005983919370919466,4
3372,0,0.00040019789594225585,3
3373,0,6.683554238406941e-05,5
3374,0,0.00034657493233680725,1
3375,0,0.00035714643308892846,4
3376,0,4.6241246309364215e-05,4
3377,0,0.008876337669789791,1
3378,0,9.27071159821935e-05,2
3379,0,0.004690013360232115,5
3380,0,0.0005908931489102542,2
3381,0,0.015797892585396767,2
3382,0,0.036102473735809326,3
3383,0,3.648058918770403e-05,3
3384,0,1.85233038791921e-05,2
3385,0,0.00038762815529480577,1
3386,0,0.01820993237197399,3
3387,0,9.52342088567093e-05,4
3388,0,0.0006136736483313143,1
3389,0,9.070356463780627e-05,2
3390,0,0.002519969828426838,3
3391,0,0.04424765706062317,2
3392,0,0.00025623818510212004,4
3393,0,0.0003114072314929217,3
3394,0,3.9800594095140696e-05,2
3395,0,4.491599611355923e-05,3
3396,0,0.005982076749205589,1
3397,0,2.7581947506405413e-05,5
3398,0,0.00010168121661990881,5
3399,0,0.04831993952393532,4
3400,0,0.0001338260917691514,4
3401,0,0.0006587671232409775,1
3402,0,0.0001271523506147787,3
3403,0,0.0003966352960560471,5
3404,0,3.834244125755504e-05,3
3405,0,0.0005028618033975363,5
3406,0,0.14737944304943085,4
3407,0,6.065834531909786e-05,3
3408,0,3.756634396268055e-05,1
3409,0,1.0053488949779421e-05,5
3410,0,0.00038669680361635983,5
3411,0,0.0008121394785121083,3
3412,0,0.0011559701524674892,3
3413,0,0.0003138784959446639,2
3414,0,0.00026132931816391647,3
3415,0,0.0001194225114886649,4
3416,0,0.0003778370446525514,3
3417,0,0.04317539185285568,4
3418,0,0.003845436265692115,4
3419,0,0.00013756776752416044,4
3420,0,0.0006002726149745286,2
3421,0,0.07319089770317078,1
3422,0,0.00019437748414929956,5
3423,0,5.6243025028379634e-05,2
3424,0,0.0012827329337596893,1
3425,0,0.00022796982375439256,3
3426,0,5.645091732731089e-05,3
3427,0,0.0001885272649815306,2
3428,0,0.03764735534787178,2
3429,0,0.05550001561641693,1
3430,0,0.0001457306498195976,1
3431,0,0.0023945155553519726,3
3432,0,7.765390910208225e-05,3
3433,0,0.008335443213582039,2
3434,0,0.007732450030744076,4
3435,0,0.00048218006850220263,4
3436,0,5.218748265178874e-05,3
3437,0,0.00017286140064243227,5
3438,0,2.179129296564497e-05,4
3439,0,0.0010910705896094441,2
3440,0,0.0009574846480973065,2
3441,0,7.819689199095592e-05,1
3442,0,0.40869614481925964,2
3443,0,0.008032473735511303,2
3444,0,0.0009682817035354674,1
3445,0,6.611308344872668e-05,1
3446,0,0.00026962641277350485,4
3447,0,0.0011025486746802926,3
3448,0,0.00032865788671188056,2
3449,0,0.0008772467263042927,3
3450,0,0.0013843608321622014,5
3451,0,0.24025580286979675,5
3452,0,0.000766741344705224,1
3453,0,0.0010309892240911722,4
3454,0,0.0001500315556768328,2
3455,0,0.16122515499591827,4
3456,0,0.0024689717683941126,4
3457,0,0.00024476618273183703,1
3458,0,0.004856732673943043,4
3459,0,6.956733705010265e-05,3
3460,0,0.0007616258808411658,3
3461,0,1.4766628737561405e-05,4
3462,0,0.0017572506330907345,2
3463,0,0.005960427224636078,2
3464,0,0.16384272277355194,2
3465,0,0.00010161384125240147,2
3466,0,0.0036037827376276255,3
3467,0,0.0010951567674055696,4
3468,0,0.14181362092494965,1
3469,0,0.0011041105026379228,3
3470,0,0.00011212253593839705,4
3471,0,0.03474792093038559,1
3472,0,0.00012008769408566877,2
3473,0,0.0021221055649220943,1
3474,0,0.00029406562680378556,1
3475,0,0.0015125854406505823,3
3476,0,0.02296774834394455,2
3477,0,0.009804848581552505,1
3478,0,0.009049635380506516,4
3479,0,2.8943353754584678e-05,5
3480,0,4.8079207772389054e-05,3
3481,0,9.712828614283353e-05,5
3482,0,0.0014729552203789353,3
3483,0,0.011283151805400848,1
3484,0,0.001128972857259214,1
3485,0,0.0005540353595279157,1
3486,0,0.004962294362485409,3
3487,0,0.01213439367711544,3
3488,0,0.0009421167196705937,4
3489,0,0.00032253089011646807,2
3490,0,0.004199235700070858,2
3491,0,3.524304338498041e-05,3
3492,0,0.001341052702628076,1
3493,0,3.848384221782908e-05,5
3494,0,0.002555061597377062,1
3495,0,0.00025044570793397725,3
3496,0,0.00010208701860392466,3
3497,0,0.0001835534058045596,3
3498,0,0.00031849107472226024,5
3499,0,0.0014447818975895643,1
3500,0,0.0005907858721911907,1
3501,0,0.0006068658549338579,2
3502,0,0.001444613328203559,2
3503,0,0.00012212881119921803,3
3504,0,0.000325559958582744,3
3505,0,0.010869365185499191,1
3506,0,0.039780084043741226,4
3507,0,0.0006667712004855275,2
3508,0,0.00023537359084002674,3
3509,0,0.00015310330491047353,5
3510,0,0.0001662211143411696,2
3511,0,4.5106451580068097e-05,3
3512,0,0.00015788110613357276,1
3513,0,3.125727744190954e-05,4
3514,0,0.00013054143346380442,4
3515,0,2.163776480301749e-05,3
3516,0,0.000233940125326626,2
3517,0,0.0012464836472645402,4
3518,0,0.0009984675562009215,5
3519,0,7.477075268980116e-05,4
3520,0,0.004026321694254875,4
3521,0,0.00011899793753400445,2
3522,0,0.011628959327936172,4
3523,0,0.0006810932536609471,2
3524,0,0.010592934675514698,4
3525,0,0.035308580845594406,5
3526,0,0.12713046371936798,1
3527,0,6.108522939030081e-05,4
3528,0,0.006749703083187342,3
3529,0,0.00016964304086286575,4
3530,0,0.05147508159279823,1
3531,0,1.0496746654098388e-05,3
3532,0,0.0008296247106045485,3
3533,0,2.044500615738798e-05,4
3534,0,0.00014499339158646762,5
3535,0,0.03703361377120018,4
3536,0,0.26668399572372437,3
3537,0,8.340786007465795e-05,5
3538,0,0.0008636251441203058,4
3539,0,0.00022499226906802505,1
3540,0,0.002440896350890398,4
3541,0,0.000858918996527791,2
3542,0,0.030833614990115166,4
3543,0,0.0016798897413536906,1
3544,0,0.02610943280160427,4
3545,0,1.589675957802683e-05,5
3546,0,0.023000391200184822,1
3547,0,0.24292689561843872,1
3548,0,0.004513011313974857,4
3549,0,0.00043550037662498653,3
3550,0,0.0009550392278470099,2
3551,0,6.918045983184129e-05,2
3552,0,0.0027834412176162004,3
3553,0,0.0012900813017040491,5
3554,0,0.05242821201682091,4
3555,0,0.0030991120729595423,3
3556,0,0.002629739698022604,2
3557,0,7.61392802814953e-05,4
3558,0,0.7319822907447815,1
3559,0,0.00015976530266925693,2
3560,0,0.00044288733624853194,5
3561,0,0.0006291784811764956,4
3562,0,0.0025905075017362833,3
3563,0,0.00798584520816803,2
3564,0,1.033265289152041e-05,1
3565,0,0.000223266237298958,5
3566,0,7.086498044373002e-06,5
3567,0,0.02364274486899376,2
3568,0,0.0036608376540243626,1
3569,0,8.759934280533344e-05,5
3570,0,0.0029523714911192656,2
3571,0,3.509503585519269e-05,5
3572,0,0.0009265957633033395,5
3573,0,1.76973899215227e-05,3
3574,0,0.0010086121037602425,3
3575,0,0.011300827376544476,5
3576,0,0.0006824574084021151,3
3577,0,3.920530161849456e-06,5
3578,0,0.014624971896409988,1
3579,0,0.04594530165195465,4
3580,0,0.008042700588703156,1
3581,0,9.920597221935168e-05,4
3582,0,0.0007603958947584033,3
3583,0,0.051207661628723145,4
3584,0,0.0016751016955822706,5
3585,0,0.003286784514784813,3
3586,0,0.014400569722056389,3
3587,0,0.022947827354073524,3
3588,0,0.009609733708202839,3
3589,0,0.0009525410714559257,5
3590,0,3.584215301088989e-05,1
3591,0,0.0005216668942011893,2
3592,0,4.040789463033434e-06,3
3593,0,2.0407858755788766e-05,1
3594,0,0.00024723735987208784,4
3595,0,0.0031461468897759914,5
3596,0,0.001581832068040967,4
3597,0,0.002161153592169285,5
3598,0,0.01669590175151825,3
3599,0,0.00011112148058600724,3
3600,0,3.860904325847514e-05,2
3601,0,0.011088180355727673,3
3602,0,0.001384051633067429,5
3603,0,0.0008594904211349785,2
3604,0,0.0009857786353677511,1
3605,0,0.0018809715984389186,1
3606,0,0.0007676127133890986,2
3607,0,0.009412727318704128,5
3608,0,0.002417700830847025,5
3609,0,0.00025763644953258336,3
3610,0,0.0032755876891314983,3
3611,0,0.0002784214448183775,2
3612,0,1.5477746273973025e-05,5
3613,0,0.0008681045728735626,1
3614,0,0.0009566137450747192,3
3615,0,0.0009249877766706049,1
3616,0,0.0009563167113810778,2
3617,0,0.0018036848632618785,2
3618,0,0.007120161317288876,3
3619,0,0.004772630520164967,1
3620,0,0.0009050161461345851,1
3621,0,0.00013272515207063407,3
3622,0,0.0005645934725180268,3
3623,0,0.00023721899196971208,4
3624,0,5.094040261610644e-06,5
3625,0,0.00600992189720273,4
3626,0,0.3527866303920746,3
3627,0,3.387624383321963e-05,1
3628,0,0.0036654253490269184,3
3629,0,0.0004648251924663782,2
3630,0,0.0007428953540511429,1
3631,0,1.4021778952155728e-05,1
3632,0,1.4346626812766772e-05,3
3633,0,0.0002019724197452888,3
3634,0,0.012112264521420002,5
3635,0,4.048296977998689e-05,5
3636,0,0.00038876928738318384,2
3637,0,0.00022137374617159367,4
3638,0,0.0002078783290926367,2
3639,0,0.026742102578282356,5
3640,0,0.00020478418446145952,3
3641,0,0.0004030037671327591,1
3642,0,0.0030970973894000053,2
3643,0,5.788870475953445e-05,3
3644,0,5.0597020162967965e-05,2
3645,0,0.014275215566158295,1
3646,0,3.968605960835703e-05,2
3647,0,0.02366754040122032,3
3648,0,0.015088655985891819,2
3649,0,5.025209975428879e-05,5
3650,0,0.00029558545793406665,2
3651,0,0.000506832730025053,2
3652,0,0.007278089411556721,3
3653,0,0.0004852800047956407,2
3654,0,0.0008645809721201658,4
3655,0,0.0002065634325845167,1
3656,0,0.003369973972439766,4
3657,0,0.00011469600576674566,5
3658,0,0.001146614900790155,5
3659,0,0.0015059543075039983,5
3660,0,0.001051266328431666,5
3661,0,0.0017302896594628692,4
3662,0,0.001325184595771134,3
3663,0,0.0001543898688396439,3
3664,0,0.003045976860448718,4
3665,0,0.0037878428120166063,4
3666,0,0.09843150526285172,1
3667,0,0.24894298613071442,3
3668,0,0.004686286207288504,2
3669,0,0.004909196402877569,1
3670,0,0.00012022197188343853,3
3671,0,9.30372771108523e-05,3
3672,0,0.00010255145753035322,2
3673,0,0.0002606097550597042,4
3674,0,5.9830446843989193e-05,2
3675,0,0.0014863329706713557,3
3676,0,0.0005161564331501722,2
3677,0,0.0006904726615175605,5
3678,0,0.00011210788215976208,3
3679,0,0.00025956254103221,2
3680,0,0.0051502203568816185,5
3681,0,8.240619354182854e-05,4
3682,0,0.00010021603520726785,3
3683,0,0.00019217492081224918,4
3684,0,8.078732207650319e-05,4
3685,0,4.818018351215869e-05,3
3686,0,0.0012970503885298967,5
3687,0,0.0031593013554811478,1
3688,0,0.0008655004785396159,4
3689,0,0.04864175245165825,4
3690,0,0.0008457154617644846,2
3691,0,2.2435930077335797e-05,2
3692,0,0.00021253018348943442,3
3693,0,0.007141629699617624,3
3694,0,0.016791440546512604,4
3695,0,0.0003668885037768632,1
3696,0,0.00048797388444654644,3
3697,0,0.00032644011662341654,2
3698,0,0.0008944455767050385,2
3699,0,0.00012904391041956842,2
3700,0,9.7634743724484e-05,3
3701,0,0.0020231043454259634,1
3702,0,0.012044713832437992,1
3703,0,0.00011650855594780296,3
3704,0,0.00026319315657019615,2
3705,0,0.00014602400187868625,3
3706,0,0.002429105108603835,5
3707,0,0.0001660501875448972,1
3708,0,0.0050256522372365,2
3709,0,0.00010072850272990763,5
3710,0,0.00038489612052217126,3
3711,0,0.00019976474868599325,1
3712,0,5.844634142704308e-05,3
3713,0,0.0012401005951687694,5
3714,0,0.006316632963716984,1
3715,0,0.00032078722142614424,4
3716,0,2.6888017146120546e-06,5
3717,0,0.004308325704187155,3
3718,0,0.00041121902177110314,4
3719,0,0.0012975346762686968,4
3720,0,0.0011051502078771591,5
3721,0,2.391381531197112e-05,1
3722,0,0.000216144704609178,2
3723,0,0.0004835680010728538,5
3724,0,0.023435043171048164,1
3725,0,0.0003134753496851772,1
3726,0,0.0001308065839111805,5
3727,0,0.3984679579734802,2
3728,0,0.000775576161686331,4
3729,0,0.004275629762560129,1
3730,0,0.03727538138628006,4
3731,0,6.08111331530381e-05,4
3732,0,0.038007691502571106,3
3733,0,0.0013021035119891167,2
3734,0,0.0021348788868635893,4
3735,0,0.00023146606690715998,5
3736,0,0.0006571082631126046,2
3737,0,0.0001691287907306105,2
3738,0,0.0010443958453834057,3
3739,0,0.0007166218711063266,3
3740,0,0.003611847525462508,2
3741,0,0.0001362583425361663,4
3742,0,0.00020361249335110188,4
3743,0,6.03669868723955e-05,2
3744,0,0.002879718318581581,5
3745,0,2.8374164685374126e-05,5
3746,0,0.0005185498157516122,4
3747,0,0.00013280617713462561,3
3748,0,9.212284930981696e-05,1
3749,0,0.05695587024092674,1
3750,0,0.00011317781172692776,3
3751,0,0.005612473469227552,2
3752,0,0.00015898571291472763,4
3753,0,0.0005389797734096646,5
3754,0,0.0003484940971247852,1
3755,0,0.00010265193850500509,5
3756,0,0.0003512834955472499,4
3757,0,0.0024177064187824726,2
3758,0,0.10260656476020813,4
3759,0,0.03050890751183033,3
3760,0,0.0004784750926773995,5
3761,0,0.09030408412218094,1
3762,0,0.0010929909767583013,2
3763,0,0.0001334716653218493,4
3764,0,7.144401752157137e-05,4
3765,0,0.0012994101271033287,4
3766,0,0.0011930583277717233,2
3767,0,0.6011828184127808,2
3768,0,0.0009278255747631192,4
3769,0,0.0008278475143015385,3
3770,0,5.139592758496292e-05,5
3771,0,0.0010683326981961727,4
3772,0,0.0005968220648355782,4
3773,0,0.11355945467948914,5
3774,0,0.00018160796025767922,3
3775,0,0.0023798698093742132,3
3776,0,8.780871212366037e-06,5
3777,0,0.00014038263179827482,2
3778,0,8.786487887846306e-05,2
3779,0,0.0025651848409324884,1
3780,0,0.0017441456438973546,2
3781,0,0.0010098404018208385,1
3782,0,8.975522359833121e-05,5
3783,0,0.0007225660374388099,5
3784,0,3.244639083277434e-05,2
3785,0,0.0004658993857447058,1
3786,0,6.350553303491324e-05,5
3787,0,7.8372991993092e-05,3
3788,0,0.0006292624166235328,2
3789,0,5.252990376902744e-05,2
3790,0,0.00016053894069045782,2
3791,0,5.668687663273886e-05,5
3792,0,0.01574266515672207,3
3793,0,0.0007591585745103657,1
3794,0,0.00042744132224470377,3
3795,0,0.0035479108337312937,4
3796,0,0.0017008616123348475,1
3797,0,0.0005853488110005856,1
3798,0,0.0020215760450810194,4
3799,0,0.0004597481165546924,5
3800,0,0.014880429022014141,4
3801,0,0.0001611407205928117,1
3802,0,0.002191420877352357,1
3803,0,0.01591380499303341,1
3804,0,0.00038077321369200945,4
3805,0,0.0001318046124652028,5
3806,0,0.00039240781916305423,1
3807,0,1.6167370631592348e-05,5
3808,0,4.253690713085234e-05,2
3809,0,0.005825259257107973,4
3810,0,0.00031524451333098114,3
3811,0,0.00037001920281909406,4
3812,0,0.00018937276036012918,3
3813,0,0.0037644749972969294,2
3814,0,6.417213444365188e-05,1
3815,0,3.956543514505029e-05,3
3816,0,0.000814163766335696,5
3817,0,7.440558692906052e-05,4
3818,0,0.009873732924461365,1
3819,0,0.04980749264359474,1
3820,0,0.00012631042045541108,5
3821,0,0.00022292738140095025,2
3822,0,0.0006268188008107245,3
3823,0,0.000275243422947824,3
3824,0,0.0006103907362557948,5
3825,0,0.0001959231885848567,5
3826,0,0.10165036469697952,2
3827,0,0.0009522284963168204,3
3828,0,0.004512779880315065,2
3829,0,0.0006712388130836189,1
3830,0,0.002056365367025137,5
3831,0,0.00017420898075215518,3
3832,0,0.0342550091445446,4
3833,0,0.008365673944354057,2
3834,0,0.0001661838759901002,2
3835,0,0.0022123262751847506,5
3836,0,0.0002884361892938614,2
3837,0,0.0005136856343597174,3
3838,0,0.0001187942034448497,2
3839,0,0.0006449921056628227,3
3840,0,0.002180639188736677,4
3841,0,0.0019391478272154927,1
3842,0,0.00011943846038775519,3
3843,0,3.7059118767501786e-05,3
3844,0,0.003396016778424382,2
3845,0,0.0002532560902182013,3
3846,0,0.00026295636780560017,2
3847,0,0.0017591813812032342,3
3848,0,0.00016131013398990035,3
3849,0,0.0007566754356957972,5
3850,0,0.0009822348365560174,5
3851,0,5.308672189130448e-05,2
3852,0,0.028405537828803062,5
3853,0,0.00011301679478492588,5
3854,0,0.0006329857278615236,2
3855,0,0.0003563640348147601,5
3856,0,6.402268627425656e-05,3
3857,0,6.88595901010558e-05,4
3858,0,0.00026267097564414144,4
3859,0,6.200093048391864e-05,5
3860,0,0.7087539434432983,3
3861,0,0.001696771360002458,2
3862,0,0.0003472231328487396,4
3863,0,0.0020621204748749733,1
3864,0,0.0001253402588190511,2
3865,0,0.0064073968678712845,2
3866,0,0.007275857497006655,4
3867,0,0.00016867896192707121,2
3868,0,0.0001452247379347682,2
3869,0,0.0010932919103652239,4
3870,0,0.0008429972804151475,3
3871,0,0.0006421408616006374,1
3872,0,0.0038906033150851727,4
3873,0,3.751575786736794e-05,3
3874,0,0.0001405227230861783,3
3875,0,0.0005527127650566399,1
3876,0,0.000618798949290067,4
3877,0,0.020742319524288177,4
3878,0,0.00032628176268190145,2
3879,0,0.0002568271302152425,2
3880,0,0.05530961975455284,5
3881,0,8.194979454856366e-05,3
3882,0,2.0858680727542378e-05,5
3883,0,0.0069314236752688885,5
3884,0,0.0023351681884378195,4
3885,0,2.559966924309265e-05,3
3886,0,0.00023347820388153195,5
3887,0,0.0009533278062008321,1
3888,0,0.00047794246347621083,5
3889,0,5.887034785700962e-05,2
3890,0,0.008355921134352684,4
3891,0,9.482733003096655e-05,2
3892,0,0.13095876574516296,1
3893,0,9.857097757048905e-05,2
3894,0,0.00035411075805313885,2
3895,0,0.00036660057958215475,2
3896,0,0.0007406343938782811,3
3897,0,0.01081694383174181,4
3898,0,8.44758324092254e-05,5
3899,0,0.4845990240573883,2
3900,0,6.114117422839627e-05,4
3901,0,0.0009301742538809776,2
3902,0,0.00011963279393967241,3
3903,0,0.0018628635443747044,3
3904,0,0.0001661000569583848,2
3905,0,4.235981032252312e-05,3
3906,0,0.013873560354113579,1
3907,0,0.0004923381493426859,4
3908,0,0.00011418148642405868,1
3909,0,0.00013633514754474163,4
3910,0,0.0003153581346850842,3
3911,0,0.004279705695807934,3
3912,0,0.003983524162322283,2
3913,0,0.3133668601512909,2
3914,0,0.00024236843455582857,5
3915,0,0.00026768181123770773,3
3916,0,0.004469761159271002,4
3917,0,0.001711436896584928,4
3918,0,0.0004270425997674465,3
3919,0,0.03791229426860809,3
3920,0,8.904007700039074e-05,2
3921,0,0.0013810101663693786,5
3922,0,0.0005996586987748742,2
3923,0,0.00512576662003994,4
3924,0,0.00016350274381693453,4
3925,0,0.00034280697582289577,2
3926,0,0.0031888328958302736,2
3927,0,0.00016298828995786607,5
3928,0,0.0003057899884879589,5
3929,0,5.8609701227396727e-05,5
3930,0,0.0007803671178407967,5
3931,0,0.0008595899562351406,1
3932,0,0.00017330370610579848,2
3933,0,0.10273170471191406,1
3934,0,0.004404409788548946,2
3935,0,0.005310076754540205,4
3936,0,0.00019810428784694523,2
3937,0,0.0005028593586757779,1
3938,0,0.0011550235794857144,2
3939,0,1.7296340956818312e-05,2
3940,0,1.8206190361524932e-05,3
3941,0,0.00016324056196026504,5
3942,0,0.0030121817253530025,1
3943,0,0.028115659952163696,3
3944,0,0.00031196113559417427,4
3945,0,0.00025764040765352547,3
3946,0,0.0008727129898034036,3
3947,0,0.002589131472632289,3
3948,0,0.002095369389280677,4
3949,0,0.0003450473886914551,2
3950,0,0.0002336541365366429,4
3951,0,0.004522223956882954,2
3952,0,7.506702240789309e-05,1
3953,0,0.0003757390077225864,4
3954,0,0.0017593723023310304,2
3955,0,0.0008296251762658358,4
3956,0,0.0016851478721946478,4
3957,0,0.0004678180848713964,3
3958,0,0.00037810171488672495,4
3959,0,0.013395155780017376,4
3960,0,0.00014059791283216327,1
3961,0,0.0012195713352411985,1
3962,0,0.057895220816135406,4
3963,0,0.00044464945676736534,2
3964,0,3.1371801014756784e-05,5
3965,0,4.21903605456464e-05,4
3966,0,0.0007581504178233445,4
3967,0,0.001930163474753499,1
3968,0,8.584644820075482e-05,1
3969,0,0.00013182924885768443,3
3970,0,4.533310857368633e-05,1
3971,0,0.00033930016797967255,4
3972,0,0.001234958996064961,4
3973,0,9.573892020853236e-05,3
3974,0,0.0004965551197528839,2
3975,0,0.001102995127439499,2
3976,0,0.00018623622599989176,2
3977,0,0.0011898339726030827,2
3978,0,0.00978552084416151,3
3979,0,0.0009243851527571678,2
3980,0,4.753944813273847e-05,5
3981,0,0.0016235287766903639,1
3982,0,0.6841773986816406,4
3983,0,0.00023313229030463845,2
3984,0,6.613704317715019e-05,5
3985,0,0.00010205996659351513,2
3986,0,0.0005376111366786063,1
3987,0,0.0006211547879502177,3
3988,0,0.0004707766347564757,2
3989,0,0.008390837348997593,5
3990,0,0.0049240803346037865,1
3991,0,0.0007438790053129196,4
3992,0,0.0006242227973416448,2
3993,0,0.0009618569747544825,1
3994,0,0.02735806629061699,1
3995,0,1.413309928466333e-05,3
3996,0,4.720316792372614e-05,3
3997,0,0.005807912442833185,2
3998,0,0.0002832518075592816,3
3999,0,0.004519384820014238,4
4000,0,0.015519573353230953,4
4001,0,2.225704702141229e-05,4
4002,0,0.0002353488962398842,5
4003,0,0.007989207282662392,5
4004,0,0.0016178826335817575,3
4005,0,0.0007878990727476776,3
4006,0,0.014020043425261974,5
4007,0,0.00016853668785188347,4
4008,0,0.0007257108227349818,4
4009,0,1.916821565828286e-05,3
4010,0,0.0013241834240034223,3
4011,0,0.0217982679605484,5
4012,0,1.2094689736841246e-05,5
4013,0,0.0009256718913093209,5
4014,0,0.0005117810796946287,5
4015,0,0.00031661888351663947,1
4016,0,0.00021293545432854444,1
4017,0,0.0007658223621547222,2
4018,0,5.343478551367298e-05,4
4019,0,0.00018447455659043044,4
4020,0,0.0009148106328211725,4
4021,0,0.0007692963117733598,5
4022,0,6.793550710426643e-05,3
4023,0,6.302753172349185e-05,1
4024,0,0.00019044455257244408,5
4025,0,0.043437741696834564,1
4026,0,0.018184473738074303,1
4027,0,0.3019925355911255,1
4028,0,0.0011498311068862677,2
4029,0,0.00029508990701287985,1
4030,0,0.0016938191838562489,2
4031,0,0.00020924229465890676,3
4032,0,0.00032130235922522843,2
4033,0,0.0006572770653292537,2
4034,0,0.009142814204096794,5
4035,0,0.00014138020924292505,3
4036,0,0.00320053705945611,1
4037,0,0.0025732326321303844,5
4038,0,0.002038664883002639,1
4039,0,0.0002590389340184629,1
4040,0,0.012031341902911663,2
4041,0,0.003652082523331046,1
4042,0,0.0002974107046611607,5
4043,0,0.000626186141744256,5
4044,0,0.004344322718679905,5
4045,0,0.0005986984469927847,1
4046,0,0.00010031900455942377,5
4047,0,0.00023890656302683055,3
4048,0,0.0423312783241272,2
4049,0,0.0008303372887894511,2
4050,0,0.00010823197953868657,2
4051,0,0.0009434209787286818,2
4052,0,0.00023302806948777288,2
4053,0,0.00023363942455034703,4
4054,0,0.019478214904665947,2
4055,0,0.00031415570992976427,3
4056,0,5.935504759690957e-06,4
4057,0,0.00026335479924455285,3
4058,0,0.00045252847485244274,5
4059,0,0.004559588152915239,1
4060,0,0.00032444699900224805,4
4061,0,0.00016146525740623474,3
4062,0,0.00012074067490175366,4
4063,0,0.0035248720087110996,4
4064,0,0.01068760547786951,4
4065,0,0.0031046902295202017,4
4066,0,0.00010766603372758254,5
4067,0,0.0005194107652641833,4
4068,0,0.0019595238845795393,1
4069,0,0.0016939742490649223,1
4070,0,0.00019542968948371708,1
4071,0,6.636182661168277e-05,1
4072,0,8.799132046988234e-05,2
4073,0,0.01884915493428707,2
4074,0,0.0007331877714022994,4
4075,0,9.61892437771894e-05,4
4076,0,0.0002054777432931587,3
4077,0,0.00019125342078041285,3
4078,0,0.00011624488251982257,5
4079,0,0.0006737177609466016,4
4080,0,0.00039921613642945886,4
4081,0,0.00012274210166651756,3
4082,0,3.14130520564504e-05,3
4083,0,3.242761522415094e-05,5
4084,0,0.0001939287467394024,5
4085,0,3.5665467294165865e-05,3
4086,0,0.00015631037240382284,4
4087,0,0.0010138974757865071,2
4088,0,0.007414547726511955,3
4089,0,3.7379875720944256e-05,3
4090,0,7.086002005962655e-05,5
4091,0,0.0007130879093892872,4
4092,0,3.0020302801858634e-05,3
4093,0,0.0038563068956136703,4
4094,0,0.0004477080947253853,4
4095,0,0.00032560277031734586,2
4096,0,2.4243623556685634e-05,5
4097,0,5.10164572915528e-05,5
4098,0,8.920979598769918e-05,1
4099,0,0.00241083069704473,5
4100,0,0.016460437327623367,3
4101,0,1.0993431942551979e-06,5
4102,0,0.00019741039432119578,2
4103,0,0.0006375098018907011,2
4104,0,0.00032011023722589016,4
4105,0,0.003280365839600563,3
4106,0,0.00038718702853657305,2
4107,0,0.00013058674812782556,1
4108,0,7.952135638333857e-05,5
4109,0,0.0005037927767261863,3
4110,0,0.00024231785209849477,5
4111,0,0.001117072650231421,1
4112,0,0.0012277523055672646,1
4113,0,0.00011932996130781248,5
4114,0,0.00011064988939324394,4
4115,0,0.00022733710648026317,3
4116,0,4.0925555367721245e-05,3
4117,0,0.00012722608516924083,2
4118,0,0.0009059573640115559,2
4119,0,5.05856496602064e-06,5
4120,0,0.0018877498805522919,5
4121,0,0.00031250048778019845,4
4122,0,3.9992919482756406e-05,3
4123,0,2.5509621991659515e-05,2
4124,0,0.015868719667196274,4
4125,0,0.0004724471364170313,1
4126,0,0.00033084655296988785,1
4127,0,0.30400925874710083,1
4128,0,0.006572420243173838,1
4129,0,8.868899749359116e-05,1
4130,0,3.092643601121381e-05,5
4131,0,4.2919604311464354e-05,3
4132,0,0.008589927107095718,4
4133,0,0.0005627254140563309,4
4134,0,9.447622142033651e-05,3
4135,0,0.00011983134027104825,5
4136,0,0.0013198181986808777,4
4137,0,0.0014624274335801601,3
4138,0,0.00030574860284104943,3
4139,0,0.0001954202016349882,3
4140,0,0.020215623080730438,1
4141,0,8.186411287169904e-05,5
4142,0,0.0008042767294682562,4
4143,0,4.3298099626554176e-05,2
4144,0,0.0001304178877035156,3
4145,0,0.0003029211366083473,2
4146,0,0.0010369725059717894,4
4147,0,0.0069311149418354034,4
4148,0,0.003035750472918153,4
4149,0,3.755126454052515e-05,5
4150,0,0.00045475593651644886,3
4151,0,0.00018929369980469346,1
4152,0,0.020097235217690468,5
4153,0,0.0006769628962501884,4
4154,0,0.0004306615446694195,3
4155,0,0.10576615482568741,4
4156,0,0.0002355001779505983,1
4157,0,0.0003955729480367154,3
4158,0,0.029188815504312515,2
4159,0,3.384746742085554e-05,3
4160,0,7.202388951554894e-05,1
4161,0,0.00045173181570135057,3
4162,0,3.3163112675538287e-05,3
4163,0,2.1489353457582183e-05,3
4164,0,0.0002722262288443744,4
4165,0,0.0004969237488694489,3
4166,0,0.006583073176443577,2
4167,0,0.0017243589973077178,4
4168,0,0.0021916639525443316,4
4169,0,0.00011093291686847806,1
4170,0,6.354436482070014e-05,3
4171,0,0.0001023682561935857,3
4172,0,0.008662904612720013,4
4173,0,0.00012665368558373302,3
4174,0,0.0007773549295961857,1
4175,0,0.00039711466524749994,2
4176,0,0.0045628054067492485,3
4177,0,0.01578139141201973,2
4178,0,0.09877793490886688,4
4179,0,0.0026875482872128487,4
4180,0,0.0003220279177185148,5
4181,0,0.002228975063189864,3
4182,0,0.0009592811111360788,4
4183,0,0.056376807391643524,4
4184,0,0.0001391038385918364,2
4185,0,0.0010805483907461166,2
4186,0,0.004293657839298248,5
4187,0,8.341987268067896e-05,4
4188,0,0.0019744648598134518,4
4189,0,0.0010644154390320182,4
4190,0,0.0017301602056249976,5
4191,0,0.0018093333346769214,3
4192,0,0.00023973210772965103,1
4193,0,0.0125700319185853,3
4194,0,0.0007989476434886456,2
4195,0,0.0007191213080659509,1
4196,0,0.0002788983110804111,1
4197,0,0.0022423549089580774,1
4198,0,0.012764240615069866,4
4199,0,0.000159439179697074,5
4200,0,0.00018259315402247012,4
4201,0,0.00045509199844673276,1
4202,0,0.0003001687291543931,1
4203,0,0.001038614776916802,2
4204,0,7.198443199740723e-06,4
4205,0,0.0053007835522294044,4
4206,0,0.0002154356916435063,3
4207,0,0.0005546614993363619,5
4208,0,0.0005884783458895981,3
4209,0,0.1771160513162613,1
4210,0,0.0001414530270267278,4
4211,0,0.0017912937328219414,1
4212,0,0.0029221614822745323,2
4213,0,0.00576922157779336,4
4214,0,0.0005381825612857938,5
4215,0,0.009204707108438015,2
4216,0,0.003247607033699751,3
4217,0,0.0020337598398327827,1
4218,0,0.00012878661800641567,3
4219,0,0.00043680256931111217,4
4220,0,0.01438961736857891,5
4221,0,0.0011326714884489775,4
4222,0,0.0006441056611947715,2
4223,0,0.00319076725281775,2
4224,0,0.0023353949654847383,2
4225,0,0.020399227738380432,2
4226,0,7.487699622288346e-05,2
4227,0,0.002948635956272483,4
4228,0,0.0029069685842841864,3
4229,0,0.0005965112359263003,3
4230,0,0.0007800433086231351,1
4231,0,0.0002015407371800393,4
4232,0,0.007233174983412027,4
4233,0,0.00011464615818113089,5
4234,0,0.0002822683600243181,3
4235,0,8.644588524475694e-05,5
4236,0,0.0031622250098735094,2
4237,0,0.003710935590788722,1
4238,0,9.815106022870168e-05,5
4239,0,7.579431257909164e-05,2
4240,0,0.0010067769326269627,3
4241,0,0.0001428104587830603,3
4242,0,7.811922114342451e-05,5
4243,0,0.0006941023748368025,4
4244,0,0.0004798735026270151,5
4245,0,0.0004180727119091898,1
4246,0,0.0002778730122372508,5
4247,0,0.0022506380919367075,4
4248,0,0.0020295330323278904,4
4249,0,0.024087633937597275,3
4250,0,0.00019191288447473198,5
4251,0,0.08562968671321869,5
4252,0,0.0009909902000799775,1
4253,0,0.000285825168248266,1
4254,0,0.00010933839803328738,4
4255,0,0.00017017930804286152,4
4256,0,2.6698353394749574e-05,5
4257,0,0.0001686442265054211,1
4258,0,0.00015529997472185642,4
4259,0,0.00018365774303674698,5
4260,0,0.00030609042732976377,1
4261,0,0.0007261338178068399,2
4262,0,0.011552190408110619,1
4263,0,0.006373531185090542,2
4264,0,0.0016147576970979571,2
4265,0,0.00023264402989298105,5
4266,0,0.01159953698515892,4
4267,0,0.008818487636744976,2
4268,0,0.00034780657733790576,5
4269,0,0.002255149418488145,3
4270,0,6.805176235502586e-05,3
4271,0,4.625187284545973e-05,2
4272,0,0.0001390481338603422,3
4273,0,0.0006232591113075614,2
4274,0,2.227441655122675e-05,3
4275,0,7.245333108585328e-05,5
4276,0,0.0002595390542410314,2
4277,0,0.007698593195527792,4
4278,0,8.35737882880494e-05,3
4279,0,0.002915634773671627,1
4280,0,0.002014149446040392,1
4281,0,7.930606079753488e-05,1
4282,0,0.000293544348096475,1
4283,0,0.0027512828819453716,1
4284,0,0.00019053136929869652,1
4285,0,0.00018353502673562616,2
4286,0,0.00023148106993176043,2
4287,0,0.00018609600374475121,5
4288,0,0.007583662401884794,2
4289,0,0.0007645775913260877,5
4290,0,7.526621629949659e-05,1
4291,0,0.00021439348347485065,3
4292,0,0.0007254988304339349,3
4293,0,0.0006303729023784399,3
4294,0,0.0003999389591626823,4
4295,0,0.02179647609591484,2
4296,0,7.4868141382467e-05,5
4297,0,0.0002114943927153945,5
4298,0,0.000672961468808353,4
4299,0,0.0010556373745203018,3
4300,0,0.014539534226059914,5
4301,0,0.0005674132844433188,5
4302,0,2.7322559617459774e-05,3
4303,0,0.01604706421494484,1
4304,0,0.00022506112873088568,2
4305,0,0.039546504616737366,1
4306,0,0.0025857030414044857,2
4307,0,0.00019460928160697222,3
4308,0,0.009167972020804882,1
4309,0,0.00020000699441879988,5
4310,0,0.004531420301645994,2
4311,0,0.0006761678960174322,5
4312,0,0.02279183268547058,1
4313,0,0.00023377023171633482,2
4314,0,0.005354070104658604,4
4315,0,7.105489930836484e-05,3
4316,0,0.000632136594504118,5
4317,0,0.0003137842286378145,5
4318,0,3.580283373594284e-05,5
4319,0,0.00022102068760432303,3
4320,0,0.0006433964008465409,1
4321,0,0.004841371439397335,3
4322,0,0.0021546429488807917,1
4323,0,0.0019558558706194162,2
4324,0,0.006319611798971891,3
4325,0,0.0031065826769918203,2
4326,0,0.0002784697280731052,1
4327,0,0.00327647989615798,5
4328,0,0.00019609044829849154,2
4329,0,0.0007395694265142083,4
4330,0,0.0010348295327275991,2
4331,0,0.00016457212041132152,3
4332,0,0.00040685999556444585,1
4333,0,7.144510163925588e-05,3
4334,0,2.409192529739812e-05,5
4335,0,1.5348763554356992e-05,2
4336,0,0.0004609216994140297,2
4337,0,0.0012269059661775827,3
4338,0,4.8101999709615484e-05,3
4339,0,0.0038049498107284307,5
4340,0,0.00017077552911359817,1
4341,0,4.68133248432423e-06,5
4342,0,0.006266490090638399,3
4343,0,0.11485562473535538,2
4344,0,6.315453356364742e-05,3
4345,0,0.000102154903288465,5
4346,0,0.000361862126737833,4
4347,0,2.6301546313334256e-05,4
4348,0,0.0010961816878989339,4
4349,0,0.013516816310584545,5
4350,0,0.0290340818464756,3
4351,0,0.0001372645638184622,3
4352,0,4.135132621740922e-05,5
4353,0,0.0014642627211287618,4
4354,0,0.0012988409725949168,2
4355,0,8.392926974920556e-05,3
4356,0,0.00012661587970796973,2
4357,0,0.0011446925345808268,4
4358,0,0.0006326392176561058,2
4359,0,0.0037302563432604074,2
4360,0,5.6476117606507614e-05,3
4361,0,0.00022924186487216502,5
4362,0,8.376455662073568e-05,2
4363,0,0.0001014827357721515,3
4364,0,0.00034452820545993745,5
4365,0,0.00019689627515617758,5
4366,0,0.0006687390268780291,1
4367,0,0.0010462068021297455,2
4368,0,5.393372703110799e-05,3
4369,0,0.002488938858732581,3
4370,0,0.0015756110660731792,1
4371,0,0.0005558498669415712,2
4372,0,0.0001595118665136397,5
4373,0,0.0005085802986286581,1
4374,0,0.00032368264510296285,4
4375,0,0.002598591148853302,4
4376,0,4.187390732113272e-05,5
4377,0,0.9553725719451904,3
4378,0,0.00013850320829078555,3
4379,0,2.019245039264206e-05,4
4380,0,0.000524906674399972,4
4381,0,0.00454426696524024,1
4382,0,4.669776899390854e-05,3
4383,0,0.016191763803362846,3
4384,0,0.0002948424080386758,4
4385,0,0.0020677251741290092,5
4386,0,0.0014842707896605134,4
4387,0,0.02184782736003399,2
4388,0,0.00010794657282531261,5
4389,0,5.328523911884986e-05,5
4390,0,0.0126726683229208,1
4391,0,0.0003346529265400022,1
4392,0,4.145548155065626e-05,2
4393,0,0.0001335765846306458,1
4394,0,0.0002583761524874717,2
4395,0,0.0002184558688895777,5
4396,0,0.0018057405250146985,2
4397,0,0.0024819213431328535,3
4398,0,7.031921995803714e-05,3
4399,0,0.00013150945596862584,5
4400,0,0.000741724215913564,5
4401,0,0.005056004971265793,2
4402,0,7.647655729670078e-05,3
4403,0,0.000173247855855152,2
4404,0,0.005022784229367971,2
4405,0,0.00024028634652495384,5
4406,0,0.2322586476802826,3
4407,0,0.0007819553138688207,2
4408,0,0.00036864762660115957,5
4409,0,0.002743600634858012,4
4410,0,5.711467019864358e-05,3
4411,0,0.0012105106143280864,4
4412,0,7.24176861695014e-05,5
4413,0,6.516095163533464e-05,5
4414,0,0.002551059238612652,4
4415,0,0.0024131909012794495,4
4416,0,0.0017092524794861674,4
4417,0,0.0007550314185209572,2
4418,0,0.0014402527594938874,4
4419,0,0.000662248523440212,4
4420,0,0.0007376833236776292,2
4421,0,0.00025799067225307226,4
4422,0,1.679871820670087e-05,5
4423,0,0.007928199134767056,4
4424,0,0.0003857615520246327,4
4425,0,0.00027494417736306787,3
4426,0,0.0017183192539960146,4
4427,0,0.0072682700119912624,4
4428,0,0.0003249884466640651,4
4429,0,0.00039858208037912846,3
4430,0,0.0015367065789178014,2
4431,0,0.004847661126405001,3
4432,0,0.01470570545643568,2
4433,0,0.002002120018005371,4
4434,0,8.339904161402956e-05,5
4435,0,0.0003018878342118114,4
4436,0,0.0004967473214492202,3
4437,0,0.6845247149467468,2
4438,0,0.017123140394687653,5
4439,0,0.00023541309928987175,2
4440,0,0.000701936602126807,2
4441,0,0.0024174856953322887,3
4442,0,4.413010901771486e-05,3
4443,0,0.0012777785304933786,4
4444,0,0.029893558472394943,1
4445,0,0.0037864106707274914,3
4446,0,5.807282650494017e-05,5
4447,0,0.04799108952283859,1
4448,0,0.00036346999695524573,5
4449,0,0.00030558425351046026,1
4450,0,0.0008830146980471909,4
4451,0,0.00038503759424202144,4
4452,0,0.000874760968144983,4
4453,0,0.0006085730856284499,4
4454,0,0.0003992095007561147,4
4455,0,0.0009625426027923822,1
4456,0,0.00011119068949483335,3
4457,0,0.001392149948514998,4
4458,0,0.032787926495075226,1
4459,0,0.00300287501886487,3
4460,0,0.00013760817819274962,1
4461,0,0.00032063983962871134,1
4462,0,0.00955076701939106,4
4463,0,0.0015655652387067676,5
4464,0,0.001186969457194209,1
4465,0,6.731757457600906e-05,5
4466,0,0.0004201318370178342,3
4467,0,0.0008273085113614798,3
4468,0,0.0048511154018342495,1
4469,0,0.00043199333595111966,5
4470,0,0.0024010089691728354,4
4471,0,0.00013422123447526246,1
4472,0,0.0010485276579856873,3
4473,0,0.0009394492371939123,2
4474,0,0.0006060419254936278,1
4475,0,0.0003957668086513877,5
4476,0,0.005765713285654783,4
4477,0,0.0003234818286728114,5
4478,0,0.009633129462599754,5
4479,0,0.0002518085530027747,5
4480,0,0.00031953974394127727,2
4481,0,0.0012810395564883947,2
4482,0,0.0004004375368822366,5
4483,0,0.0006608368712477386,3
4484,0,0.0014732610434293747,1
4485,0,0.0009598300675861537,5
4486,0,0.001105782575905323,4
4487,0,0.0004187529848422855,3
4488,0,0.0016839650925248861,4
4489,0,0.00021243173978291452,4
4490,0,0.00026541901752352715,2
4491,0,0.0004047818074468523,5
4492,0,0.013765729032456875,1
4493,0,0.013737971894443035,1
4494,0,0.00021950398513581604,3
4495,0,0.000491193204652518,4
4496,0,0.0005335081950761378,5
4497,0,7.676626410102472e-05,2
4498,0,0.00017469485464971513,4
4499,0,0.014492780901491642,2
4500,0,0.002280971733853221,5
4501,0,0.00030767970019951463,5
4502,0,9.329553722636774e-05,4
4503,0,0.00864572636783123,2
4504,0,0.006211256608366966,1
4505,0,0.00042467445018701255,5
4506,0,0.00019253676873631775,5
4507,0,0.0009752323967404664,1
4508,0,0.000406527949962765,3
4509,0,0.00023456750204786658,5
4510,0,0.01451736781746149,3
4511,0,0.0038532563485205173,4
4512,0,0.0010434461291879416,2
4513,0,0.025198858231306076,1
4514,0,0.7167526483535767,1
4515,0,0.00014152507355902344,2
4516,0,0.0015134519198909402,2
4517,0,0.0015012380899861455,3
4518,0,0.006718609016388655,4
4519,0,0.0006284814444370568,5
4520,0,0.00012576946755871177,4
4521,0,1.0074450074171182e-05,5
4522,0,0.004957884084433317,3
4523,0,0.00642469571903348,4
4524,0,0.002132261637598276,4
4525,0,0.0003840758290607482,4
4526,0,0.009191744029521942,2
4527,0,0.00041849014814943075,5
4528,0,0.0010369789088144898,5
4529,0,0.00040478413575328887,1
4530,0,0.04096026346087456,3
4531,0,0.000543063972145319,2
4532,0,0.0001461633073631674,3
4533,0,0.00027708493871614337,3
4534,0,0.0008919982938095927,2
4535,0,5.376821354730055e-05,2
4536,0,5.960197813692503e-05,5
4537,0,0.0021831849589943886,5
4538,0,0.0007820554892532527,1
4539,0,0.0007304807077161968,2
4540,0,0.0026947162114083767,4
4541,0,0.0002541908179409802,5
4542,0,8.36851104395464e-05,5
4543,0,0.013599032536149025,5
4544,0,0.0011890907771885395,2
4545,0,0.0001334192493231967,5
4546,0,0.006720270030200481,5
4547,0,0.00014758732868358493,1
4548,0,0.00017529002798255533,1
4549,0,0.0003203013329766691,2
4550,0,0.002090974012389779,5
4551,0,0.00488826259970665,5
4552,0,0.0007234918302856386,4
4553,0,0.0009597450844012201,5
4554,0,0.002972130198031664,4
4555,0,0.00044335893471725285,4
4556,0,8.327641262440011e-05,5
4557,0,0.001053445739671588,4
4558,0,0.002842124318704009,5
4559,0,0.0004748287028633058,1
4560,0,0.00019961661018896848,1
4561,0,0.0009890773799270391,2
4562,0,0.00022201062529347837,4
4563,0,0.0002181409508921206,5
4564,0,0.0062815654091537,4
4565,0,0.005027970299124718,4
4566,0,0.00047528379946015775,2
4567,0,0.029753146693110466,1
4568,0,0.004345857072621584,3
4569,0,0.00049737369408831,2
4570,0,0.0022727090399712324,2
4571,0,0.0017208469798788428,5
4572,0,0.00011332122085150331,5
4573,0,0.001956263557076454,4
4574,0,0.00041911020525731146,5
4575,0,0.0005806675762869418,2
4576,0,0.00019240904657635838,4
4577,0,0.0049145943485200405,3
4578,0,0.0003939661546610296,1
4579,0,0.0007467619143426418,2
4580,0,0.005821135360747576,2
4581,0,0.0010488934349268675,1
4582,0,0.00014781886420678347,2
4583,0,9.122923802351579e-05,3
4584,0,0.00047119188820943236,4
4585,0,0.0002112187066813931,1
4586,0,0.0002761768701020628,5
4587,0,0.0012523690238595009,4
4588,0,0.0004270507488399744,1
4589,0,0.01104748621582985,2
4590,0,0.0013570046285167336,3
4591,0,0.0004078978963661939,2
4592,0,2.379406760155689e-05,5
4593,0,0.0010407918598502874,2
4594,0,0.0030811454635113478,4
4595,0,0.0002134979731636122,5
4596,0,0.00987189169973135,3
4597,0,0.002186574973165989,1
4598,0,0.0006549765239469707,4
4599,0,0.008541976101696491,5
4600,0,0.0030336701311171055,5
4601,0,0.0002587661729194224,2
4602,0,0.0077734170481562614,1
4603,0,0.009354691952466965,3
4604,0,0.0025971021968871355,3
4605,0,0.001492538838647306,2
4606,0,0.0001652196078794077,5
4607,0,0.001472417963668704,2
4608,0,0.0004158977826591581,2
4609,0,0.02168823406100273,2
4610,0,0.0002766235265880823,4
4611,0,0.00039186447975225747,4
4612,0,0.0003703947295434773,1
4613,0,0.001324373297393322,1
4614,0,0.004278212320059538,5
4615,0,0.002513713901862502,2
4616,0,0.00018275060574524105,2
4617,0,0.0022289124317467213,4
4618,0,0.002494181739166379,2
4619,0,0.004905722104012966,4
4620,0,0.0006298171356320381,4
4621,0,0.005596000701189041,5
4622,0,0.01065143570303917,2
4623,0,0.11611322313547134,2
4624,0,7.237771205836907e-05,5
4625,0,0.0010642081033438444,5
4626,0,0.0011811002623289824,4
4627,0,4.3099822505610064e-05,3
4628,0,0.0001939311478054151,2
4629,0,0.0038213692605495453,4
4630,0,6.474206020357087e-05,3
4631,0,0.00011010300659108907,4
4632,0,0.00315447268076241,1
4633,0,0.001510445843450725,4
4634,0,0.03422006964683533,4
4635,0,0.00037585292011499405,3
4636,0,0.0005470708128996193,2
4637,0,0.0009124728967435658,5
4638,0,0.0002451966574881226,2
4639,0,0.0016967899864539504,3
4640,0,0.0014485768042504787,4
4641,0,0.0016733212396502495,4
4642,0,0.001027456484735012,2
4643,0,0.0008219773881137371,5
4644,0,0.00029241477022878826,4
4645,0,0.003997887019068003,4
4646,0,0.0006284742848947644,1
4647,0,0.0001611152256373316,4
4648,0,0.0009583383798599243,2
4649,0,0.041518718004226685,1
4650,0,0.0010612175101414323,4
4651,0,0.001546232495456934,3
4652,0,0.00030411072657443583,3
4653,0,0.0006198726478032768,3
4654,0,0.00030201824847608805,2
4655,0,0.00014787779946345836,2
4656,0,0.001219608006067574,2
4657,0,0.001029547885991633,4
4658,0,3.484179615043104e-05,5
4659,0,0.00037470879033207893,5
4660,0,0.00012700064689852297,5
4661,0,0.0002857823856174946,3
4662,0,0.0030473987571895123,4
4663,0,0.004155112896114588,5
4664,0,0.0005366181721910834,4
4665,0,0.0005014270427636802,4
4666,0,7.97454486018978e-05,5
4667,0,0.0004552421160042286,4
4668,0,3.717837171279825e-05,3
4669,0,0.002272991230711341,4
4670,0,0.0006059677107259631,4
4671,0,0.000418398849433288,4
4672,0,0.0020344171207398176,3
4673,0,0.004618005361407995,3
4674,0,0.00019281695131212473,2
4675,0,0.00048302189679816365,3
4676,0,0.002815662417560816,1
4677,0,0.0010692765936255455,5
4678,0,0.00026024249382317066,3
4679,0,3.259709046687931e-05,4
4680,0,0.0010001970222219825,1
4681,0,0.0001339353621006012,3
4682,0,0.004878866020590067,5
4683,0,0.0010217041708528996,2
4684,0,0.001529258326627314,1
4685,0,0.0006044947076588869,3
4686,0,0.0003059950249735266,4
4687,0,0.00030351924942806363,5
4688,0,0.0008403590763919055,3
4689,0,0.0008567165350541472,4
4690,0,0.00034058987512253225,3
4691,0,0.0023358247708529234,1
4692,0,0.000387659965781495,2
4693,0,9.952092659659684e-05,4
4694,0,0.0010707434266805649,2
4695,0,0.008757632225751877,3
4696,0,0.0007262379513122141,4
4697,0,0.0012610272970050573,4
4698,0,0.00015244966198224574,1
4699,0,0.0022987788543105125,2
4700,0,0.0006458714487962425,3
4701,0,0.000675206771120429,4
4702,0,0.00023769057588651776,4
4703,0,0.0006296347128227353,5
4704,0,0.00045928009785711765,5
4705,0,0.000549300923012197,2
4706,0,0.00012510718079283834,3
4707,0,0.00014178860874380916,5
4708,0,0.0018738064682111144,1
4709,0,0.006049552001059055,4
4710,0,0.0003013601526618004,4
4711,0,5.2874671382596716e-05,1
4712,0,0.00010575731721473858,4
4713,0,0.001164678717032075,4
4714,0,0.00010959089559037238,5
4715,0,0.00024670283892191947,4
4716,0,0.0004033886652905494,1
4717,0,0.012777844443917274,1
4718,0,0.003337319241836667,1
4719,0,0.00010256015957565978,4
4720,0,0.0002071136696031317,1
4721,0,0.00021303922403603792,3
4722,0,0.00022337844711728394,5
4723,0,0.0001411893026670441,4
4724,0,0.0008786780526861548,4
4725,0,0.01487256120890379,1
4726,0,2.592974306026008e-05,5
4727,0,0.0026319543831050396,2
4728,0,0.00043255413766019046,5
4729,0,0.002847762545570731,3
4730,0,1.4554827430401929e-05,5
4731,0,0.04875604435801506,1
4732,0,3.498590012895875e-05,4
4733,0,2.088760447804816e-05,5
4734,0,5.9909176343353465e-05,5
4735,0,0.00010531813313718885,5
4736,0,0.007574398536235094,2
4737,0,3.761879270314239e-05,2
4738,0,0.0002724750083871186,4
4739,0,0.0008282310445792973,1
4740,0,7.825969805708155e-05,2
4741,0,0.00038897705962881446,5
4742,0,8.778281335253268e-05,4
4743,0,0.00029471510788425803,4
4744,0,8.276759035652503e-05,3
4745,0,3.4725533623714e-05,1
4746,0,0.0021102067548781633,1
4747,0,0.0037669199518859386,1
4748,0,0.00790194422006607,3
4749,0,0.00013578362995758653,5
4750,0,0.0028098244220018387,4
4751,0,0.05597570538520813,3
4752,0,0.0004195788933429867,2
4753,0,0.0035813627764582634,4
4754,0,1.3626835425384343e-05,5
4755,0,1.6244521248154342e-05,2
4756,0,0.0004521393566392362,4
4757,0,0.0027345966082066298,3
4758,0,0.00037906336365267634,2
4759,0,0.006366106681525707,3
4760,0,0.00015926231571938843,5
4761,0,0.00038202269934117794,2
4762,0,0.00036961393197998405,5
4763,0,0.0004140397359151393,5
4764,0,0.0008098353864625096,2
4765,0,0.0027665155939757824,5
4766,0,0.0002422219840809703,5
4767,0,9.93061184999533e-05,2
4768,0,0.0009145173826254904,3
4769,0,0.00044611841440200806,2
4770,0,0.001461246283724904,2
4771,0,0.0010033509461209178,3
4772,0,0.0018479659920558333,5
4773,0,0.00214707781560719,2
4774,0,2.0231327653164044e-05,2
4775,0,7.487378752557561e-05,3
4776,0,0.000192030580365099,2
4777,0,7.820106111466885e-05,5
4778,0,0.0002484699652995914,4
4779,0,0.0025750042404979467,1
4780,0,0.00042231459519825876,3
4781,0,0.0010911147110164165,4
4782,0,0.0005306086386553943,2
4783,0,0.00024818157544359565,2
4784,0,0.0007031997083686292,3
4785,0,0.0009813392534852028,2
4786,0,0.00022035387519281358,2
4787,0,0.00023678195429965854,4
4788,0,0.004044207278639078,5
4789,0,0.017877189442515373,3
4790,0,3.87198815587908e-05,2
4791,0,0.005891113076359034,3
4792,0,0.00012187683023512363,2
4793,0,0.00021739718795288354,2
4794,0,0.00021504021424334496,1
4795,0,0.0006927004433237016,4
4796,0,2.687535925360862e-05,2
4797,0,0.00042403771658428013,2
4798,0,0.0029657629784196615,1
4799,0,0.00019501701171975583,3
4800,0,0.00038462376687675714,4
4801,0,0.0003283559635747224,5
4802,0,0.0036272890865802765,1
4803,0,0.001742292777635157,1
4804,0,0.0016884810756891966,3
4805,0,2.0795519958483055e-05,2
4806,0,9.622419747756794e-05,4
4807,0,0.00021031679352745414,4
4808,0,0.00013776203559245914,3
4809,0,0.00021351996110752225,4
4810,0,6.950135866645724e-05,3
4811,0,0.0003962273767683655,3
4812,0,0.00028856133576482534,1
4813,0,5.140014036442153e-05,4
4814,0,0.00035567706800065935,4
4815,0,0.0023052929900586605,3
4816,0,0.00010065102105727419,3
4817,0,0.0021006534807384014,4
4818,0,0.0015787024749442935,5
4819,0,2.1960337107884698e-05,2
4820,0,0.009006526321172714,1
4821,0,0.00011935635848203674,5
4822,0,0.001575019326992333,1
4823,0,0.0011339874472469091,1
4824,0,0.00048284855438396335,3
4825,0,0.0007848701206967235,1
4826,0,0.0018437550170347095,4
4827,0,2.512597529857885e-05,2
4828,0,0.0011024514678865671,4
4829,0,0.0004794955311808735,4
4830,0,1.884822268038988e-05,5
4831,0,0.000700911448802799,5
4832,0,0.0010338308056816459,5
4833,0,0.0024650676641613245,1
4834,0,0.0023478029761463404,2
4835,0,0.0005895009380765259,1
4836,0,0.0001273231755476445,2
4837,0,0.0032353035639971495,4
4838,0,0.00019389843509998173,2
4839,0,0.00016245670849457383,1
4840,0,0.01686343550682068,3
4841,0,3.57595672539901e-05,5
4842,0,3.6457462556427345e-05,2
4843,0,0.0001947942073456943,3
4844,0,4.4801821786677465e-05,3
4845,0,0.000665880914311856,3
4846,0,8.370195428142324e-05,4
4847,0,0.00023356972087640315,2
4848,0,0.00028944056248292327,4
4849,0,0.01353400107473135,2
4850,0,0.0006261569214984775,4
4851,0,0.00021195565932430327,5
4852,0,0.0003174854791723192,5
4853,0,0.00024219288025051355,5
4854,0,0.00016252520435955375,4
4855,0,7.176330109359697e-05,5
4856,0,0.0018083630129694939,4
4857,0,0.00028423001640476286,1
4858,0,0.006746701896190643,5
4859,0,0.0015026123728603125,5
4860,0,8.164115570252761e-05,2
4861,0,0.0001610576146049425,5
4862,0,4.308358984417282e-05,4
4863,0,0.001672998652793467,3
4864,0,3.2411848224001005e-05,3
4865,0,0.0009328244486823678,4
4866,0,0.0010203224373981357,4
4867,0,0.00113296986091882,1
4868,0,3.621877112891525e-05,5
4869,0,7.718709821347147e-05,3
4870,0,0.000351902621332556,2
4871,0,0.00018624351650942117,2
4872,0,0.00016202201368287206,4
4873,0,0.001050386345013976,4
4874,0,9.949809282261413e-06,4
4875,0,0.0003285733109805733,5
4876,0,0.00021517928689718246,4
4877,0,0.0002463946584612131,5
4878,0,0.0001987022696994245,4
4879,0,0.0001225499581778422,5
4880,0,0.0011134556261822581,4
4881,0,0.009377402253448963,5
4882,0,0.00014233817637432367,4
4883,0,0.0002203299372922629,2
4884,0,0.00015916120901238173,2
4885,0,9.534446689940523e-06,2
4886,0,8.656285353936255e-05,2
4887,0,6.453550304286182e-05,4
4888,0,0.0007281634607352316,1
4889,0,0.00021743160323239863,2
4890,0,0.00043959959293715656,1
4891,0,1.3050765119260177e-05,2
4892,0,0.002920231083407998,4
4893,0,0.0008712535491213202,4
4894,0,0.0013180746464058757,3
4895,0,0.006237291265279055,3
4896,0,0.00020538450917229056,3
4897,0,0.0004002740024589002,4
4898,0,0.0011903197737410665,1
4899,0,0.0006072876858524978,5
4900,0,0.0001509300636826083,5
4901,0,3.736675716936588e-05,4
4902,0,0.00044846368837170303,5
4903,0,0.006897358223795891,1
4904,0,0.0010014184517785907,4
4905,0,0.0001273264642804861,1
4906,0,0.006748673971742392,3
4907,0,1.5857498510740697e-05,5
4908,0,0.002520934911444783,1
4909,0,0.00047317592543549836,1
4910,0,0.0009386377059854567,4
4911,0,0.00016222607519011945,1
4912,0,0.0004273793601896614,2
4913,0,0.0021403010468930006,2
4914,0,8.226337376981974e-05,5
4915,0,0.0007349667139351368,4
4916,0,0.0004943927633576095,3
4917,0,0.0025986169930547476,4
4918,0,0.007418633438646793,3
4919,0,0.00017930830654222518,5
4920,0,0.00012711150338873267,4
4921,0,0.00018848484614863992,1
4922,0,0.0006043432513251901,2
4923,0,0.0030141081660985947,2
4924,0,0.00015719476505182683,5
4925,0,0.00016066526586655527,4
4926,0,0.0006309743039309978,4
4927,0,0.001248752698302269,1
4928,0,0.0011412655003368855,3
4929,0,0.0001529365254100412,4
4930,0,0.00042176866554655135,4
4931,0,0.00021120441670063883,2
4932,0,5.298584255797323e-06,2
4933,0,0.00029404909582808614,5
4934,0,0.02929076924920082,1
4935,0,0.0006757968221791089,4
4936,0,0.0004076776676811278,2
4937,0,0.008411649614572525,1
4938,0,1.1997640285699163e-05,5
4939,0,0.0002823827671818435,1
4940,0,7.872406422393396e-05,2
4941,0,0.0027033041696995497,4
4942,0,0.0004942467203363776,4
4943,0,0.0006901348824612796,3
4944,0,0.0010244908044114709,4
4945,0,0.0010648454772308469,4
4946,0,6.329694588202983e-05,5
4947,0,0.0006623552180826664,3
4948,0,0.0008475956274196506,1
4949,0,2.8073065550415777e-05,5
4950,0,3.101448237430304e-05,3
4951,0,0.0004357044817879796,3
4952,0,0.00039279539487324655,5
4953,0,0.00014043538249097764,3
4954,0,0.008086333982646465,1
4955,0,0.0002582328161224723,5
4956,0,0.0014298346359282732,3
4957,0,0.0002066215529339388,3
4958,0,0.0011563071748241782,4
4959,0,0.028272956609725952,1
4960,0,0.00020368082914501429,5
4961,0,0.00032150643528439105,4
4962,0,0.0019313901429995894,5
4963,0,0.0005548439221456647,2
4964,0,0.0013112749438732862,2
4965,0,0.0004789898812305182,4
4966,0,0.00018834418733604252,5
4967,0,0.0052948808297514915,1
4968,0,8.103468280751258e-05,3
4969,0,0.00012204628001200035,2
4970,0,1.2722106475848705e-05,2
4971,0,4.2271836719010025e-05,3
4972,0,0.00013955195026937872,2
4973,0,0.001472584204748273,5
4974,0,0.0002633111143950373,3
4975,0,0.0007745646289549768,2
4976,0,0.0003040249284822494,4
4977,0,0.00012279606016818434,2
4978,0,0.0002705439110286534,5
4979,0,0.0013067959807813168,3
4980,0,0.002097176853567362,4
4981,0,0.00035990902688354254,5
4982,0,0.008604224771261215,5
4983,0,0.00018271418230142444,1
4984,0,0.00041184041765518486,5
4985,0,6.778389069950208e-05,2
4986,0,0.0013220349792391062,5
4987,0,0.0012339830864220858,3
4988,0,0.0003653323510661721,5
4989,0,0.00030365295242518187,2
4990,0,0.0012512773973867297,1
4991,0,0.0005720434128306806,1
4992,0,0.0005846457206644118,3
4993,0,0.0006130001856945455,5
4994,0,0.00263447524048388,5
4995,0,0.00027546577621251345,3
4996,0,0.00013912453141529113,5
4997,0,3.8279347791103646e-05,4
4998,0,9.90837361314334e-05,2
4999,0,5.5735796195222065e-05,3
5000,0,0.0036396437790244818,3
5001,0,0.0011752912541851401,4
5002,0,0.0010562007082626224,4
5003,0,0.0024631957057863474,3
5004,0,0.002767156343907118,1
5005,0,0.0021214524749666452,1
5006,0,9.39298770390451e-05,2
5007,0,0.0003239052020944655,4
5008,0,0.00015237380284816027,5
5009,0,3.850792199955322e-05,4
5010,0,4.900747808278538e-05,2
5011,0,0.00011556286335689947,2
5012,0,0.0006782696582376957,3
5013,0,9.902082820190117e-05,5
5014,0,0.000527058495208621,1
5015,0,0.0002011828764807433,4
5016,0,0.0004314038378652185,1
5017,0,0.0002735768794082105,5
5018,0,0.0009496675920672715,4
5019,0,0.00040426061605103314,4
5020,0,0.00043459818698465824,2
5021,0,0.0016862787306308746,5
5022,0,0.008455735631287098,1
5023,0,0.0001255622919416055,5
5024,0,0.003999995067715645,4
5025,0,0.000985200284048915,2
5026,0,0.0007273080409504473,4
5027,0,0.0002192065876442939,2
5028,0,6.710632442263886e-05,3
5029,0,0.0001827504311222583,5
5030,0,0.0034567955881357193,5
5031,0,0.00039038274553604424,2
5032,0,0.00036382669350132346,2
5033,0,0.00018599169561639428,2
5034,0,3.135843144264072e-05,4
5035,0,0.0025193130131810904,3
5036,0,0.006377850659191608,3
5037,0,0.00013575307093560696,3
5038,0,0.00014096868108026683,3
5039,0,0.0022992088925093412,3
5040,0,0.0008522039861418307,1
5041,0,0.00024485206813551486,4
5042,0,0.0005158244166523218,5
5043,0,0.0004835293220821768,1
5044,0,1.4927372831152752e-05,5
5045,0,7.637554517714307e-05,3
5046,0,4.023671863251366e-05,2
5047,0,0.0013184512499719858,3
5048,0,0.0001901692885439843,4
5049,0,0.00019021153275389224,5
5050,0,0.003555153263732791,3
5051,0,9.067796781891957e-06,2
5052,0,0.00020204659085720778,5
5053,0,0.0011304046493023634,4
5054,0,0.01562342420220375,3
5055,0,0.0016441458137705922,4
5056,0,0.0004305919574107975,5
5057,0,0.00011624731996562332,2
5058,0,0.0002565361501183361,3
5059,0,0.0020452451426535845,5
5060,0,0.005178169813007116,1
5061,0,0.0004523654642980546,5
5062,0,0.0006623204681091011,5
5063,0,0.00011257440928602591,4
5064,0,0.0005858709919266403,4
5065,0,0.0001260950230062008,3
5066,0,0.04351062327623367,5
5067,0,0.0005703882779926062,1
5068,0,0.0052289110608398914,5
5069,0,0.00010429663234390318,5
5070,0,0.00018540862947702408,4
5071,0,6.345815563690849e-06,2
5072,0,0.0005235281423665583,4
5073,0,0.00035991022014059126,4
5074,0,0.0006538835004903376,5
5075,0,0.00018617960449773818,5
5076,0,1.4585842109227087e-05,3
5077,0,1.4220341654436197e-05,4
5078,0,2.6465593691682443e-05,2
5079,0,0.0006164108635857701,4
5080,0,0.0017201564041897655,2
5081,0,1.3740731446887366e-05,2
5082,0,7.443375943694264e-05,2
5083,0,0.002174197230488062,5
5084,0,0.0016962738009169698,2
5085,0,2.2640268070972525e-05,2
5086,0,0.0009592230780981481,3
5087,0,8.173322567017749e-05,2
5088,0,0.0009177038446068764,1
5089,0,0.000303093867842108,3
5090,0,9.679726645117626e-05,5
5091,0,0.00012939877342432737,5
5092,0,6.330340693239123e-05,3
5093,0,0.0007401729817502201,5
5094,0,0.0013178912922739983,4
5095,0,0.00319379149004817,4
5096,0,0.003768226830288768,4
5097,0,0.003627592232078314,3
5098,0,6.247538112802431e-05,4
5099,0,0.0013694206718355417,5
5100,0,0.013105584308505058,5
5101,0,1.2351759323792066e-05,2
5102,0,0.0009175892337225378,3
5103,0,0.00020368142577353865,2
5104,0,0.0009560533799231052,3
5105,0,0.0002316890750080347,2
5106,0,0.0012610392877832055,1
5107,0,0.0019500701455399394,4
5108,0,0.0002499395050108433,4
5109,0,0.000534303137101233,2
5110,0,9.424011659575626e-05,2
5111,0,4.629829709301703e-05,2
5112,0,0.00042518117697909474,2
5113,0,0.001568617532029748,4
5114,0,0.003491811454296112,1
5115,0,0.0002941867569461465,2
5116,0,1.2374349353194702e-05,2
5117,0,0.0013458796311169863,1
5118,0,0.00040961080230772495,3
5119,0,5.816277553094551e-05,2
5120,0,0.0006250353762879968,5
5121,0,0.00011268309754086658,1
5122,0,5.314826557878405e-05,2
5123,0,0.0014329970581457019,2
5124,0,0.0006122076301835477,1
5125,0,5.067143138148822e-05,1
5126,0,0.0002035358193097636,1
5127,0,0.0028848079964518547,2
5128,0,0.007565231062471867,5
5129,0,0.0002509022015146911,4
5130,0,1.0168387234443799e-05,5
5131,0,0.0002824333787430078,4
5132,0,0.00022020582400728017,4
5133,0,0.001103239948861301,4
5134,0,0.001920894137583673,4
5135,0,0.004083316307514906,1
5136,0,0.0004083316889591515,2
5137,0,0.00018175243167206645,1
5138,0,0.0006470571388490498,1
5139,0,0.00010521353397052735,2
5140,0,0.0011541299754753709,4
5141,0,0.012423264794051647,2
5142,0,3.717284198501147e-05,2
5143,0,0.00903763622045517,2
5144,0,0.0015208908589556813,1
5145,0,0.0012412730138748884,5
5146,0,0.00016518589109182358,4
5147,0,0.00016955005412455648,5
5148,0,9.450667857890949e-05,5
5149,0,0.00043697457294911146,4
5150,0,0.002544151386246085,2
5151,0,0.0003258170618209988,1
5152,0,0.0001730259828036651,1
5153,0,0.0013322547310963273,2
5154,0,0.0009746249997988343,1
5155,0,6.595276499865577e-05,1
5156,0,7.987848221091554e-05,5
5157,0,0.0015669955173507333,1
5158,0,0.0005593757377937436,2
5159,0,0.00036240951158106327,2
5160,0,0.078771211206913,3
5161,0,0.0018323227996006608,2
5162,0,0.0013655812945216894,2
5163,0,0.0004733710375148803,4
5164,0,0.0006031480734236538,4
5165,0,0.00013067692634649575,5
5166,0,0.00012842314026784152,3
5167,0,2.7667274480336346e-05,4
5168,0,0.00011262863699812442,2
5169,0,0.0013725509634241462,4
5170,0,0.10538890957832336,1
5171,0,0.000590266368817538,2
5172,0,5.163689638720825e-05,3
5173,0,0.0007562764221802354,5
5174,0,0.0021603608038276434,3
5175,0,0.00017388917331118137,5
5176,0,0.0005834928015246987,2
5177,0,0.0003762454725801945,4
5178,0,0.0002385592379141599,5
5179,0,0.00046228908468037844,4
5180,0,0.00024076519184745848,2
5181,0,0.0007724005845375359,5
5182,0,0.0007097843918018043,1
5183,0,0.00021551005193032324,3
5184,0,0.020077073946595192,3
5185,0,4.508206984610297e-05,5
5186,0,0.004691809881478548,4
5187,0,0.00012503418838605285,3
5188,0,0.007240735460072756,5
5189,0,7.971647573867813e-05,5
5190,0,0.0005481123807840049,1
5191,0,2.19694702536799e-05,4
5192,0,0.002971310866996646,1
5193,0,2.512618993932847e-05,3
5194,0,0.0013192080659791827,3
5195,0,0.00023288614465855062,1
5196,0,0.00028258448583073914,1
5197,0,0.0007346869679167867,2
5198,0,0.010484355501830578,4
5199,0,0.00011576050019357353,3
5200,0,0.001866280334070325,1
5201,0,1.5970837921486236e-05,2
5202,0,3.432543599046767e-05,3
5203,0,0.0014474603813141584,5
5204,0,0.0005421725218184292,1
5205,0,1.5742756659165025e-05,5
5206,0,0.03285456448793411,2
5207,0,4.182741395197809e-05,1
5208,0,0.0017907762667164207,4
5209,0,0.029639767482876778,5
5210,0,0.0008615969563834369,4
5211,0,0.0005265586078166962,5
5212,0,0.0016272926004603505,1
5213,0,0.001121525769121945,1
5214,0,0.00023398964549414814,1
5215,0,0.006394613068550825,4
5216,0,0.00014625991752836853,4
5217,0,0.002186492783948779,3
5218,0,0.021884016692638397,3
5219,0,0.000669540255330503,1
5220,0,0.00017569663759786636,5
5221,0,0.0014656081330031157,2
5222,0,0.010690080933272839,3
5223,0,0.0007065102690830827,2
5224,0,0.0015679439529776573,4
5225,0,0.00036401321995072067,1
5226,0,1.4214769180398434e-05,2
5227,0,5.478035018313676e-05,2
5228,0,0.0001361909235129133,3
5229,0,0.0009782218839973211,2
5230,0,0.0004456863389350474,1
5231,0,0.0016404681373387575,1
5232,0,0.0009536975994706154,3
5233,0,0.021857276558876038,3
5234,0,0.0006007602205500007,1
5235,0,0.006871670950204134,5
5236,0,9.366431186208501e-05,4
5237,0,0.00016868894454091787,1
5238,0,0.0312541164457798,5
5239,0,0.00011387171252863482,3
5240,0,0.0001810377580113709,5
5241,0,0.0006709839217364788,2
5242,0,8.537979738321155e-05,3
5243,0,0.00423058308660984,5
5244,0,0.0010210542241111398,2
5245,0,0.0010931637370958924,4
5246,0,0.00022704162984155118,5
5247,0,0.017664939165115356,1
5248,0,0.0001959880319191143,5
5249,0,0.0011900425888597965,5
5250,0,0.00023974583018571138,5
5251,0,0.00023549974139314145,1
5252,0,0.0005627353675663471,1
5253,0,7.385286153294146e-05,5
5254,0,0.0008232903783209622,4
5255,0,0.09493499249219894,4
5256,0,8.969046575657558e-06,5
5257,0,0.03730126842856407,1
5258,0,0.017329026013612747,1
5259,0,0.001051476108841598,1
5260,0,0.0010426085209473968,4
5261,0,0.000834589940495789,1
5262,0,0.0027279206551611423,1
5263,0,0.00040177794289775193,3
5264,0,0.0005128360935486853,4
5265,0,0.0002695238508749753,2
5266,0,0.00037884246557950974,1
5267,0,0.0013363404432311654,5
5268,0,0.008590470999479294,4
5269,0,0.0038729344960302114,2
5270,0,0.00027260309434495866,1
5271,0,0.0009917127899825573,1
5272,0,9.768649761099368e-06,2
5273,0,6.745020800735801e-05,5
5274,0,0.002115518320351839,4
5275,0,0.00021561385074164718,4
5276,0,0.0005988505436107516,5
5277,0,0.006251852959394455,1
5278,0,0.00018856700626201928,2
5279,0,0.00029519034433178604,2
5280,0,0.0012045766925439239,2
5281,0,0.0001573933259351179,1
5282,0,0.002132154069840908,2
5283,0,8.487479499308392e-05,3
5284,0,0.0005600604927167296,1
5285,0,0.00016541790682822466,2
5286,0,0.00020826597756240517,5
5287,0,0.00010191516048507765,2
5288,0,9.199880150845274e-05,3
5289,0,8.775075548328459e-05,1
5290,0,0.0012432176154106855,4
5291,0,0.0013998629292473197,1
5292,0,0.0006724392878822982,2
5293,0,0.00018039968563243747,1
5294,0,0.00021564614144153893,2
5295,0,0.0007276599062606692,1
5296,0,0.0001260751741938293,5
5297,0,0.034920815378427505,5
5298,0,9.931257409334648e-06,5
5299,0,0.002906233537942171,2
5300,0,7.723473390797153e-05,3
5301,0,0.00016362064343411475,4
5302,0,0.00011518736573634669,1
5303,0,0.0007603365811519325,2
5304,0,0.1381506323814392,2
5305,0,0.0002636346616782248,2
5306,0,0.0001382725458825007,5
5307,0,4.5819102524546906e-05,2
5308,0,6.527998630190268e-05,2
5309,0,0.001259299460798502,2
5310,0,0.0011762819485738873,1
5311,0,0.0006250273436307907,3
5312,0,0.000582955835852772,3
5313,0,0.37091943621635437,3
5314,0,0.0007097959169186652,2
5315,0,0.0001574532361701131,1
5316,0,6.786350422771648e-05,4
5317,0,0.0011205155169591308,1
5318,0,0.0007340812007896602,2
5319,0,0.0029896674677729607,4
5320,0,4.9425238103140146e-05,5
5321,0,0.00020591332577168941,2
5322,0,4.06071194447577e-05,3
5323,0,0.3551510274410248,1
5324,0,0.008674358017742634,2
5325,0,3.315586945973337e-05,3
5326,0,4.817609442397952e-05,4
5327,0,0.00026935379719361663,2
5328,0,0.00013548499555326998,1
5329,0,0.0004541762755252421,2
5330,0,0.0004654144577216357,4
5331,0,0.000513098668307066,4
5332,0,0.00048357542254962027,2
5333,0,0.0004946946864947677,1
5334,0,0.0011604406172409654,4
5335,0,0.0026825466193258762,1
5336,0,0.0015347771113738418,2
5337,0,4.040425119455904e-05,2
5338,0,0.00032708561047911644,2
5339,0,2.3457934730686247e-05,2
5340,0,0.000688570667989552,3
5341,0,0.0007688989862799644,5
5342,0,0.004700283985584974,1
5343,0,7.51310508348979e-05,1
5344,0,0.00010858655878109857,4
5345,0,0.0014868814032524824,1
5346,0,0.0011543933069333434,5
5347,0,0.006389489397406578,5
5348,0,2.045901055680588e-05,5
5349,0,0.004913729149848223,5
5350,0,0.0007136987405829132,4
5351,0,0.004124579485505819,4
5352,0,0.003775779390707612,4
5353,0,0.0024024336598813534,1
5354,0,3.443612149567343e-05,5
5355,0,0.00038361697806976736,2
5356,0,0.0001405095827067271,5
5357,0,0.00024050043430179358,2
5358,0,4.423410246090498e-06,5
5359,0,0.014975623227655888,5
5360,0,0.0007561946986243129,3
5361,0,0.00019051558047067374,5
5362,0,0.02004779316484928,5
5363,0,0.006988450884819031,1
5364,0,0.00022461009211838245,1
5365,0,0.005570614244788885,1
5366,0,0.0016895326552912593,3
5367,0,0.00043073465349152684,1
5368,0,0.00012638150656130165,3
5369,0,0.003244711086153984,1
5370,0,0.1578150987625122,1
5371,0,0.0008351551368832588,3
5372,0,0.0001672650541877374,1
5373,0,0.0009895090479403734,2
5374,0,0.00012370631156954914,2
5375,0,0.0044726477935910225,3
5376,0,0.0007739777211099863,1
5377,0,0.00010126020788447931,4
5378,0,0.0024813110940158367,5
5379,0,0.0007759971194900572,2
5380,0,0.002763800323009491,1
5381,0,0.0003296727663837373,3
5382,0,7.283155719051138e-05,1
5383,0,0.04666184261441231,5
5384,0,0.00027893579681403935,4
5385,0,0.00014063612616155297,5
5386,0,0.002285323105752468,1
5387,0,0.013774387538433075,5
5388,0,0.006711812224239111,5
5389,0,0.0015397618990391493,2
5390,0,0.001889284118078649,2
5391,0,2.8176702471682802e-05,2
5392,0,0.0005621007294394076,4
5393,0,3.752946213353425e-05,4
5394,0,0.0007000907207839191,3
5395,0,0.0005602308083325624,2
5396,0,6.936654972378165e-05,1
5397,0,4.827791781281121e-05,4
5398,0,5.144677561474964e-05,4
5399,0,0.00016272150969598442,3
5400,0,0.0005309238331392407,5
5401,0,0.0011622332967817783,4
5402,0,0.008671200834214687,1
5403,0,0.007927869446575642,3
5404,0,0.533619225025177,1
5405,0,0.003983389586210251,4
5406,0,0.713546872138977,5
5407,0,2.3639500795979984e-05,2
5408,0,4.4113614421803504e-05,1
5409,0,0.0008841449744068086,4
5410,0,0.013247976079583168,2
5411,0,0.00011636798444669694,4
5412,0,0.0002457119699101895,3
5413,0,7.561231905128807e-05,2
5414,0,0.0007871651323512197,4
5415,0,0.0010529195424169302,3
5416,0,1.681429785094224e-05,2
5417,0,0.0002305447414983064,2
5418,0,0.0002328852569917217,3
5419,0,0.0005222803447395563,4
5420,0,0.002687603235244751,1
5421,0,0.002165719633921981,1
5422,0,0.00015022166189737618,4
5423,0,0.00017741952615324408,2
5424,0,0.1850079745054245,5
5425,0,0.00039927000761963427,1
5426,0,4.775942215928808e-05,5
5427,0,0.001357703236863017,5
5428,0,0.0032513306941837072,4
5429,0,0.0004884883528575301,2
5430,0,0.00017322952044196427,1
5431,0,0.0008561538998037577,1
5432,0,0.00011223924229852855,2
5433,0,0.023703789338469505,3
5434,0,0.0008913619676604867,1
5435,0,0.01683737337589264,4
5436,0,0.0008076474769040942,2
5437,0,0.005029886029660702,1
5438,0,8.91980598680675e-05,3
5439,0,0.01257547177374363,4
5440,0,3.847958578262478e-05,4
5441,0,4.142560646869242e-05,5
5442,0,0.0009338523959740996,5
5443,0,0.01545296423137188,1
5444,0,0.0035967440344393253,4
5445,0,0.03877056762576103,5
5446,0,0.016279766336083412,2
5447,0,0.0011140094138681889,5
5448,0,0.013074962422251701,4
5449,0,0.013590661808848381,2
5450,0,0.0006673831376247108,4
5451,0,0.0070484173484146595,4
5452,0,0.0003538995224516839,1
5453,0,0.0005997619009576738,1
5454,0,5.854133632965386e-05,2
5455,0,0.012912648729979992,3
5456,0,7.48238162486814e-05,3
5457,0,0.00013939448399469256,2
5458,0,0.000808308832347393,1
5459,0,0.00014971515338402241,2
5460,0,0.0008417723583988845,5
5461,0,0.00021622941130772233,1
5462,0,0.0005321684293448925,3
5463,0,0.018084414303302765,4
5464,0,0.00015644441009499133,4
5465,0,0.0007274095551110804,3
5466,0,0.009144598618149757,1
5467,0,0.05627484992146492,4
5468,0,0.0006822629366070032,2
5469,0,0.0006869923090562224,1
5470,0,0.008401202969253063,3
5471,0,0.011434024199843407,2
5472,0,0.01347743347287178,5
5473,0,0.6601011753082275,1
5474,0,7.749626820441335e-05,1
5475,0,0.0013545292895287275,4
5476,0,0.005481691565364599,3
5477,0,0.0011432274477556348,5
5478,0,0.00017607164045330137,5
5479,0,0.011142600327730179,3
5480,0,0.00019377957505639642,4
5481,0,4.551829624688253e-05,1
5482,0,0.00018739656661637127,5
5483,0,7.476426617358811e-06,2
5484,0,0.00014315376756712794,3
5485,0,0.033779121935367584,4
5486,0,0.0007776538259349763,3
5487,0,8.089501352515072e-05,2
5488,0,0.055386342108249664,3
5489,0,0.0038468644488602877,3
5490,0,0.0005584501195698977,2
5491,0,0.00014618309796787798,2
5492,0,0.00016954439342953265,1
5493,0,0.000607396534178406,1
5494,0,0.00023358264297712594,5
5495,0,0.0005467640585266054,1
5496,0,0.000308596296235919,1
5497,0,0.0017790908459573984,1
5498,0,0.0009313035989180207,4
5499,0,0.002253918210044503,2
5500,0,0.0014622616581618786,5
5501,0,0.0003908904909621924,3
5502,0,0.004169777035713196,2
5503,0,0.0003705191775225103,3
5504,0,3.9016591472318396e-05,2
5505,0,9.594391303835437e-05,5
5506,0,0.0064888810738921165,1
5507,0,0.00029117261874489486,5
5508,0,0.00039394156192429364,3
5509,0,0.0005229959497228265,2
5510,0,1.5347446606028825e-05,5
5511,0,0.04670582711696625,1
5512,0,0.08368190377950668,1
5513,0,0.0019568027928471565,1
5514,0,0.013806228525936604,1
5515,0,0.00019198023073840886,4
5516,0,0.0035192156210541725,3
5517,0,0.0008808240527287126,5
5518,0,0.0007103964453563094,4
5519,0,0.0022072962019592524,5
5520,0,3.504443520796485e-05,1
5521,0,0.00274013658054173,1
5522,0,0.0002679095487110317,2
5523,0,0.003313946770504117,2
5524,0,0.00011801638902397826,5
5525,0,0.00013829825911670923,5
5526,0,0.005253359209746122,2
5527,0,0.00013452002895064652,4
5528,0,0.00019180822710040957,5
5529,0,0.0013241191627457738,2
5530,0,1.2868778867414221e-05,5
5531,0,0.003665034892037511,4
5532,0,0.000606585992500186,4
5533,0,1.3841608961229213e-05,3
5534,0,0.00037590559804812074,4
5535,0,0.0003948320518247783,4
5536,0,0.0005426813149824739,1
5537,0,0.0001711398654151708,2
5538,0,3.0524839530698955e-05,1
5539,0,2.5951860152417794e-05,2
5540,0,0.002037092810496688,3
5541,0,0.0003007261548191309,1
5542,0,0.002806460950523615,2
5543,0,0.002515540225431323,1
5544,0,0.14229527115821838,1
5545,0,0.012500319629907608,2
5546,0,0.00042570801451802254,1
5547,0,1.4356453903019428e-05,4
5548,0,2.7995854907203466e-05,5
5549,0,0.00027135477284900844,2
5550,0,0.0008618966094218194,1
5551,0,0.00026600752607919276,5
5552,0,9.299922385253012e-05,1
5553,0,6.540474259963958e-06,4
5554,0,0.0003635101893451065,5
5555,0,0.0019430334214121103,5
5556,0,0.0008730486151762307,1
5557,0,0.00035712262615561485,5
5558,0,0.00013016245793551207,2
5559,0,4.6739918616367504e-05,5
5560,0,0.0001506687985965982,2
5561,0,3.267365173087455e-05,4
5562,0,0.000921612314414233,2
5563,0,0.0011659313458949327,5
5564,0,8.283645001938567e-05,4
5565,0,0.00014941194967832416,3
5566,0,1.2901280570076779e-05,2
5567,0,5.7455385103821754e-05,2
5568,0,0.003126802621409297,1
5569,0,0.0007107221754267812,3
5570,0,0.0003474006080068648,2
5571,0,0.0006156986346468329,2
5572,0,0.0002733364817686379,5
5573,0,0.0001512676535639912,2
5574,0,2.699825017771218e-05,2
5575,0,0.0019993940368294716,1
5576,0,0.000943982508033514,5
5577,0,0.0010804994963109493,5
5578,0,2.3742002667859197e-05,3
5579,0,0.013038610108196735,1
5580,0,9.299986231781077e-06,3
5581,0,2.447863698762376e-05,3
5582,0,0.00021819212997797877,2
5583,0,0.0001674207887845114,1
5584,0,0.0002067772438749671,2
5585,0,0.000484776304801926,2
5586,0,0.00039079308044165373,5
5587,0,0.004481286741793156,5
5588,0,0.0002672926348168403,1
5589,0,8.875913044903427e-05,5
5590,0,0.00011376340262359008,1
5591,0,0.00038435234455391765,4
5592,0,3.247316999477334e-05,5
5593,0,0.0001396838779328391,3
5594,0,0.0004855492734350264,2
5595,0,0.000402460660552606,2
5596,0,1.4225198356143665e-05,3
5597,0,7.802207619533874e-06,4
5598,0,0.0036695513408631086,4
5599,0,0.0006381937419064343,5
5600,0,0.00017791707068681717,5
5601,0,0.010418514721095562,3
5602,0,9.264764230465516e-05,4
5603,0,3.2301841201842763e-06,5
5604,0,0.0002779999340418726,4
5605,0,0.0010755734983831644,5
5606,0,0.0003600135096348822,5
5607,0,0.0004377091536298394,4
5608,0,9.175042941933498e-05,3
5609,0,0.000967643572948873,4
5610,0,8.119526319205761e-05,5
5611,0,0.00014998634287621826,4
5612,0,4.604630885296501e-05,5
5613,0,0.0008751661516726017,1
5614,0,6.492165266536176e-05,3
5615,0,7.12765395292081e-05,4
5616,0,0.0001311416708631441,2
5617,0,0.007003845181316137,4
5618,0,0.0013003033818677068,5
5619,0,0.00032325737993232906,5
5620,0,3.818684854195453e-05,3
5621,0,0.0004033319710288197,2
5622,0,0.004871773067861795,1
5623,0,0.006200848612934351,5
5624,0,0.00012292328756302595,3
5625,0,0.0003635314933490008,3
5626,0,0.0039437939412891865,4
5627,0,2.870634853024967e-05,3
5628,0,0.0003259571676608175,4
5629,0,0.0004196407098788768,1
5630,0,0.00013112116721458733,1
5631,0,0.003011869266629219,2
5632,0,0.001749129849486053,4
5633,0,0.0007119695656001568,1
5634,0,0.0009687887504696846,1
5635,0,1.9239272660342976e-05,2
5636,0,5.2165785746183246e-05,2
5637,0,0.0006710926536470652,5
5638,0,0.00010725430911406875,5
5639,0,5.2492498070932925e-05,5
5640,0,7.463753718184307e-05,2
5641,0,0.0006309818127192557,1
5642,0,4.1865045204758644e-05,5
5643,0,0.006077879574149847,3
5644,0,0.00020684073388110846,4
5645,0,8.510098996339366e-05,4
5646,0,9.069283987628296e-05,5
5647,0,0.0005305750528350472,2
5648,0,0.005657493602484465,1
5649,0,0.00035608591861091554,1
5650,0,0.0009161142515949905,3
5651,0,0.21471452713012695,4
5652,0,0.0016661578556522727,1
5653,0,0.0033108878415077925,5
5654,0,7.506773545173928e-05,5
5655,0,0.00033149600494652987,3
5656,0,0.00020106608280912042,4
5657,0,0.00025113363517448306,2
5658,0,0.00025964670930989087,2
5659,0,8.460336539428681e-05,3
5660,0,7.197994273155928e-05,2
5661,0,4.943320163874887e-05,4
5662,0,0.0011936852242797613,2
5663,0,0.0001468317350372672,5
5664,0,0.0013996596680954099,3
5665,0,0.0012175849406048656,5
5666,0,0.00046835842658765614,2
5667,0,0.0021371464245021343,5
5668,0,8.484234422212467e-05,3
5669,0,0.0010291679063811898,2
5670,0,1.6688494724803604e-05,2
5671,0,0.003522278508171439,4
5672,0,4.278833876014687e-05,4
5673,0,8.031616744119674e-06,5
5674,0,6.311931065283716e-05,3
5675,0,0.001510549453087151,2
5676,0,0.0003654237953014672,5
5677,0,0.0009915923001244664,3
5678,0,0.004822317976504564,1
5679,0,0.0013432903215289116,1
5680,0,0.0006189381238073111,2
5681,0,0.0008745947270654142,5
5682,0,0.000196671491721645,1
5683,0,0.00017065963766071945,4
5684,0,0.00013922565267421305,2
5685,0,7.2958578130055685e-06,5
5686,0,0.0001803217746783048,4
5687,0,0.0017843039240688086,1
5688,0,0.001002955250442028,3
5689,0,4.806357901543379e-05,2
5690,0,0.00015323211846407503,3
5691,0,0.0006101923645474017,2
5692,0,0.00020547931490000337,2
5693,0,0.0012570578837767243,2
5694,0,4.2126721382373944e-05,1
5695,0,0.00021152565022930503,2
5696,0,6.079483500798233e-05,3
5697,0,0.0015843742294237018,2
5698,0,0.0005032141925767064,2
5699,0,0.00021526936325244606,5
5700,0,0.00010655366349965334,5
5701,0,7.821292092557997e-05,2
5702,0,0.0025112018920481205,3
5703,0,4.9344893341185525e-05,2
5704,0,0.00030542086460627615,3
5705,0,0.0010181569959968328,3
5706,0,0.0035951256286352873,3
5707,0,3.998868851340376e-05,1
5708,0,6.28212874289602e-05,5
5709,0,0.0002536025713197887,3
5710,0,3.843048034468666e-05,3
5711,0,7.567715783807216e-06,4
5712,0,0.00018880249990615994,2
5713,0,0.0009217229671776295,2
5714,0,8.506107405992225e-05,2
5715,0,0.00023960827093105763,1
5716,0,0.0002954068477265537,1
5717,0,0.00019368536595720798,2
5718,0,7.019540498731658e-05,2
5719,0,0.0003614525485318154,2
5720,0,0.002011962467804551,4
5721,0,0.0005560400895774364,2
5722,0,0.0006850861245766282,4
5723,0,0.014930813573300838,2
5724,0,5.9827594668604434e-05,5
5725,0,0.003041118150576949,3
5726,0,0.0001347752840956673,2
5727,0,0.00027738543576560915,2
5728,0,0.00022333436936605722,2
5729,0,0.0015193280996754766,5
5730,0,0.00048590212827548385,1
5731,0,0.00037000703741796315,4
5732,0,0.002495420631021261,3
5733,0,0.00014695260324515402,4
5734,0,0.00045968894846737385,5
5735,0,0.004205964971333742,2
5736,0,0.0019089290872216225,2
5737,0,2.900522122217808e-05,3
5738,0,8.514108776580542e-05,2
5739,0,0.021647298708558083,2
5740,0,2.685281287995167e-05,1
5741,0,1.5347533917520195e-05,5
5742,0,0.00017800954810809344,5
5743,0,0.004750882275402546,1
5744,0,3.2627878681523725e-05,2
5745,0,0.0002337842743145302,3
5746,0,0.0005193098331801593,4
5747,0,0.001104451366700232,4
5748,0,0.003969442564994097,3
5749,0,0.0002616801066324115,4
5750,0,0.0015676207840442657,1
5751,0,0.00011051133333239704,2
5752,0,0.004641766659915447,2
5753,0,0.0022218271624296904,4
5754,0,0.00014987727627158165,5
5755,0,0.00014123441360425204,1
5756,0,0.00016174864140339196,4
5757,0,0.007615784183144569,4
5758,0,2.3358506950899027e-05,2
5759,0,0.001136744860559702,1
5760,0,4.711524525191635e-05,2
5761,0,7.323220779653639e-05,3
5762,0,2.777733425318729e-05,2
5763,0,0.00016086024697870016,1
5764,0,0.0004480342613533139,2
5765,0,7.721035944996402e-05,4
5766,0,0.00026343765784986317,1
5767,0,0.0002975391980726272,1
5768,0,0.0005368325510062277,4
5769,0,0.0002622268220875412,4
5770,0,0.0031837502028793097,4
5771,0,0.0014783209189772606,3
5772,0,0.0006984832580201328,2
5773,0,7.70164406276308e-05,4
5774,0,0.009939022362232208,2
5775,0,1.7549138647154905e-05,2
5776,0,1.097401309380075e-05,1
5777,0,0.00011373269808245823,2
5778,0,0.0004622137057594955,4
5779,0,0.0006805183365941048,1
5780,0,0.00021559206652455032,1
5781,0,3.875818947562948e-05,2
5782,0,7.922389340819791e-05,3
5783,0,3.868264320772141e-05,5
5784,0,0.00013223425776232034,4
5785,0,8.751417772145942e-05,5
5786,0,1.7178477719426155e-05,3
5787,0,0.0002139481221092865,1
5788,0,0.000966326508205384,1
5789,0,0.0003504303749650717,3
5790,0,7.160108361858875e-05,4
5791,0,0.00039003457641229033,2
5792,0,0.00035096448846161366,2
5793,0,2.5579682187526487e-05,5
5794,0,7.347016435232945e-06,5
5795,0,5.607256753137335e-05,2
5796,0,9.099586168304086e-05,2
5797,0,0.0005592837696895003,4
5798,0,0.00010244199074804783,4
5799,0,0.0007187198498286307,4
5800,0,9.961197793018073e-05,4
5801,0,9.089925151783973e-05,5
5802,0,3.174204539391212e-05,4
5803,0,4.28636085416656e-05,5
5804,0,0.000946839340031147,3
5805,0,0.00024729251163080335,4
5806,0,0.00024254483287222683,1
5807,0,0.0032101201359182596,2
5808,0,0.00012859322305303067,5
5809,0,0.0008144640596583486,4
5810,0,0.0001498446799814701,3
5811,0,2.6642324883141555e-05,3
5812,0,5.6442630011588335e-05,3
5813,0,0.00026950021856464446,3
5814,0,0.0003485962806735188,3
5815,0,0.0005967802135273814,1
5816,0,4.689751222031191e-06,5
5817,0,3.656473563751206e-05,1
5818,0,0.00011715359869413078,4
5819,0,0.00026701652677729726,2
5820,0,6.973291601752862e-05,4
5821,0,5.70605589018669e-05,4
5822,0,5.8166220696875826e-05,2
5823,0,0.005164527799934149,1
5824,0,0.0006249466096051037,5
5825,0,1.3066082829027437e-05,5
5826,0,9.13969415705651e-05,5
5827,0,0.00045377513743005693,3
5828,0,8.88792346813716e-05,4
5829,0,0.00018422547145746648,1
5830,0,0.00092702591791749,4
5831,0,0.0036405466962605715,1
5832,0,5.7480214309180155e-05,1
5833,0,0.006586831994354725,4
5834,0,0.00011981145507888868,2
5835,0,0.0003779361431952566,2
5836,0,0.0020048925653100014,1
5837,0,8.080088446149603e-05,1
5838,0,0.0017847627168521285,2
5839,0,0.0013727967161685228,4
5840,0,0.0025927915703505278,3
5841,0,2.4073578970273957e-06,2
5842,0,2.283969115524087e-05,4
5843,0,0.0006987585802562535,2
5844,0,4.044893285026774e-05,3
5845,0,0.0006441253353841603,3
5846,0,0.03083672747015953,2
5847,0,0.00034088498796336353,4
5848,0,2.497363675502129e-05,3
5849,0,0.00863937009125948,1
5850,0,0.00016403006156906486,5
5851,0,0.00012648760457523167,1
5852,0,3.6864617868559435e-05,2
5853,0,0.16147135198116302,3
5854,0,0.00018311987514607608,5
5855,0,0.004192044027149677,3
5856,0,0.0003707863506861031,1
5857,0,0.0006364596192725003,3
5858,0,5.772586155217141e-05,1
5859,0,4.882781013293425e-06,5
5860,0,0.00014202376769389957,3
5861,0,0.00011371307482477278,4
5862,0,4.925467146676965e-05,2
5863,0,0.0003890877705998719,3
5864,0,0.00013012919225730002,2
5865,0,0.0001899741037050262,1
5866,0,0.00020545443112496287,4
5867,0,8.358510240213946e-05,3
5868,0,0.0009100561146624386,1
5869,0,0.0001716284896247089,2
5870,0,0.00016812948160804808,2
5871,0,0.0002150188956875354,1
5872,0,0.0015888535417616367,1
5873,0,0.0017518254462629557,1
5874,0,0.00042374557233415544,5
5875,0,0.00018793606432154775,1
5876,0,9.085149940801784e-05,3
5877,0,0.00014933817146811634,4
5878,0,0.00017978767573367804,4
5879,0,0.00018647167598828673,2
5880,0,0.00016638729721307755,4
5881,0,0.0002195829147240147,4
5882,0,0.0008466668659821153,4
5883,0,0.003159253392368555,4
5884,0,0.00040794763481244445,3
5885,0,0.0003744811692740768,2
5886,0,0.0001454637967981398,5
5887,0,6.149629189167172e-05,2
5888,0,0.002066798508167267,1
5889,0,0.0001186194276669994,1
5890,0,0.00025002530310302973,1
5891,0,0.02170618623495102,1
5892,0,0.00037013934343121946,2
5893,0,0.0019971118308603764,5
5894,0,0.00018152625125367194,1
5895,0,2.9114882636349648e-05,5
5896,0,0.00021673388255294412,5
5897,0,0.00017782379291020334,4
5898,0,0.0008864309056662023,5
5899,0,0.0001085536350728944,3
5900,0,7.268827175721526e-05,3
5901,0,3.159029802191071e-05,3
5902,0,0.003256574971601367,3
5903,0,0.00016404523921664804,5
5904,0,0.0005565008614212275,4
5905,0,0.00048188440268859267,3
5906,0,0.0002679862082004547,4
5907,0,5.8606576203601435e-05,4
5908,0,0.06686218827962875,2
5909,0,6.262127863010392e-05,2
5910,0,0.003388006938621402,3
5911,0,0.00019498540495987982,4
5912,0,0.0006266589625738561,5
5913,0,0.00012342706031631678,3
5914,0,0.0023109051398932934,5
5915,0,0.00021808376186527312,3
5916,0,0.00121491274330765,5
5917,0,0.0001834870781749487,5
5918,0,0.06711982935667038,5
5919,0,6.420990393962711e-05,4
5920,0,0.0007688455516472459,3
5921,0,0.00017853309691417962,3
5922,0,6.732572364853695e-05,3
5923,0,0.0003786825109273195,3
5924,0,0.00011897399235749617,4
5925,0,0.00016875714936759323,1
5926,0,0.0003636202309280634,4
5927,0,0.0002458572562318295,4
5928,0,0.005869785789400339,3
5929,0,0.00012299587251618505,3
5930,0,0.0002748228143900633,5
5931,0,0.0002244820789201185,2
5932,0,0.0009229005081579089,4
5933,0,0.00029485506820492446,5
5934,0,0.00010039374319603667,2
5935,0,0.03758625686168671,4
5936,0,0.0005205934285186231,1
5937,0,0.000975877046585083,2
5938,0,0.06734037399291992,5
5939,0,0.0006013130187056959,4
5940,0,0.00037315100780688226,3
5941,0,0.00015661664656363428,5
5942,0,0.00028186122654005885,4
5943,0,4.022030043415725e-05,3
5944,0,0.0005089187761768699,2
5945,0,0.0008323490619659424,1
5946,0,0.00022070691920816898,1
5947,0,1.8922518165709334e-06,5
5948,0,0.00011832413292722777,4
5949,0,4.823921699426137e-05,1
5950,0,6.229375139810145e-05,3
5951,0,6.795481749577448e-05,5
5952,0,0.0001850827393354848,1
5953,0,0.0008459794917143881,4
5954,0,1.5727255231468007e-05,4
5955,0,0.01830017939209938,1
5956,0,0.0002292744320584461,3
5957,0,0.0001345750642940402,1
5958,0,0.002598932245746255,1
5959,0,5.482686174218543e-05,1
5960,0,0.0003235499607399106,2
5961,0,0.024218104779720306,2
5962,0,0.0004995512426830828,1
5963,0,0.00040929755778051913,1
5964,0,0.00012607565440703183,4
5965,0,0.006525089498609304,1
5966,0,6.441161531256512e-05,2
5967,0,9.873222006717697e-05,4
5968,0,0.0022749591153115034,1
5969,0,1.938105015142355e-05,5
5970,0,0.0008130191126838326,2
5971,0,8.193081157514825e-05,1
5972,0,0.001640286180190742,2
5973,0,7.935961912153289e-05,3
5974,0,0.00016077545296866447,4
5975,0,0.0005957024986855686,4
5976,0,0.00124989147298038,4
5977,0,9.785172733245417e-05,5
5978,0,0.00010481239587534219,1
5979,0,0.0008143996819853783,4
5980,0,0.00044515266199596226,2
5981,0,0.0058488622307777405,3
5982,0,8.711103146197274e-05,1
5983,0,0.0001366059441352263,3
5984,0,9.561529441270977e-05,3
5985,0,0.0015839700354263186,2
5986,0,0.00012163788051111624,1
5987,0,0.0008398551726713777,3
5988,0,9.956150279322173e-06,3
5989,0,2.0126277377130464e-05,2
5990,0,0.0009548436501063406,4
5991,0,2.07563498406671e-05,3
5992,0,5.3229927289066836e-05,1
5993,0,8.584636816522107e-05,2
5994,0,0.00010962099622702226,2
5995,0,0.0008682439802214503,2
5996,0,0.0018962322501465678,2
5997,0,0.0011805822141468525,2
5998,0,3.0435139706241898e-05,3
5999,0,0.00015077645366545767,1
6000,0,0.00046093377750366926,2
6001,0,0.00011729209654731676,2
6002,0,4.575565617415123e-05,5
6003,0,5.288457487040432e-06,5
6004,0,0.0013348375214263797,1
6005,0,7.057921175146475e-05,2
6006,0,0.00038878872874192894,2
6007,0,0.00025948311667889357,3
6008,0,0.002831428311765194,1
6009,0,0.00016146879352163523,2
6010,0,0.0004634969518519938,1
6011,0,0.00021495780674740672,3
6012,0,0.0001932669838424772,3
6013,0,0.00011358768097124994,2
6014,0,0.00012019433779641986,5
6015,0,0.00017344785737805068,4
6016,0,0.003901903284713626,4
6017,0,0.0019084668019786477,5
6018,0,3.345451841596514e-05,2
6019,0,0.0012462408049032092,2
6020,0,0.0007467950927093625,2
6021,0,8.427323336945847e-05,3
6022,0,7.80091286287643e-05,2
6023,0,0.00108378438744694,2
6024,0,2.5824594558798708e-05,3
6025,0,0.0050332737155258656,4
6026,0,0.0004652063944377005,1
6027,0,9.58491800702177e-05,2
6028,0,2.3992326532606967e-05,4
6029,0,0.0001634205982554704,2
6030,0,0.013602454215288162,5
6031,0,0.0002658680605236441,4
6032,0,0.0005322942743077874,3
6033,0,5.387281271396205e-05,2
6034,0,0.00015640651690773666,1
6035,0,0.0002958693658001721,5
6036,0,9.773665078682825e-05,1
6037,0,1.1458687367849052e-05,5
6038,0,0.002168980659916997,4
6039,0,5.695031359209679e-05,5
6040,0,0.00010858448513317853,1
6041,0,3.2909592846408486e-05,3
6042,0,0.000209402569453232,5
6043,0,1.6616142602288164e-05,3
6044,0,0.00011644847108982503,3
6045,0,3.216732511646114e-05,4
6046,0,0.00021522215683944523,2
6047,0,0.0003018610877916217,3
6048,0,4.7973644541343674e-05,5
6049,0,0.00014375674072653055,4
6050,0,6.250285514397547e-05,3
6051,0,7.136251224437729e-05,5
6052,0,0.00011404841643525288,5
6053,0,1.455486926715821e-05,5
6054,0,6.801880954299122e-05,3
6055,0,0.00012562324991449714,1
6056,0,0.00021304815891198814,4
6057,0,6.095110438764095e-05,5
6058,0,0.0003590019477996975,2
6059,0,0.00020403966482263058,5
6060,0,0.0003697852371260524,4
6061,0,0.00022888806415721774,4
6062,0,0.0014190827496349812,4
6063,0,0.00029724318301305175,1
6064,0,0.006779244635254145,1
6065,0,0.03141287714242935,1
6066,0,0.05173584073781967,1
6067,0,0.0003383945149835199,1
6068,0,0.0001360246678814292,4
6069,0,0.00017468701116740704,4
6070,0,0.0019257033709436655,3
6071,0,0.00020294399291742593,5
6072,0,0.00011368228297214955,3
6073,0,0.0010840136092156172,4
6074,0,0.001807611552067101,3
6075,0,0.003651372855529189,1
6076,0,0.0051833949983119965,4
6077,0,0.0008502338896505535,2
6078,0,0.002243842463940382,4
6079,0,1.782561230356805e-05,3
6080,0,5.6989862059708685e-05,4
6081,0,2.8266809749766253e-05,5
6082,0,0.0003968703967984766,4
6083,0,5.4337950132321566e-05,1
6084,0,3.6040812119608745e-05,2
6085,0,1.7301819752901793e-05,3
6086,0,0.0006401235586963594,1
6087,0,0.0013905201340094209,4
6088,0,0.0001335488195763901,4
6089,0,0.0001250533969141543,3
6090,0,0.00042712746653705835,5
6091,0,4.2288087570341304e-05,3
6092,0,5.9307207266101614e-05,3
6093,0,0.0001424537185812369,5
6094,0,6.000620942359092e-06,5
6095,0,0.04823610186576843,4
6096,0,0.0006440405850298703,4
6097,0,6.593651505681919e-06,3
6098,0,0.0016537760384380817,4
6099,0,2.711234401431284e-06,5
6100,0,8.274988431367092e-06,5
6101,0,0.0007882975041866302,5
6102,0,0.00019301708380226046,2
6103,0,0.00028293250943534076,2
6104,0,0.00016946083633229136,2
6105,0,0.0009431240614503622,3
6106,0,0.0007928968407213688,2
6107,0,8.88787253643386e-05,4
6108,0,0.00012273051834199578,1
6109,0,5.0770493544405326e-05,5
6110,0,0.0009374726796522737,2
6111,0,2.8678849048446864e-05,4
6112,0,3.291954271844588e-05,1
6113,0,0.0006760535179637372,1
6114,0,1.3798050531477202e-05,5
6115,0,0.00021290297445375472,1
6116,0,1.5002641703176778e-05,5
6117,0,0.00011503051064210013,2
6118,0,3.0155788408592343e-06,2
6119,0,3.633050437201746e-05,1
6120,0,2.509766818548087e-05,5
6121,0,4.0658775105839595e-05,5
6122,0,1.9027413145522587e-05,5
6123,0,0.0006025548209436238,1
6124,0,1.804891144274734e-05,3
6125,0,0.0014147741021588445,3
6126,0,2.3077242076396942e-05,2
6127,0,0.005310512147843838,1
6128,0,8.795703365649388e-07,5
6129,0,0.00024599983589723706,3
6130,0,0.0001427841925760731,1
6131,0,0.008809597231447697,4
6132,0,0.00042156485142186284,5
6133,0,0.00020237242279108614,1
6134,0,5.150494689587504e-05,4
6135,0,0.0026524716522544622,3
6136,0,0.00016970095748547465,1
6137,0,9.33359406189993e-05,5
6138,0,0.008503805845975876,3
6139,0,0.000319814047543332,5
6140,0,0.000533148820977658,2
6141,0,0.00014043042028788477,2
6142,0,0.00014304992510005832,2
6143,0,0.0033924728631973267,4
6144,0,0.0019413982518017292,5
6145,0,0.0001087040436686948,3
6146,0,0.00034696984221227467,4
6147,0,0.006163235288113356,4
6148,0,0.0013589056907221675,2
6149,0,0.0002688404347281903,4
6150,0,0.00044272144441492856,1
6151,0,0.00021550760720856488,5
6152,0,0.0002493829815648496,3
6153,0,7.518251368310302e-05,2
6154,0,0.00030518247513100505,2
6155,0,0.0007449004915542901,1
6156,0,0.00016500863421242684,2
6157,0,0.00024092663079500198,5
6158,0,9.434523235540837e-05,3
6159,0,0.001380406552925706,2
6160,0,3.360804112162441e-05,2
6161,0,0.003107665339484811,4
6162,0,7.351916428888217e-05,3
6163,0,0.0018975131679326296,5
6164,0,0.00041907382546924055,3
6165,0,0.009143868461251259,2
6166,0,0.00027910739299841225,5
6167,0,0.0028045906219631433,1
6168,0,7.020128123258473e-06,5
6169,0,0.00024315771588589996,5
6170,0,4.013596844743006e-05,4
6171,0,0.0007028261898085475,2
6172,0,0.0009239703649654984,5
6173,0,0.00039409371674992144,2
6174,0,0.0002749297418631613,3
6175,0,8.176900882972404e-05,5
6176,0,0.00013417465379461646,3
6177,0,0.0007123675895854831,5
6178,0,0.0001206590750371106,5
6179,0,0.00019079771300312132,4
6180,0,0.0002176452544517815,2
6181,0,4.0621296648168936e-05,4
6182,0,0.0005576945259235799,2
6183,0,1.3562323147198185e-05,3
6184,0,0.0002660643367562443,3
6185,0,0.0012398904655128717,4
6186,0,0.00037224782863631845,5
6187,0,0.0011615377152338624,4
6188,0,0.00018453453958500177,2
6189,0,7.91846978245303e-05,4
6190,0,4.159142554271966e-05,3
6191,0,0.0006363349384628236,2
6192,0,0.0005541702848859131,5
6193,0,0.0004361011378932744,1
6194,0,1.510795482317917e-05,3
6195,0,0.000761352654080838,4
6196,0,5.786949986941181e-05,3
6197,0,0.0008710788679309189,3
6198,0,2.4944598408183083e-05,3
6199,0,0.002369762398302555,2
6200,0,2.6617208277457394e-05,5
6201,0,0.0002188728394685313,1
6202,0,0.00018077642016578466,5
6203,0,0.0031974001321941614,3
6204,0,0.00048556734691374004,5
6205,0,0.00017517039668746293,2
6206,0,0.0001818914752220735,4
6207,0,0.0003563565551303327,5
6208,0,0.018083466216921806,3
6209,0,0.0005792149459011853,4
6210,0,0.0004797948058694601,4
6211,0,0.0038689684588462114,5
6212,0,0.0005462178960442543,5
6213,0,3.470997398835607e-05,5
6214,0,6.022209345246665e-05,2
6215,0,4.5155989937484264e-05,1
6216,0,0.00012385431909933686,4
6217,0,4.496318433666602e-05,5
6218,0,0.0004680910788010806,2
6219,0,2.397430216660723e-05,3
6220,0,0.004398834891617298,1
6221,0,0.002465201308950782,3
6222,0,0.004361187107861042,3
6223,0,5.449773379950784e-05,4
6224,0,0.0003169559349771589,4
6225,0,0.00016825826605781913,4
6226,0,5.320714262779802e-05,5
6227,0,0.0003213899617549032,2
6228,0,6.387791654560715e-05,3
6229,0,2.7615924409474246e-05,4
6230,0,0.0002289478579768911,1
6231,0,0.000187022247700952,2
6232,0,0.00027853320352733135,3
6233,0,0.000376063835574314,2
6234,0,0.0006308979354798794,4
6235,0,0.00012825671001337469,5
6236,0,8.388549758819863e-05,3
6237,0,7.980447844602168e-05,2
6238,0,0.0005675771972164512,1
6239,0,6.794263754272833e-05,1
6240,0,0.00022169014846440405,3
6241,0,2.3235268599819392e-05,3
6242,0,5.7335848396178335e-05,5
6243,0,0.0004022250068373978,3
6244,0,0.00034274617792107165,2
6245,0,6.024725007591769e-05,5
6246,0,5.9254129155306146e-05,3
6247,0,0.00013533741002902389,3
6248,0,0.0006935280398465693,2
6249,0,2.4525859771529213e-05,3
6250,0,6.682171078864485e-05,3
6251,0,0.00015903075109235942,3
6252,0,0.00010581178503343835,3
6253,0,0.001631075982004404,4
6254,0,0.00027080997824668884,1
6255,0,0.0002452621120028198,3
6256,0,0.0001001592754619196,1
6257,0,0.0009015940595418215,5
6258,0,7.665865996386856e-05,2
6259,0,0.00010297910193912685,4
6260,0,0.00012798438547179103,2
6261,0,0.001318228431046009,2
6262,0,0.00013374240370467305,3
6263,0,0.0006326033617369831,5
6264,0,0.00016148343274835497,5
6265,0,0.00010837811714736745,3
6266,0,5.4174710385268554e-05,3
6267,0,0.0032846855465322733,3
6268,0,0.00012922393216285855,5
6269,0,0.00020956952357664704,3
6270,0,0.006564164999872446,1
6271,0,0.00019911419076379389,1
6272,0,0.00011734455620171502,5
6273,0,0.0010752881644293666,4
6274,0,1.343005078524584e-05,3
6275,0,6.381489947671071e-05,2
6276,0,7.885960803832859e-05,5
6277,0,6.451454282796476e-06,3
6278,0,0.0018917962443083525,2
6279,0,5.7455548812868074e-05,5
6280,0,0.0015505790943279862,2
6281,0,0.002965667052194476,2
6282,0,2.1092479073558934e-05,2
6283,0,4.616902515408583e-05,1
6284,0,6.940353341633454e-05,5
6285,0,3.607492180890404e-05,3
6286,0,0.0003376488166395575,4
6287,0,0.00014640699373558164,1
6288,0,0.00018585502402856946,1
6289,0,4.6413806558120996e-05,4
6290,0,3.8648166082566604e-05,5
6291,0,0.000441201584180817,2
6292,0,0.0009614747832529247,4
6293,0,0.00013597370707429945,1
6294,0,0.000190169652341865,4
6295,0,0.000126996761537157,4
6296,0,2.5723571525304578e-05,4
6297,0,8.969054033514112e-05,3
6298,0,0.0003082437324337661,4
6299,0,9.291943570133299e-05,4
6300,0,0.0005456184735521674,4
6301,0,0.00015418596740346402,3
6302,0,0.0003582801728043705,2
6303,0,6.184645462781191e-05,4
6304,0,9.627219696994871e-05,4
6305,0,9.661446711106692e-06,5
6306,0,3.0733452149434015e-05,3
6307,0,0.0002995275135617703,4
6308,0,2.5065999579965137e-05,5
6309,0,1.1354671187291387e-05,2
6310,0,0.000791004509665072,5
6311,0,2.714910988288466e-05,2
6312,0,0.00011046403233194724,4
6313,0,0.00016349571524187922,4
6314,0,0.000287935312371701,4
6315,0,0.00012032323866151273,1
6316,0,0.0008815733599476516,1
6317,0,0.0001914636231958866,1
6318,0,1.5748117220937274e-05,3
6319,0,4.347796129877679e-05,3
6320,0,0.000139034484163858,3
6321,0,0.0006737136282026768,3
6322,0,0.0002386040287092328,4
6323,0,0.00015928068023640662,3
6324,0,6.186396785778925e-05,5
6325,0,0.00015976089343894273,2
6326,0,0.0006809896440245211,5
6327,0,0.0003841609868686646,3
6328,0,0.00155033846385777,2
6329,0,0.00016570111620239913,3
6330,0,3.783498323173262e-05,4
6331,0,0.0008436691132374108,5
6332,0,1.310926836595172e-05,5
6333,0,0.006128729321062565,2
6334,0,0.0005442646215669811,2
6335,0,0.005749297793954611,3
6336,0,0.0019256657687947154,3
6337,0,0.00021303820540197194,2
6338,0,0.003244125284254551,1
6339,0,0.0026058172807097435,3
6340,0,0.013209191150963306,2
6341,0,0.0010108049027621746,4
6342,0,0.0003247552376706153,5
6343,0,0.00017323911015409976,3
6344,0,0.00017623674648348242,2
6345,0,0.001271245302632451,4
6346,0,0.0006378747639246285,1
6347,0,6.553440471179783e-05,4
6348,0,0.0003049817751161754,2
6349,0,3.553669012035243e-05,3
6350,0,6.334893987514079e-05,5
6351,0,0.0002908344322349876,2
6352,0,1.31579408844118e-05,4
6353,0,0.0005977465771138668,5
6354,0,0.0005032959743402898,2
6355,0,0.001679633161984384,5
6356,0,0.00011013713083229959,3
6357,0,2.5847186407190748e-05,5
6358,0,9.261513332603499e-05,5
6359,0,5.3534960898105055e-05,1
6360,0,0.0006413885275833309,5
6361,0,0.001234553288668394,1
6362,0,2.6814146622200496e-05,3
6363,0,1.6617139408481307e-05,4
6364,0,0.0002851553144864738,3
6365,0,0.0028340022545307875,5
6366,0,9.423719347978476e-06,1
6367,0,0.00016063493967521936,2
6368,0,7.821642793715e-05,1
6369,0,0.0010177729418501258,2
6370,0,0.00014706685033161193,1
6371,0,0.00026321146287955344,4
6372,0,0.0002565855684224516,4
6373,0,0.00015370214532595128,3
6374,0,6.01576357439626e-05,3
6375,0,9.114410204347223e-05,3
6376,0,0.0003516343131195754,3
6377,0,0.0006726316059939563,4
6378,0,0.0008954036165960133,1
6379,0,0.0011836776975542307,5
6380,0,0.00011173605162184685,2
6381,0,0.004614030942320824,5
6382,0,0.0037011816166341305,1
6383,0,0.0003418418054934591,5
6384,0,0.0008552912622690201,3
6385,0,0.0005102749564684927,3
6386,0,0.0001657734828768298,1
6387,0,2.365894033573568e-05,4
6388,0,2.769649654510431e-05,5
6389,0,2.812743878166657e-05,3
6390,0,4.751927554025315e-05,3
6391,0,0.00020516080257948488,3
6392,0,8.334775338880718e-05,3
6393,0,0.00010842514166142792,1
6394,0,6.861687779746717e-06,5
6395,0,4.1740306187421083e-05,2
6396,0,0.0003739861131180078,2
6397,0,0.0006655595498159528,3
6398,0,1.0116485100297723e-05,3
6399,0,4.549945879261941e-05,5
6400,0,0.000311586307361722,4
6401,0,0.0003625885001383722,4
6402,0,3.823625957011245e-05,1
6403,0,0.00020349623810034245,4
6404,0,0.004701515194028616,4
6405,0,0.0001252727524843067,4
6406,0,3.785981607506983e-05,2
6407,0,0.00014285909128375351,1
6408,0,7.247536996146664e-05,3
6409,0,0.00020020254305563867,2
6410,0,5.1230286771897227e-05,1
6411,0,0.00037301567499525845,4
6412,0,0.002022819360718131,2
6413,0,0.00016856755246408284,5
6414,0,3.961455513490364e-05,3
6415,0,0.00013530167052522302,3
6416,0,0.00013436337758321315,3
6417,0,7.97183565737214e-06,5
6418,0,0.0024549260269850492,2
6419,0,0.0027577613946050406,1
6420,0,8.748481195652857e-05,3
6421,0,6.049463263479993e-05,4
6422,0,0.0011231348617002368,1
6423,0,0.017190899699926376,4
6424,0,2.601733103801962e-05,4
6425,0,1.6118954590638168e-05,3
6426,0,0.00010976743942592293,5
6427,0,0.00013727738405577838,3
6428,0,9.271984708902892e-06,5
6429,0,8.292908023577183e-05,4
6430,0,0.00010965894762193784,2
6431,0,3.852842201013118e-05,5
6432,0,0.0003359658003319055,5
6433,0,9.575517469784245e-05,4
6434,0,0.0017064257990568876,5
6435,0,1.3293972187966574e-05,5
6436,0,3.904668119503185e-06,3
6437,0,0.0011282659834250808,4
6438,0,0.0019602831453084946,1
6439,0,0.0009932124521583319,4
6440,0,0.0001394588325638324,4
6441,0,0.0002482402778696269,5
6442,0,0.0005864168051630259,2
6443,0,0.00040341654676012695,1
6444,0,0.0005631131352856755,1
6445,0,0.0020729058887809515,3
6446,0,0.0006220757495611906,5
6447,0,0.00037831245572306216,3
6448,0,0.00023339161998592317,3
6449,0,0.00033943395828828216,3
6450,0,0.0013934962917119265,4
6451,0,0.0009261456434614956,3
6452,0,1.3334921277419198e-05,2
6453,0,0.00010196639050263911,4
6454,0,0.0005716174491681159,3
6455,0,6.876123370602727e-05,2
6456,0,0.0009426159667782485,4
6457,0,6.906694761710241e-05,5
6458,0,2.9172719223424792e-05,2
6459,0,0.007740942295640707,5
6460,0,0.01783229596912861,1
6461,0,0.0002445893478579819,2
6462,0,0.0001920917275128886,4
6463,0,0.0015491194790229201,5
6464,0,0.0012149318354204297,4
6465,0,2.790387225104496e-05,5
6466,0,6.259488873183727e-05,4
6467,0,0.0003214509633835405,3
6468,0,0.0007242012652568519,1
6469,0,0.000690690241754055,5
6470,0,0.0012391230557113886,3
6471,0,5.171475277165882e-05,3
6472,0,0.00010957229824271053,3
6473,0,2.7077125196228735e-05,4
6474,0,0.0006938070873729885,5
6475,0,0.00018381874542683363,4
6476,0,0.0003526773944031447,3
6477,0,0.0001758360886014998,2
6478,0,0.0005597029230557382,1
6479,0,0.0010621570982038975,4
6480,0,0.006685950327664614,4
6481,0,0.0028325861785560846,4
6482,0,5.996524487272836e-05,4
6483,0,0.0001098923894460313,3
6484,0,0.0008004878181964159,3
6485,0,0.0008598697022534907,1
6486,0,1.2218959454912692e-05,5
6487,0,6.45348263788037e-05,3
6488,0,4.077529865753604e-06,3
6489,0,9.526935900794342e-05,2
6490,0,0.0007913203444331884,5
6491,0,8.560651622246951e-05,2
6492,0,0.001057146000675857,2
6493,0,0.00014040445967111737,1
6494,0,0.0011457790387794375,2
6495,0,0.00010040676716016605,2
6496,0,0.004010346718132496,2
6497,0,0.00019791586964856833,2
6498,0,0.000239891727687791,2
6499,0,0.0006263601244427264,1
6500,0,0.00217128312215209,3
6501,0,0.0001269668573513627,3
6502,0,0.0002282980567542836,2
6503,0,0.0001162063199444674,5
6504,0,0.00014376865874510258,5
6505,0,0.0036095695104449987,4
6506,0,0.0006157429306767881,5
6507,0,0.00015351320325862616,2
6508,0,0.00026553316274657845,1
6509,0,7.017452298896387e-05,5
6510,0,4.161089236731641e-06,5
6511,0,0.0012017145054414868,4
6512,0,0.15015126764774323,4
6513,0,0.0007418235763907433,5
6514,0,0.0014491224428638816,4
6515,0,0.00023546449665445834,1
6516,0,0.00013376152492128313,1
6517,0,0.000167146441526711,2
6518,0,0.0007752573001198471,3
6519,0,0.00016756467812228948,5
6520,0,0.00048367452109232545,4
6521,0,7.685299351578578e-05,1
6522,0,0.00016272584616672248,3
6523,0,0.0013013167772442102,5
6524,0,0.009217957966029644,1
6525,0,0.0004186837177257985,5
6526,0,0.00043919746531173587,1
6527,0,0.4688814580440521,3
6528,0,0.003147481009364128,2
6529,0,0.01928129233419895,2
6530,0,0.00022847835498396307,5
6531,0,6.98327348800376e-05,4
6532,0,0.0001439936604583636,2
6533,0,0.00020045564451720566,3
6534,0,0.00037131161661818624,4
6535,0,0.0002905536675825715,3
6536,0,0.01303896028548479,2
6537,0,8.737583993934095e-05,3
6538,0,0.0016024344367906451,1
6539,0,4.4110711314715445e-05,2
6540,0,0.002180851064622402,3
6541,0,0.0003672651946544647,3
6542,0,0.00013646416482515633,4
6543,0,0.0010751662775874138,2
6544,0,0.0005891939508728683,1
6545,0,0.0004537476634141058,1
6546,0,4.326470661908388e-05,4
6547,0,3.662259769043885e-05,3
6548,0,8.260791946668178e-05,2
6549,0,0.0004135162744205445,4
6550,0,0.0010840905597433448,5
6551,0,0.00022624703706242144,1
6552,0,0.00018135357822757214,5
6553,0,9.841169230639935e-05,1
6554,0,0.0004417040618136525,1
6555,0,0.00015360413817688823,1
6556,0,6.988316454226151e-05,5
6557,0,5.89839655731339e-05,2
6558,0,0.0002845694834832102,4
6559,0,5.3896295867161825e-05,2
6560,0,0.00013922325160820037,3
6561,0,0.002239903435111046,4
6562,0,1.207620334753301e-05,4
6563,0,0.0004627392045222223,1
6564,0,0.0001402073830831796,5
6565,0,3.535375799401663e-05,5
6566,0,0.0006617822800762951,4
6567,0,0.000197778528672643,1
6568,0,7.615504000568762e-05,3
6569,0,0.006031952332705259,4
6570,0,3.430337892496027e-05,4
6571,0,1.0322753951186314e-05,4
6572,0,0.00015970210370142013,2
6573,0,0.748573899269104,1
6574,0,6.494308036053553e-05,5
6575,0,0.00029262923635542393,3
6576,0,0.05266525223851204,4
6577,0,0.0008929537143558264,2
6578,0,0.00016019013128243387,2
6579,0,0.00042872753692790866,2
6580,0,0.0002691112458705902,4
6581,0,0.00045124933240003884,4
6582,0,1.6725090972613543e-05,5
6583,0,4.1965053242165595e-05,2
6584,0,3.5712262615561485e-05,5
6585,0,0.006599855609238148,1
6586,0,0.0001244293962372467,2
6587,0,0.0016844598576426506,4
6588,0,0.00016282193246297538,1
6589,0,8.276214794022962e-05,4
6590,0,0.0028965575620532036,2
6591,0,0.0005135945975780487,2
6592,0,8.847790741128847e-05,2
6593,0,0.00024835224030539393,4
6594,0,0.0002813953615259379,4
6595,0,0.000927967019379139,4
6596,0,5.274690192891285e-05,5
6597,0,0.00042375244083814323,5
6598,0,4.832605554838665e-05,3
6599,0,0.0001046359320753254,5
6600,0,3.352084968355484e-05,5
6601,0,1.5312183677451685e-05,2
6602,0,0.00010845420911209658,2
6603,0,0.0003645999822765589,3
6604,0,2.86429076368222e-05,3
6605,0,0.00045424597919918597,3
6606,0,0.00033796203206293285,4
6607,0,4.676111984736053e-06,3
6608,0,0.00012551415420603007,4
6609,0,5.877151124877855e-05,5
6610,0,0.005493787582963705,1
6611,0,0.0034214225597679615,3
6612,0,6.35305477771908e-05,5
6613,0,0.000650999485515058,1
6614,0,7.381575414910913e-05,4
6615,0,7.00807649991475e-05,5
6616,0,0.0001331649109488353,3
6617,0,0.00011648522922769189,2
6618,0,0.00041079879156313837,2
6619,0,0.0002052605850622058,5
6620,0,2.7803702323581092e-05,3
6621,0,0.0003769335162360221,3
6622,0,3.988269963883795e-05,3
6623,0,0.004558826796710491,2
6624,0,0.00013609173765871674,3
6625,0,0.002291356446221471,1
6626,0,0.0853261947631836,3
6627,0,0.0027234021108597517,2
6628,0,2.7258301997790113e-05,5
6629,0,0.0027943565510213375,2
6630,0,0.0004835030413232744,2
6631,0,0.0009049006039276719,1
6632,0,4.894414814771153e-05,2
6633,0,4.425219231052324e-05,3
6634,0,0.00023656353005208075,5
6635,0,0.0006005086470395327,1
6636,0,0.0015190346166491508,2
6637,0,0.0008690162794664502,2
6638,0,6.163067155284807e-05,4
6639,0,0.0018526995554566383,2
6640,0,2.9895569241489284e-05,5
6641,0,0.0012481207959353924,2
6642,0,5.944644726696424e-05,2
6643,0,0.004155395086854696,2
6644,0,0.0005353512242436409,5
6645,0,7.372788968496025e-05,2
6646,0,0.0008434697519987822,2
6647,0,6.0946575104026124e-05,2
6648,0,0.0001010452033369802,1
6649,0,9.34893250814639e-05,1
6650,0,0.0013588429428637028,3
6651,0,6.911185664648656e-06,3
6652,0,0.00027332737226970494,2
6653,0,9.765960567165166e-05,5
6654,0,0.0005075685912743211,4
6655,0,0.0007556533091701567,4
6656,0,0.0010935226455330849,4
6657,0,0.0005066287121735513,5
6658,0,0.0001179349419544451,2
6659,0,5.955448068561964e-05,4
6660,0,0.00013768390635959804,5
6661,0,0.00012452980445232242,1
6662,0,0.0003229151770938188,3
6663,0,0.0011750193079933524,5
6664,0,0.00018806404841598123,1
6665,0,4.243913645041175e-05,1
6666,0,0.000261414039414376,5
6667,0,0.00028537315665744245,5
6668,0,0.00015234605234581977,3
6669,0,0.00016835631686262786,1
6670,0,0.00015606850502081215,2
6671,0,3.8902533560758457e-05,2
6672,0,1.3082441910228226e-05,4
6673,0,0.00023399523342959583,2
6674,0,5.133488684805343e-06,3
6675,0,5.8168934629065916e-05,2
6676,0,0.00011069791798945516,1
6677,0,7.563748658867553e-05,1
6678,0,1.3250064512249082e-05,4
6679,0,8.160706056514755e-05,4
6680,0,2.4675373424543068e-05,3
6681,0,7.80733535066247e-05,5
6682,0,0.002952044364064932,2
6683,0,8.152922418958042e-06,5
6684,0,0.0006242736126296222,1
6685,0,0.0005330934654921293,1
6686,0,8.858013461576775e-05,4
6687,0,0.0005214456468820572,5
6688,0,0.0003727160219568759,4
6689,0,0.0002860318054445088,1
6690,0,7.435288716806099e-05,1
6691,0,5.53648715140298e-05,3
6692,0,0.0007613817579112947,1
6693,0,0.00015431952488142997,2
6694,0,3.257132993894629e-05,2
6695,0,0.00011112010543001816,2
6696,0,0.00046129024121910334,3
6697,0,0.0004832030972465873,4
6698,0,0.00039467887836508453,2
6699,0,4.3404390453360975e-05,3
6700,0,0.00019290925411041826,2
6701,0,0.0005860271048732102,3
6702,0,5.165684342500754e-05,3
6703,0,0.00018716351769398898,4
6704,0,5.159559805179015e-05,4
6705,0,0.00010654197831172496,3
6706,0,0.00026420183712616563,2
6707,0,0.0003220877842977643,4
6708,0,7.896428724052384e-05,3
6709,0,0.00041654391679912806,5
6710,0,5.4051120969234034e-05,5
6711,0,0.0003422941081225872,2
6712,0,9.253665484720841e-05,3
6713,0,0.00022467755479738116,4
6714,0,8.59177453094162e-06,4
6715,0,0.00019948152475990355,4
6716,0,3.4612759918672964e-05,3
6717,0,0.00011499235552037135,2
6718,0,0.001504511688835919,4
6719,0,9.385671728523448e-05,3
6720,0,0.0003176365571562201,5
6721,0,1.9847349904011935e-05,5
6722,0,0.000881106941960752,4
6723,0,0.0002589016512501985,4
6724,0,0.0018218732438981533,5
6725,0,4.938782876706682e-05,4
6726,0,0.00018693202582653612,3
6727,0,0.0037229375448077917,4
6728,0,0.0018664960516616702,2
6729,0,0.00015462751616723835,4
6730,0,0.00021810102043673396,5
6731,0,0.0003409124619793147,4
6732,0,0.000207973484066315,4
6733,0,0.000770050217397511,1
6734,0,0.00013514434976968914,4
6735,0,0.0038931965827941895,1
6736,0,0.000353637762600556,1
6737,0,0.00015073921531438828,1
6738,0,0.009848256595432758,2
6739,0,4.0704395360080525e-05,1
6740,0,5.808805872220546e-05,3
6741,0,0.007948865182697773,4
6742,0,0.00010607536387396976,4
6743,0,0.00030078005511313677,4
6744,0,0.0008861881215125322,1
6745,0,3.914409171557054e-05,5
6746,0,0.00021324021508917212,5
6747,0,5.142627196619287e-05,3
6748,0,0.0024020725395530462,4
6749,0,0.00100791419390589,3
6750,0,0.0020672292448580265,1
6751,0,0.00029891871963627636,1
6752,0,7.59550093789585e-05,1
6753,0,0.00022369941871147603,1
6754,0,0.0003214208991266787,1
6755,0,0.0001757440622895956,4
6756,0,0.000557081715669483,5
6757,0,0.00010802689212141559,1
6758,0,5.709550532628782e-05,4
6759,0,0.00013142007810529321,5
6760,0,0.00020881238742731512,3
6761,0,0.00047970106243155897,3
6762,0,0.00225214846432209,5
6763,0,7.090720464475453e-05,2
6764,0,0.00046892958926036954,4
6765,0,0.0033351185265928507,5
6766,0,4.110536247026175e-05,3
6767,0,0.0010480248602107167,5
6768,0,2.6495190468267538e-05,5
6769,0,0.00011651600652839988,4
6770,0,0.03275136649608612,4
6771,0,4.823866220249329e-06,5
6772,0,0.00013849462266080081,4
6773,0,0.004314947873353958,4
6774,0,0.0011342349462211132,4
6775,0,0.0016091082943603396,5
6776,0,0.001723466208204627,1
6777,0,0.00015613458526786417,1
6778,0,0.0009306622669100761,1
6779,0,0.00018204555090051144,5
6780,0,0.0006599790067411959,5
6781,0,2.2079950213083066e-05,3
6782,0,3.830019704764709e-05,2
6783,0,7.259226549649611e-06,5
6784,0,0.0009499463485553861,2
6785,0,0.00021743700199294835,1
6786,0,0.0005981132853776217,1
6787,0,0.009068721905350685,1
6788,0,0.0002944499719887972,1
6789,0,5.967870310996659e-05,2
6790,0,0.0014455037890002131,1
6791,0,9.773497004061937e-05,4
6792,0,0.0003635405155364424,3
6793,0,0.0006670766160823405,2
6794,0,5.0244580052094534e-05,3
6795,0,1.7777907487470657e-05,4
6796,0,0.001049111713655293,5
6797,0,0.0008614992839284241,5
6798,0,0.00011765144154196605,4
6799,0,0.00012138737656641752,3
6800,0,0.005193136166781187,1
6801,0,0.0006885548937134445,5
6802,0,5.0098748033633456e-05,1
6803,0,0.00663709407672286,4
6804,0,0.0006647139671258628,1
6805,0,0.000684032158460468,3
6806,0,6.886327173560858e-05,2
6807,0,0.00028643704717978835,5
6808,0,0.00294908182695508,1
6809,0,0.00012375539517961442,3
6810,0,0.00016201568359974772,2
6811,0,0.0008062745328061283,4
6812,0,0.0004584267153404653,1
6813,0,0.0002770812134258449,2
6814,0,0.0015363568672910333,1
6815,0,7.159221422625706e-05,4
6816,0,4.945347609464079e-05,4
6817,0,2.8455410756578203e-06,5
6818,0,0.0016447313828393817,3
6819,0,0.000340061989845708,1
6820,0,0.0029771337285637856,2
6821,0,5.0793347327271476e-05,2
6822,0,0.00041653576772660017,5
6823,0,0.0001550122251501307,5
6824,0,0.00014082049892749637,5
6825,0,0.00930457841604948,4
6826,0,0.00040212838212028146,4
6827,0,0.0005188598297536373,5
6828,0,0.00024049905186984688,3
6829,0,0.0010554211912676692,4
6830,0,0.00018829228065442294,5
6831,0,4.112476744921878e-05,3
6832,0,0.0007330054650083184,1
6833,0,3.870769796776585e-05,3
6834,0,2.40783720073523e-05,5
6835,0,0.0002002750989049673,1
6836,0,0.00019557397172320634,3
6837,0,0.5325253009796143,1
6838,0,0.00020542739366646856,5
6839,0,2.2032159904483706e-05,1
6840,0,0.00017933685739990324,5
6841,0,0.0013344555627554655,4
6842,0,0.0007363064214587212,1
6843,0,5.004057584301336e-06,3
6844,0,0.00017639275756664574,3
6845,0,0.0013268920592963696,5
6846,0,4.663893560064025e-05,1
6847,0,0.00011435081250965595,3
6848,0,0.00011883804836543277,2
6849,0,0.0013043427607044578,1
6850,0,0.00010628860036376864,5
6851,0,9.567604138283059e-05,2
6852,0,7.519526843680069e-05,3
6853,0,0.00010258352995151654,4
6854,0,0.0004233282816130668,1
6855,0,0.0023129156325012445,1
6856,0,7.70268015912734e-05,1
6857,0,0.002718348288908601,5
6858,0,0.0001954850449692458,1
6859,0,0.0002459240786265582,1
6860,0,0.000250653043622151,5
6861,0,0.0008596575353294611,4
6862,0,0.0018519044388085604,1
6863,0,2.1947167624603026e-05,1
6864,0,0.00016557129856664687,4
6865,0,4.5957953261677176e-05,5
6866,0,0.00015060733130667359,4
6867,0,0.00028232220211066306,2
6868,0,0.0006914189434610307,2
6869,0,0.0002697531890589744,2
6870,0,0.00017679334268905222,5
6871,0,2.466257501509972e-05,3
6872,0,7.401360926451162e-05,2
6873,0,0.00021095444390084594,4
6874,0,0.0011343607911840081,4
6875,0,0.006364131346344948,1
6876,0,0.0018040694994851947,5
6877,0,4.299173815525137e-05,3
6878,0,0.0005236818105913699,3
6879,0,0.00038417981704697013,5
6880,0,0.0005201430758461356,3
6881,0,0.029966671019792557,5
6882,0,0.0004233202198520303,3
6883,0,0.0002178688591811806,3
6884,0,0.00249149720184505,5
6885,0,0.0016537507763132453,4
6886,0,0.00032893812749534845,1
6887,0,6.279379886109382e-05,2
6888,0,9.762651643541176e-06,5
6889,0,1.3563189895648975e-05,3
6890,0,0.0001621386909391731,3
6891,0,0.0013580381637439132,1
6892,0,0.0006926297792233527,1
6893,0,0.0005263132625259459,1
6894,0,0.00039470710908062756,1
6895,0,0.0002121627185260877,1
6896,0,7.861236372264102e-05,4
6897,0,0.003310011699795723,4
6898,0,0.013939538039267063,4
6899,0,0.00024420974659733474,3
6900,0,2.91044434561627e-05,2
6901,0,0.00023305206559598446,2
6902,0,8.667039219290018e-05,2
6903,0,2.4941220544860698e-05,1
6904,0,7.845637446735054e-05,3
6905,0,1.3115280808051466e-06,1
6906,0,0.00045311058056540787,1
6907,0,0.00022042595082893968,4
6908,0,0.00020375329768285155,2
6909,0,4.52876920462586e-05,3
6910,0,0.0001757911522872746,4
6911,0,4.5735894673271105e-05,1
6912,0,6.701819802401587e-05,1
6913,0,3.487504000077024e-05,5
6914,0,0.00039426691364496946,1
6915,0,0.000471592036774382,5
6916,0,0.00025780085707083344,3
6917,0,0.00018123483459930867,2
6918,0,0.0016056486638262868,1
6919,0,7.139565423130989e-05,2
6920,0,7.399462629109621e-05,1
6921,0,0.0007017730385996401,2
6922,0,0.00576928723603487,4
6923,0,2.5827179342741147e-05,1
6924,0,0.0003075867425650358,4
6925,0,0.00025356365949846804,5
6926,0,0.0007374556153081357,5
6927,0,0.0005840754020027816,5
6928,0,0.0015546734211966395,5
6929,0,8.584178431192413e-05,2
6930,0,0.00022247934248298407,4
6931,0,0.0018950250232592225,2
6932,0,6.039644176780712e-06,5
6933,0,1.0996432138199452e-05,3
6934,0,0.00010258646943839267,5
6935,0,0.0018430311465635896,2
6936,0,0.00015274036559276283,5
6937,0,4.1839699406409636e-05,2
6938,0,0.001188967376947403,1
6939,0,4.457255272427574e-05,1
6940,0,0.0033019576221704483,5
6941,0,0.000216299929888919,2
6942,0,0.0002515429223421961,3
6943,0,0.0032812575809657574,1
6944,0,0.006340919062495232,1
6945,0,0.0018231406575068831,3
6946,0,0.0022465342190116644,5
6947,0,0.0002390922891208902,1
6948,0,0.000191069339052774,1
6949,0,0.00012078616418875754,3
6950,0,6.319839303614572e-05,2
6951,0,2.2319220079225488e-05,4
6952,0,0.0007113116444088519,2
6953,0,0.00011301841732347384,2
6954,0,3.679823566926643e-05,2
6955,0,5.502652857103385e-05,2
6956,0,0.0005094356019981205,2
6957,0,3.3658106985967606e-05,5
6958,0,0.00035873643355444074,2
6959,0,0.00012442962906789035,2
6960,0,0.0004023030342068523,2
6961,0,0.0003311235923320055,2
6962,0,0.00020831644360441715,2
6963,0,4.7444700612686574e-05,4
6964,0,0.00038474056054838,2
6965,0,0.001976278144866228,2
6966,0,0.00013362537720240653,1
6967,0,0.0007894859299995005,2
6968,0,0.00031695200596004725,2
6969,0,0.0037801151629537344,2
6970,0,0.0013400326715782285,2
6971,0,5.550406422116794e-05,2
6972,0,0.00012439582496881485,2
6973,0,0.0001952229649759829,4
6974,0,0.0012045514304190874,3
6975,0,0.0028690090402960777,2
6976,0,0.00028226757422089577,2
6977,0,1.989675365621224e-05,3
6978,0,0.00021513106185011566,3
6979,0,3.848674168693833e-05,3
6980,0,0.00025956748868338764,3
6981,0,5.1602542043838184e-06,5
6982,0,0.0002160604199161753,2
6983,0,0.00010342647874495015,5
6984,0,0.00043236222700215876,3
6985,0,0.0010303608141839504,1
6986,0,7.458744221366942e-05,2
6987,0,1.8918585737992544e-06,5
6988,0,0.0006367483292706311,2
6989,0,0.00027849472826346755,2
6990,0,3.417362313484773e-05,3
6991,0,0.0006907405331730843,2
6992,0,0.00015455528046004474,2
6993,0,0.0013452504063025117,2
6994,0,0.00230793422088027,3
6995,0,0.00046015408588573337,5
6996,0,0.0015905156033113599,5
6997,0,0.00028664112323895097,5
6998,0,3.4769273042911664e-05,2
6999,0,0.00032388450927101076,2
7000,0,0.00035442892112769186,4
7001,0,4.6880217269062996e-05,3
7002,0,0.0007393499254249036,2
7003,0,0.00012501093442551792,3
7004,0,0.0005457375664263964,2
7005,0,8.153043745551258e-05,2
7006,0,0.0002233354316558689,2
7007,0,4.4472435547504574e-05,4
7008,0,0.0002710646658670157,1
7009,0,0.00038388895336538553,5
7010,0,0.0009032488451339304,2
7011,0,0.00047537690261378884,2
7012,0,0.0001860479242168367,2
7013,0,0.0008536099339835346,4
7014,0,0.00011855113552883267,2
7015,0,0.0002584160538390279,3
7016,0,0.0002233526756754145,1
7017,0,0.00017724146891850978,2
7018,0,1.829622851801105e-05,5
7019,0,2.6085699573741294e-05,3
7020,0,4.1228471673093736e-05,3
7021,0,5.4515978263225406e-05,1
7022,0,0.0009864997118711472,1
7023,0,0.0003088308440055698,1
7024,0,9.277167555410415e-05,1
7025,0,0.00017509458120912313,3
7026,0,3.755692523554899e-05,5
7027,0,8.541253191651776e-05,3
7028,0,0.0017149369232356548,3
7029,0,0.002199651440605521,4
7030,0,9.539927123114467e-05,3
7031,0,0.002290209988132119,1
7032,0,4.813572741113603e-05,1
7033,0,3.797730096266605e-05,3
7034,0,0.00029388541588559747,3
7035,0,0.00029194983653724194,5
7036,0,4.711955989478156e-05,4
7037,0,0.00016289351333398372,2
7038,0,0.00017678103176876903,1
7039,0,0.00021321054373402148,2
7040,0,3.884862962877378e-05,3
7041,0,0.00010861441842280328,3
7042,0,2.9235465262900107e-05,2
7043,0,3.62993378075771e-05,3
7044,0,0.0007540617370977998,3
7045,0,0.008470701053738594,3
7046,0,0.00015150048420764506,4
7047,0,0.0002871246833819896,1
7048,0,0.0007203058339655399,4
7049,0,1.464695105823921e-05,5
7050,0,1.5611953131156042e-05,1
7051,0,0.0005048048333264887,4
7052,0,3.690799348987639e-05,5
7053,0,1.1875257769133896e-05,5
7054,0,0.00013633957132697105,2
7055,0,0.00040579578489996493,4
7056,0,6.722507532685995e-05,5
7057,0,0.000155391069711186,3
7058,0,7.050783460726961e-05,4
7059,0,8.229404920712113e-05,4
7060,0,0.00016003196651581675,4
7061,0,0.0001533813774585724,4
7062,0,0.0008939672261476517,5
7063,0,0.0003553217393346131,4
7064,0,2.0642863091779873e-05,5
7065,0,0.002072746166959405,4
7066,0,4.9261107051279396e-05,3
7067,0,0.0012319437228143215,4
7068,0,5.718802640330978e-05,3
7069,0,0.0016324144089594483,5
7070,0,0.0002347426925553009,2
7071,0,0.00011379171337466687,5
7072,0,0.001389172743074596,5
7073,0,0.006267971824854612,5
7074,0,1.6981406588456593e-05,4
7075,0,6.287355063250288e-05,4
7076,0,0.0003664632386062294,5
7077,0,0.0004261589201632887,4
7078,0,0.0008446020656265318,4
7079,0,0.00023649992363061756,4
7080,0,0.0007571312598884106,4
7081,0,3.353917054482736e-05,1
7082,0,0.0001360516471322626,2
7083,0,0.001715107704512775,4
7084,0,4.61772178823594e-05,1
7085,0,2.8644437406910583e-05,5
7086,0,0.0001188685346278362,5
7087,0,0.000579833285883069,4
7088,0,0.008248314261436462,4
7089,0,0.0012633457081392407,3
7090,0,0.0006216809852048755,2
7091,0,0.0003865014296025038,5
7092,0,9.367940947413445e-05,5
7093,0,0.0001278726413147524,2
7094,0,0.0003217268968001008,4
7095,0,0.00022641602845396847,3
7096,0,0.0004012566350866109,4
7097,0,0.0008217071881517768,5
7098,0,0.004502293653786182,4
7099,0,0.0007300148135982454,4
7100,0,0.007121081929653883,4
7101,0,0.0005089529440738261,4
7102,0,0.0035870929714292288,4
7103,0,6.653925083810464e-05,5
7104,0,0.00032326261862181127,4
7105,0,0.0010740923462435603,4
7106,0,0.00012505482300184667,3
7107,0,0.0007014123257249594,2
7108,0,0.000704794772900641,3
7109,0,0.0007919695344753563,4
7110,0,0.0005827280692756176,4
7111,0,9.461867739446461e-05,4
7112,0,0.0006802204297855496,1
7113,0,0.0014190321089699864,4
7114,0,4.918534978060052e-05,3
7115,0,1.2316343600105029e-05,1
7116,0,0.00283468677662313,4
7117,0,0.00016237959789577872,1
7118,0,0.0008415454067289829,4
7119,0,3.5352877603145316e-05,4
7120,0,9.150499681709334e-05,2
7121,0,0.0006692637107335031,2
7122,0,0.000868782342877239,2
7123,0,0.00011018892109859735,3
7124,0,9.374759247293696e-05,3
7125,0,0.0001463422377128154,5
7126,0,0.0011488015297800303,5
7127,0,0.016745425760746002,3
7128,0,5.383604366215877e-05,4
7129,0,4.851796256843954e-05,3
7130,0,2.5808860300458036e-05,3
7131,0,0.002545446390286088,3
7132,0,0.005006579682230949,3
7133,0,3.903274773620069e-05,2
7134,0,7.385088974842802e-05,3
7135,0,0.0001237065444001928,3
7136,0,7.971404556883499e-05,1
7137,0,0.00017932677292264998,4
7138,0,0.000367966276826337,1
7139,0,0.0001778025907697156,4
7140,0,0.011930367909371853,4
7141,0,0.0004299086576793343,5
7142,0,0.0003909112128894776,4
7143,0,6.609252886846662e-05,4
7144,0,0.0002521780552342534,4
7145,0,0.00031402125023305416,4
7146,0,0.00011490083124954253,5
7147,0,5.8618759794626385e-05,3
7148,0,0.0004495304892770946,2
7149,0,7.95722589828074e-05,3
7150,0,0.00023884371330495924,2
7151,0,0.0001732298405840993,1
7152,0,0.0007342876633629203,1
7153,0,6.107090302975848e-05,5
7154,0,0.00011750154226319864,5
7155,0,7.907218969194219e-05,4
7156,0,1.708008858258836e-05,3
7157,0,0.0009456239640712738,1
7158,0,0.0029934050980955362,1
7159,0,0.06902913004159927,1
7160,0,0.00020471177413128316,3
7161,0,9.123671043198556e-05,3
7162,0,0.0004479351919144392,5
7163,0,4.188636739854701e-05,2
7164,0,0.00010244716395391151,4
7165,0,0.0001434639561921358,4
7166,0,0.00021167939121369272,3
7167,0,5.828548819408752e-05,1
7168,0,0.0006627027760259807,1
7169,0,0.00026405652170069516,2
7170,0,0.0004991349996998906,3
7171,0,0.0020769580733031034,5
7172,0,4.126717976760119e-05,1
7173,0,0.0004409589746501297,4
7174,0,0.00015442226140294224,5
7175,0,4.132913090870716e-05,3
7176,0,0.00023556328960694373,2
7177,0,0.00026087972219102085,4
7178,0,0.00029364231158979237,4
7179,0,0.0004221489652991295,3
7180,0,1.913342384796124e-05,1
7181,0,0.0001014877634588629,1
7182,0,2.8836295314249583e-05,5
7183,0,6.524886703118682e-05,3
7184,0,7.939981151139364e-05,3
7185,0,0.0004754195106215775,5
7186,0,0.00994402077049017,5
7187,0,0.0002799821086227894,3
7188,0,0.0004625171422958374,2
7189,0,0.0007672331994399428,2
7190,0,2.759123162832111e-05,4
7191,0,5.743380097555928e-05,5
7192,0,0.008657443337142467,5
7193,0,0.0009025369072332978,2
7194,0,0.00019544013775885105,4
7195,0,0.0003477946447674185,4
7196,0,0.0008010203600861132,3
7197,0,5.656811936205486e-06,3
7198,0,0.0008647330105304718,3
7199,0,8.762047946220264e-05,5
7200,0,0.0032700796145945787,3
7201,0,0.015164945274591446,3
7202,0,0.000594704644754529,3
7203,0,0.00019131417502649128,3
7204,0,0.015200144611299038,1
7205,0,5.113335282658227e-05,5
7206,0,9.655504982220009e-06,4
7207,0,0.00035648790071718395,2
7208,0,0.0009211580036208034,2
7209,0,1.0330760233046021e-05,5
7210,0,0.003183106891810894,1
7211,0,0.00013400088937487453,5
7212,0,0.0001407548552379012,2
7213,0,0.00014271491090767086,4
7214,0,0.0004201150150038302,5
7215,0,0.000516560219693929,2
7216,0,0.00012895275722257793,4
7217,0,0.0006111063994467258,4
7218,0,0.0024116577114909887,4
7219,0,0.0006749835447408259,3
7220,0,1.1731358426914085e-05,3
7221,0,0.0003002863668370992,1
7222,0,0.00045058096293359995,4
7223,0,0.0003373134240973741,4
7224,0,0.000350415357388556,5
7225,0,0.0005702181369997561,1
7226,0,6.480555748566985e-05,1
7227,0,0.0003312040935270488,3
7228,0,0.00034601104562170804,2
7229,0,8.799929491942748e-05,3
7230,0,0.0013487667310982943,1
7231,0,0.0019485802622511983,3
7232,0,0.0006114306161180139,3
7233,0,5.4910527978790924e-05,3
7234,0,0.0002542266738601029,2
7235,0,0.005162614863365889,2
7236,0,0.00023286881332751364,3
7237,0,0.00026083344710059464,4
7238,0,3.561896664905362e-05,3
7239,0,0.0008595510153099895,3
7240,0,0.015021631494164467,1
7241,0,0.004591156262904406,2
7242,0,0.0017164488090202212,2
7243,0,7.768092473270372e-06,5
7244,0,0.0011742287315428257,3
7245,0,0.0005203165928833187,4
7246,0,0.0005001951940357685,5
7247,0,0.0007496814359910786,4
7248,0,0.004663462284952402,5
7249,0,0.004882114939391613,5
7250,0,0.00019795096886809915,4
7251,0,0.000364571635145694,3
7252,0,9.286877320846543e-05,2
7253,0,0.00043426541378721595,4
7254,0,0.00016286384197883308,4
7255,0,0.004742570221424103,3
7256,0,0.019161734730005264,1
7257,0,0.008734643459320068,1
7258,0,4.966189226252027e-05,2
7259,0,2.789570135064423e-05,3
7260,0,0.0005436911596916616,2
7261,0,0.01926311105489731,3
7262,0,0.0001845702645368874,3
7263,0,0.0017620298312976956,2
7264,0,0.0007010851404629648,2
7265,0,0.0042769452556967735,5
7266,0,1.782930121407844e-05,3
7267,0,8.36370418255683e-06,5
7268,0,0.00020567512547131628,1
7269,0,4.442564022610895e-05,4
7270,0,0.006281827576458454,1
7271,0,0.0005926289013586938,4
7272,0,0.0030262793879956007,2
7273,0,0.0015079755103215575,1
7274,0,0.00011026427819160745,3
7275,0,8.415518095716834e-05,5
7276,0,0.000424839643528685,1
7277,0,0.0005688976380042732,3
7278,0,0.00018039107089862227,1
7279,0,0.00041236859397031367,2
7280,0,0.00032807872048579156,2
7281,0,0.009160235524177551,4
7282,0,4.268893098924309e-05,4
7283,0,0.0002328133414266631,1
7284,0,0.019938556477427483,3
7285,0,2.3968383175088093e-05,2
7286,0,0.00020206277258694172,4
7287,0,0.00014112335338722914,5
7288,0,4.1485222027404234e-05,5
7289,0,0.0003070505626965314,4
7290,0,4.290642391424626e-05,1
7291,0,0.004226543474942446,5
7292,0,0.0008665344212204218,1
7293,0,0.0004080836079083383,2
7294,0,0.0006281670648604631,4
7295,0,0.0001179507962660864,2
7296,0,3.747889059013687e-05,2
7297,0,0.0002054107462754473,2
7298,0,6.995217700023204e-05,2
7299,0,0.009733704850077629,4
7300,0,0.0002523769799154252,2
7301,0,0.0002310094569111243,2
7302,0,0.0022198196966201067,2
7303,0,2.9258953873068094e-06,5
7304,0,0.005793799180537462,1
7305,0,0.0001781392638804391,2
7306,0,0.24141724407672882,1
7307,0,0.00011672729306155816,5
7308,0,0.034039366990327835,2
7309,0,0.03238002583384514,4
7310,0,7.468929834431037e-05,5
7311,0,0.006638983264565468,1
7312,0,0.0007401623297482729,1
7313,0,0.011753181926906109,1
7314,0,2.1505815311684273e-05,3
7315,0,8.068446186371148e-05,1
7316,0,0.0001834405557019636,2
7317,0,8.716537558939308e-05,5
7318,0,0.0008778328192420304,4
7319,0,4.65185621578712e-05,3
7320,0,0.0001234095252584666,2
7321,0,3.8879247767908964e-06,5
7322,0,4.6258181100711226e-05,1
7323,0,0.009073381312191486,3
7324,0,0.0009389632614329457,3
7325,0,0.00035236772964708507,1
7326,0,0.00041212065843865275,3
7327,0,0.00012526630598586053,2
7328,0,4.9689180741552263e-05,3
7329,0,0.0001277275150641799,4
7330,0,0.0005532981595024467,3
7331,0,0.00014909202582202852,3
7332,0,0.0005139079876244068,5
7333,0,0.0015983772464096546,1
7334,0,0.0001695096434559673,5
7335,0,7.995042687980458e-05,4
7336,0,0.0018187853274866939,2
7337,0,0.090178944170475,2
7338,0,0.0002383525570621714,3
7339,0,0.00014985712186899036,3
7340,0,0.00012684028479270637,1
7341,0,3.216652476112358e-05,1
7342,0,8.252076077042148e-05,3
7343,0,3.879239739035256e-05,3
7344,0,0.004323998000472784,3
7345,0,7.237329555209726e-05,3
7346,0,8.559876005165279e-05,3
7347,0,0.00019524864910636097,2
7348,0,0.00033504015300422907,3
7349,0,2.9830440325895324e-05,4
7350,0,0.002625459572300315,4
7351,0,0.001153940916992724,5
7352,0,0.0007779755396768451,3
7353,0,0.0009311367757618427,4
7354,0,0.00014936110528651625,5
7355,0,7.244884182000533e-05,4
7356,0,5.898425297345966e-05,3
7357,0,0.000398474745452404,5
7358,0,3.1601626687915996e-05,5
7359,0,0.0007767199422232807,4
7360,0,7.923766133899335e-06,5
7361,0,8.169800275936723e-05,5
7362,0,0.00044349420932121575,1
7363,0,0.000320590625051409,2
7364,0,0.0009157468448393047,2
7365,0,0.0007562051177956164,3
7366,0,0.00014068186283111572,4
7367,0,0.002759029623121023,3
7368,0,0.0005667079822160304,5
7369,0,0.000289461255306378,2
7370,0,3.577668758225627e-05,4
7371,0,0.003760837484151125,5
7372,0,0.00022335928224492818,3
7373,0,0.004514571279287338,3
7374,0,5.414583574747667e-05,2
7375,0,0.0007440721965394914,3
7376,0,0.004692230839282274,3
7377,0,4.4225154852028936e-05,3
7378,0,0.00018782589177135378,4
7379,0,8.437342330580577e-05,4
7380,0,0.0005014495109207928,4
7381,0,0.0002454562927596271,2
7382,0,0.0002682622871361673,4
7383,0,0.0014399997889995575,5
7384,0,0.001525982515886426,1
7385,0,0.000373454560758546,3
7386,0,0.00013986167323309928,1
7387,0,0.00015547111979685724,1
7388,0,0.0001826170046115294,2
7389,0,8.253028499893844e-05,4
7390,0,9.610471170162782e-05,3
7391,0,0.003147041192278266,1
7392,0,0.003916778136044741,2
7393,0,5.784345921711065e-05,4
7394,0,7.589223969262093e-05,4
7395,0,0.0010810852982103825,3
7396,0,0.0008158175623975694,3
7397,0,0.0003981690388172865,2
7398,0,0.015094035305082798,2
7399,0,0.011688475497066975,4
7400,0,0.00043488535447977483,2
7401,0,0.00026519791572354734,4
7402,0,4.861666093347594e-05,5
7403,0,0.0008267718949355185,4
7404,0,0.0013346043415367603,2
7405,0,0.0004102962848264724,4
7406,0,0.00015958047879394144,2
7407,0,0.000165694480529055,1
7408,0,7.951551378937438e-05,5
7409,0,2.5684890715638176e-05,1
7410,0,5.8165769587503746e-05,4
7411,0,0.0001296834961976856,1
7412,0,0.001132847392000258,1
7413,0,0.003703017719089985,3
7414,0,0.006854072213172913,3
7415,0,0.07509363442659378,4
7416,0,0.0024025810416787863,4
7417,0,0.0005727665848098695,4
7418,0,2.5071760319406167e-05,1
7419,0,0.00026658258866518736,5
7420,0,0.002720945281907916,1
7421,0,6.429513450711966e-05,3
7422,0,0.014153776690363884,3
7423,0,9.121771654463373e-06,1
7424,0,5.645549390465021e-05,3
7425,0,0.0024733853060752153,1
7426,0,0.00017043588741216809,3
7427,0,0.00023147070896811783,3
7428,0,0.00028823138563893735,1
7429,0,3.382152863196097e-05,5
7430,0,8.581526344642043e-05,3
7431,0,1.1404886208765674e-05,3
7432,0,0.00026156436069868505,3
7433,0,1.0828768608917017e-05,3
7434,0,0.0004314737452659756,4
7435,0,4.549468940240331e-05,3
7436,0,2.50599277933361e-05,4
7437,0,0.0010834550485014915,2
7438,0,0.000831980723887682,2
7439,0,0.00035717367427423596,3
7440,0,0.0009660301147960126,2
7441,0,0.00018459807324688882,1
7442,0,0.0002491403429303318,5
7443,0,0.00030451457132585347,5
7444,0,0.00023980070545803756,4
7445,0,0.003530674846842885,4
7446,0,9.93294088402763e-05,3
7447,0,0.0013547382550314069,2
7448,0,2.468203274474945e-05,4
7449,0,2.2638605514657684e-05,1
7450,0,9.431401849724352e-05,1
7451,0,0.0002391923771938309,3
7452,0,0.00015249982243403792,3
7453,0,0.00045255283475853503,2
7454,0,0.08035632222890854,5
7455,0,0.0007021473138593137,5
7456,0,0.0024277672637254,5
7457,0,3.243188257329166e-05,1
7458,0,0.008242284879088402,4
7459,0,0.0010711897630244493,4
7460,0,4.371251998236403e-05,5
7461,0,0.0007786152418702841,4
7462,0,0.0001325535267824307,1
7463,0,0.00015942170284688473,3
7464,0,2.879889143514447e-05,3
7465,0,0.001371573656797409,3
7466,0,8.383919339394197e-05,2
7467,0,0.00011864057887578383,3
7468,0,0.00162527896463871,2
7469,0,0.0002578377316240221,5
7470,0,0.0001253040536539629,3
7471,0,0.000712552631739527,5
7472,0,0.0012371741468086839,5
7473,0,0.00025519271730445325,4
7474,0,0.029074648395180702,5
7475,0,0.004578986205160618,2
7476,0,0.0006404979503713548,2
7477,0,0.0002277249877806753,3
7478,0,8.91357267391868e-05,5
7479,0,4.757731585414149e-05,5
7480,0,0.001160861342214048,5
7481,0,0.00011289346730336547,5
7482,0,0.012460416182875633,1
7483,0,0.04882766306400299,4
7484,0,0.0005324180237948895,5
7485,0,0.0023292689584195614,5
7486,0,0.000308238435536623,3
7487,0,0.00013510209100786597,5
7488,0,0.00012206454994156957,3
7489,0,0.00039203412597998977,2
7490,0,0.0022939806804060936,5
7491,0,0.000250950048211962,2
7492,0,0.00042043012217618525,3
7493,0,0.00018918977002613246,5
7494,0,0.000305253459373489,1
7495,0,6.873422535136342e-05,5
7496,0,5.404065814218484e-05,1
7497,0,0.0002826561685651541,5
7498,0,5.5526983487652615e-05,2
7499,0,4.045460082124919e-05,3
7500,0,0.0008858715882524848,2
7501,0,0.0027722688391804695,4
7502,0,5.289015098242089e-05,4
7503,0,0.001097914413549006,5
7504,0,2.7511412554304115e-05,3
7505,0,4.695117604569532e-05,1
7506,0,6.004117676638998e-05,3
7507,0,0.00010616573126753792,1
7508,0,0.0006119521567597985,1
7509,0,0.0008463325793854892,1
7510,0,2.9518025257857516e-05,1
7511,0,0.0001969174772966653,1
7512,0,3.7477814203157322e-06,4
7513,0,3.718674270203337e-05,4
7514,0,0.0007344769546762109,1
7515,0,0.0001430879783583805,4
7516,0,0.0002732007415033877,3
7517,0,0.0004151146858930588,3
7518,0,8.047514711506665e-05,4
7519,0,0.00010038215987151489,1
7520,0,3.7653822801075876e-05,1
7521,0,0.00035715376725420356,2
7522,0,7.565083069493994e-05,3
7523,0,0.0016464516520500183,1
7524,0,0.00023104139836505055,3
7525,0,0.0006265950505621731,4
7526,0,0.00020038340881001204,2
7527,0,1.978238287847489e-05,3
7528,0,0.00016137321654241532,4
7529,0,0.00026731123216450214,3
7530,0,0.00010622842091834173,5
7531,0,4.150520544499159e-05,5
7532,0,1.2716417586489115e-05,3
7533,0,3.609553459682502e-05,3
7534,0,0.00017700367607176304,3
7535,0,0.00016437217709608376,3
7536,0,0.00018487779016140848,4
7537,0,2.975151437567547e-05,2
7538,0,0.003023749915882945,3
7539,0,3.085388379986398e-05,5
7540,0,0.0005062526324763894,2
7541,0,0.0002412488975096494,2
7542,0,0.00010364467016188428,2
7543,0,0.0008819993236102164,3
7544,0,0.005217422265559435,5
7545,0,6.625837704632431e-05,2
7546,0,0.00012337445514276624,2
7547,0,0.0003965177165810019,2
7548,0,7.778835424687713e-05,5
7549,0,0.002152141882106662,3
7550,0,0.0002154293324565515,3
7551,0,0.0003102337650489062,4
7552,0,0.0003585072117857635,4
7553,0,0.00021665783424396068,1
7554,0,0.00025970835122279823,1
7555,0,0.0006961908075027168,3
7556,0,9.815236990107223e-05,4
7557,0,0.00013563959510065615,2
7558,0,4.642616113414988e-05,4
7559,0,9.050381049746647e-05,1
7560,0,0.0062976619228720665,3
7561,0,0.0002062400890281424,5
7562,0,0.0004117584030609578,4
7563,0,7.891761197242886e-05,4
7564,0,8.523750875610858e-05,1
7565,0,0.0001508844579802826,2
7566,0,0.0002279922046000138,1
7567,0,4.554904080578126e-05,2
7568,0,0.0018784719286486506,2
7569,0,0.020647048950195312,3
7570,0,0.0007380954339168966,5
7571,0,2.901670268329326e-05,5
7572,0,0.0002546354371588677,1
7573,0,0.0014154554810374975,3
7574,0,3.8888661947567016e-05,3
7575,0,0.00013885495718568563,4
7576,0,0.0003550706314854324,1
7577,0,0.0010320879518985748,1
7578,0,3.591297718230635e-05,5
7579,0,0.00019940051424782723,4
7580,0,0.001368289696983993,5
7581,0,0.000189604950719513,3
7582,0,0.0008012395119294524,2
7583,0,1.4450724847847596e-05,1
7584,0,0.0012006303295493126,5
7585,0,0.00029713293770328164,3
7586,0,0.00021457037655636668,5
7587,0,4.577097570290789e-05,2
7588,0,3.053299224120565e-05,3
7589,0,5.2739611419383436e-05,4
7590,0,0.00015157736197579652,2
7591,0,9.223271626979113e-05,3
7592,0,0.015447125770151615,1
7593,0,0.0005854001501575112,4
7594,0,7.296399871847825e-06,1
7595,0,0.018789036199450493,4
7596,0,0.006887278985232115,1
7597,0,0.00072659453144297,1
7598,0,0.004019819665700197,1
7599,0,0.0021987410727888346,5
7600,0,8.519256880390458e-06,4
7601,0,0.0013901838101446629,4
7602,0,0.0004385358770377934,4
7603,0,0.0010456099407747388,2
7604,0,0.00012143333879066631,2
7605,0,0.001554175396449864,4
7606,0,0.00027514397515915334,3
7607,0,0.0001460971252527088,4
7608,0,0.0009332649642601609,3
7609,0,3.482023748802021e-05,1
7610,0,0.0001171600742964074,2
7611,0,4.644980435841717e-05,3
7612,0,0.004781603347510099,2
7613,0,0.0001699903659755364,1
7614,0,6.404662417480722e-05,1
7615,0,4.608399831340648e-05,2
7616,0,0.19738085567951202,5
7617,0,3.024948455276899e-05,5
7618,0,0.0013443833449855447,3
7619,0,2.512068022042513e-05,1
7620,0,0.00010371595999458805,1
7621,0,0.007239175960421562,4
7622,0,0.000471132603706792,5
7623,0,0.0012919835280627012,4
7624,0,0.00016040014452300966,4
7625,0,0.002987867221236229,2
7626,0,3.874067260767333e-05,2
7627,0,0.00027762039098888636,5
7628,0,0.05449637025594711,3
7629,0,0.001766977715305984,1
7630,0,0.00047857960453256965,2
7631,0,0.0009090945241041481,3
7632,0,0.0009882188169285655,4
7633,0,0.0001146028662333265,4
7634,0,0.00021390774054452777,2
7635,0,0.0005586404586210847,5
7636,0,0.00042966142063960433,2
7637,0,0.005704081617295742,3
7638,0,5.8416753745405003e-05,2
7639,0,0.0007325113983824849,2
7640,0,6.621694046771154e-05,5
7641,0,0.0003122009220533073,2
7642,0,0.0006506333011202514,2
7643,0,0.36206766963005066,5
7644,0,0.00033095601247623563,2
7645,0,7.925389218144119e-05,5
7646,0,0.0003387574979569763,4
7647,0,0.00012689968571066856,2
7648,0,2.7049483833252452e-05,5
7649,0,0.007812786847352982,5
7650,0,3.279768134234473e-05,3
7651,0,0.0009567809756845236,2
7652,0,0.09326579421758652,3
7653,0,0.00011092011845903471,4
7654,0,0.003843142418190837,1
7655,0,0.0002804552495945245,1
7656,0,0.0010062725050374866,1
7657,0,0.00021989905508235097,5
7658,0,3.64280967914965e-05,5
7659,0,0.10676330327987671,3
7660,0,7.122422539396212e-05,5
7661,0,0.00013898065662942827,4
7662,0,9.605330706108361e-05,1
7663,0,0.0001009768238873221,2
7664,0,0.0015565775102004409,4
7665,0,7.101899973349646e-05,3
7666,0,2.352276351302862e-05,5
7667,0,9.19280355446972e-05,3
7668,0,0.00013577236677519977,2
7669,0,0.0004039483901578933,2
7670,0,0.000250940938713029,3
7671,0,5.938191316090524e-05,3
7672,0,7.894470763858408e-05,3
7673,0,0.005543215200304985,2
7674,0,0.0001924657408380881,2
7675,0,0.0009889986831694841,3
7676,0,0.00021460354037117213,4
7677,0,0.00036068563349545,2
7678,0,5.072998101240955e-05,3
7679,0,0.004205883014947176,4
7680,0,2.386207961535547e-05,5
7681,0,0.00010439165635034442,1
7682,0,0.00010872643179027364,1
7683,0,1.0101695806952193e-05,2
7684,0,0.0025337610859423876,2
7685,0,0.0001760127197485417,4
7686,0,0.001220546429976821,4
7687,0,0.00016072364815045148,2
7688,0,2.830945777532179e-05,4
7689,0,0.0011648595100268722,1
7690,0,0.015303085558116436,1
7691,0,0.0034344037994742393,4
7692,0,4.272774458513595e-05,3
7693,0,0.0019268556497991085,1
7694,0,0.0011968639446422458,4
7695,0,0.0004734572139568627,3
7696,0,3.6229859688319266e-05,1
7697,0,1.5816931409062818e-05,2
7698,0,0.00023759542091283947,1
7699,0,0.0004106298729311675,4
7700,0,0.00012224905367475003,1
7701,0,0.0002393244649283588,1
7702,0,1.7194623069372028e-05,3
7703,0,0.00023215719556901604,3
7704,0,0.00014253755216486752,3
7705,0,0.00047707444173283875,3
7706,0,0.00042428739834576845,2
7707,0,0.0003142078348901123,2
7708,0,9.936986316461116e-05,5
7709,0,4.090873699169606e-05,4
7710,0,0.008827202953398228,2
7711,0,0.003079929854720831,2
7712,0,0.0005783959641121328,2
7713,0,6.466455670306459e-05,2
7714,0,0.0013420709874480963,2
7715,0,0.002609493210911751,2
7716,0,2.0140447304584086e-05,4
7717,0,0.000159736824571155,5
7718,0,0.0039147622883319855,5
7719,0,0.0006523823831230402,5
7720,0,0.00031374924583360553,2
7721,0,0.000920681981369853,2
7722,0,0.0019095015013590455,2
7723,0,4.285645263735205e-05,4
7724,0,0.0009227413684129715,4
7725,0,8.275304026028607e-06,5
7726,0,2.580455293355044e-05,3
7727,0,3.0083581805229187e-05,4
7728,0,0.00011925818398594856,2
7729,0,0.0006229476421140134,5
7730,0,2.4831859263940714e-05,4
7731,0,1.0019510227721184e-05,2
7732,0,0.0048187836073338985,2
7733,0,0.00010148389264941216,4
7734,0,0.00036100708530284464,4
7735,0,0.0020071007311344147,2
7736,0,0.0015208408003672957,1
7737,0,0.0013601829996332526,5
7738,0,2.5876683139358647e-05,3
7739,0,6.897770072100684e-05,3
7740,0,0.0003910444211214781,3
7741,0,7.069567800499499e-05,4
7742,0,2.47353582381038e-05,2
7743,0,0.002167356666177511,3
7744,0,0.0001270432840101421,2
7745,0,0.000659179117064923,3
7746,0,9.199335909215733e-05,4
7747,0,3.2653317703079665e-06,3
7748,0,0.0001241183199454099,2
7749,0,9.367512393509969e-05,4
7750,0,8.267057273769751e-05,3
7751,0,8.600598084740341e-05,2
7752,0,0.0005261367186903954,2
7753,0,0.048131465911865234,2
7754,0,8.226886711781844e-05,4
7755,0,0.0002354243042645976,3
7756,0,3.8469825085485354e-05,1
7757,0,4.873753641732037e-05,3
7758,0,0.0002001449029194191,4
7759,0,0.000346309068845585,1
7760,0,0.00035502409446053207,1
7761,0,0.0006441182340495288,1
7762,0,0.00013748265337198973,4
7763,0,0.00021974625997245312,1
7764,0,0.0007613236666657031,1
7765,0,0.000298228143947199,4
7766,0,0.000694524496793747,5
7767,0,0.0017581031424924731,4
7768,0,1.3716001376451459e-05,4
7769,0,6.127355300122872e-05,4
7770,0,0.00015967850049491972,2
7771,0,0.0032565922010689974,2
7772,0,0.00024802854750305414,3
7773,0,2.4170836695702747e-05,1
7774,0,2.8748938802891644e-06,3
7775,0,3.103566632489674e-05,3
7776,0,4.09182976000011e-05,2
7777,0,2.2176092898007482e-05,5
7778,0,0.0007045879028737545,2
7779,0,3.641364673967473e-05,5
7780,0,0.00010823383490787819,2
7781,0,0.0002537085092626512,1
7782,0,0.0010108078131452203,3
7783,0,0.0002306392852915451,1
7784,0,0.0005858841468580067,2
7785,0,0.08949574828147888,5
7786,0,0.00025310448836535215,4
7787,0,0.0001269581407541409,3
7788,0,0.0004057079495396465,2
7789,0,0.0003264883707743138,4
7790,0,9.308945300290361e-05,3
7791,0,0.0018351550679653883,5
7792,0,0.00020976584346499294,4
7793,0,3.7059118767501786e-05,2
7794,0,4.402132981340401e-05,3
7795,0,0.00018877982802223414,1
7796,0,0.00015997949230950326,1
7797,0,0.0005545068415813148,4
7798,0,5.185163900023326e-05,3
7799,0,0.00013227474119048566,2
7800,0,1.9931279894080944e-05,3
7801,0,5.1556984544731677e-05,4
7802,0,0.0002928399480879307,2
7803,0,0.0001313293760176748,2
7804,0,0.00020996313833165914,3
7805,0,0.0001397795567754656,3
7806,0,6.051315722288564e-05,3
7807,0,6.913409742992371e-05,4
7808,0,0.0007567738648504019,2
7809,0,0.0007878393516875803,2
7810,0,0.00017262142500840127,5
7811,0,0.00014102892600931227,5
7812,0,0.007913241162896156,2
7813,0,9.822886931942776e-05,4
7814,0,9.428447810932994e-06,5
7815,0,0.009558374062180519,1
7816,0,0.00046613081940449774,3
7817,0,0.0002175099798478186,5
7818,0,8.272057311842218e-05,5
7819,0,2.0125258743064478e-05,3
7820,0,0.0014556407695636153,2
7821,0,3.553902934072539e-05,1
7822,0,2.01236289285589e-05,3
7823,0,3.595762973418459e-05,3
7824,0,0.0006072286050766706,4
7825,0,0.0009654372115619481,3
7826,0,0.00028754080994986,1
7827,0,0.00019321354920975864,1
7828,0,1.9238153981859796e-05,4
7829,0,0.00013263925211504102,4
7830,0,0.0003895617264788598,3
7831,0,0.0010423199273645878,3
7832,0,0.0013266595778986812,1
7833,0,0.001418953645043075,1
7834,0,0.0003648527490440756,3
7835,0,0.00020823620434384793,4
7836,0,0.03409820422530174,2
7837,0,0.00040930771501734853,1
7838,0,0.00028147478587925434,1
7839,0,0.00012639572378247976,3
7840,0,0.0011431380407884717,2
7841,0,0.0010413994314149022,1
7842,0,0.0007133063627406955,3
7843,0,0.0030299921054393053,2
7844,0,8.39131826069206e-05,2
7845,0,8.694737334735692e-05,2
7846,0,0.0006224506068974733,2
7847,0,9.037114978127647e-06,2
7848,0,1.3091639630147256e-05,2
7849,0,0.00014361480134539306,2
7850,0,1.8352517145103775e-05,2
7851,0,6.748043961124495e-05,2
7852,0,0.00015941211313474923,4
7853,0,0.0008441053214482963,2
7854,0,1.0413711606815923e-05,3
7855,0,2.9382240427366924e-06,3
7856,0,3.2541680411668494e-05,3
7857,0,0.0005990643403492868,5
7858,0,2.9828701372025535e-05,4
7859,0,3.047981226700358e-05,1
7860,0,0.00012263329699635506,5
7861,0,1.217193812408368e-06,5
7862,0,7.437728345394135e-05,4
7863,0,2.452600165270269e-05,2
7864,0,0.00011589546920731664,2
7865,0,0.005612271372228861,4
7866,0,0.000135337671963498,4
7867,0,8.28996708150953e-05,1
7868,0,0.0006705415435135365,2
7869,0,0.0009983311174437404,1
7870,0,0.006271925754845142,1
7871,0,4.863122012466192e-05,5
7872,0,0.0004755076370202005,4
7873,0,7.573774200864136e-05,5
7874,0,1.3892324204789475e-05,5
7875,0,8.559672278352082e-05,4
7876,0,6.455833499785513e-05,4
7877,0,3.04468376270961e-05,3
7878,0,0.0003163340734317899,3
7879,0,0.001389256096445024,2
7880,0,3.5256782666692743e-06,5
7881,0,2.2696580344927497e-05,5
7882,0,0.0009345715516246855,5
7883,0,0.00015625836385879666,3
7884,0,3.661533264676109e-05,2
7885,0,4.499826900428161e-05,5
7886,0,1.560575947223697e-05,5
7887,0,0.0005310194683261216,1
7888,0,0.004050841089338064,3
7889,0,0.0004042274958919734,3
7890,0,8.912340854294598e-05,4
7891,0,8.504136349074543e-05,4
7892,0,5.8907578932121396e-05,5
7893,0,8.869102748576552e-05,4
7894,0,1.650272315600887e-05,1
7895,0,0.00023342188796959817,2
7896,0,0.0005281837657094002,2
7897,0,0.000252138648647815,5
7898,0,0.0003615845344029367,4
7899,0,4.193345012026839e-05,2
7900,0,0.00016841829346958548,2
7901,0,2.109229717461858e-05,5
7902,0,0.0008485815487802029,3
7903,0,0.000414053734857589,5
7904,0,8.422278915531933e-05,2
7905,0,0.0009856348624452949,4
7906,0,3.725066562765278e-05,4
7907,0,0.0001349595549982041,5
7908,0,0.000681238598190248,1
7909,0,0.00047622888814657927,4
7910,0,0.0006790971965529025,4
7911,0,7.570394518552348e-05,5
7912,0,0.0004529933212324977,5
7913,0,0.00011004957923432812,4
7914,0,7.622034900123253e-05,2
7915,0,8.238743248512037e-06,5
7916,0,3.537692464306019e-05,5
7917,0,0.00020704278722405434,4
7918,0,0.00045331617002375424,1
7919,0,3.9802947867428884e-05,4
7920,0,0.0005247083608992398,3
7921,0,6.782216223655269e-05,2
7922,0,6.951495015528053e-05,4
7923,0,0.00029332557460293174,4
7924,0,0.0007629978354088962,2
7925,0,0.0012644659727811813,3
7926,0,0.000457313988590613,2
7927,0,0.0001351328828604892,2
7928,0,0.00039731099968776107,4
7929,0,0.0007949069258756936,1
7930,0,0.0001534540788270533,4
7931,0,4.0241360693471506e-05,5
7932,0,0.0007912634173408151,2
7933,0,0.00026854887255467474,3
7934,0,0.0005554069066420197,2
7935,0,9.637690527597442e-05,2
7936,0,4.047984111821279e-05,1
7937,0,0.01022719219326973,3
7938,0,0.0031797317788004875,1
7939,0,0.00040176991024054587,2
7940,0,0.0011030235327780247,2
7941,0,2.346706241951324e-05,5
7942,0,1.849331420089584e-05,3
7943,0,0.0021483285818248987,3
7944,0,6.516306166304275e-05,3
7945,0,8.851182064972818e-05,3
7946,0,0.0008380093495361507,5
7947,0,2.8230333555256948e-05,4
7948,0,0.000187513287528418,4
7949,0,5.983272421872243e-05,2
7950,0,7.603654375998303e-05,1
7951,0,0.00011237888247705996,3
7952,0,1.1349279702699278e-05,4
7953,0,7.732411904726177e-05,3
7954,0,0.0003619406488724053,3
7955,0,0.0038772504776716232,5
7956,0,3.039600960619282e-05,1
7957,0,0.00509203877300024,1
7958,0,0.004090895410627127,4
7959,0,0.008123921230435371,5
7960,0,0.0020782758947461843,1
7961,0,0.0001643281284486875,1
7962,0,0.0011645045597106218,5
7963,0,0.0001189998583868146,2
7964,0,0.0002625625638756901,2
7965,0,0.00014913568156771362,5
7966,0,0.00014250929234549403,5
7967,0,0.0012491304660215974,4
7968,0,0.0003990814439021051,3
7969,0,0.0002753174339886755,1
7970,0,6.443575693992898e-05,3
7971,0,0.0004133184556849301,3
7972,0,6.100576865719631e-05,2
7973,0,3.107523298240267e-05,5
7974,0,0.00012124451313866302,3
7975,0,0.0005684174248017371,1
7976,0,0.0026351818814873695,4
7977,0,0.00010109089635079727,4
7978,0,0.00016936488100327551,5
7979,0,0.0004067440459039062,2
7980,0,5.049551418778719e-06,5
7981,0,0.00020968906756024808,2
7982,0,0.0005626045167446136,2
7983,0,0.0006603499059565365,4
7984,0,0.0003902547468896955,1
7985,0,0.001210403977893293,4
7986,0,2.0927542209392413e-05,1
7987,0,0.0009562984923832119,1
7988,0,0.0007137021166272461,2
7989,0,0.00011111066851299256,2
7990,0,2.4774120902293362e-05,2
7991,0,0.02858351543545723,1
7992,0,0.0011982590658590198,4
7993,0,0.001998315332457423,3
7994,0,3.7097022868692875e-05,4
7995,0,5.70387055631727e-06,2
7996,0,9.700453119876329e-06,3
7997,0,1.1152567822136916e-05,4
7998,0,0.00019202049588784575,1
7999,0,4.130298748350469e-06,3
8000,0,0.0012589709367603064,1
8001,0,0.0004506664408836514,4
8002,0,0.0004364594060461968,4
8003,0,0.0005763716180808842,4
8004,0,4.0505714423488826e-05,4
8005,0,0.0005388267454691231,2
8006,0,0.00030785283888690174,4
8007,0,0.0012552333064377308,5
8008,0,0.00017129430489148945,2
8009,0,4.127548527321778e-05,2
8010,0,0.00017967386520467699,1
8011,0,0.0001478765334468335,3
8012,0,0.00019900222832802683,4
8013,0,0.00012020190479233861,3
8014,0,2.392202804912813e-05,3
8015,0,0.0002163696481147781,1
8016,0,0.0007320079021155834,5
8017,0,0.0007312350790016353,1
8018,0,0.0003310446918476373,1
8019,0,0.0001854309084592387,1
8020,0,0.00039603517507202923,1
8021,0,0.0002579589490778744,2
8022,0,9.739344386616722e-05,1
8023,0,0.0003082766488660127,2
8024,0,0.0007880409248173237,5
8025,0,4.677077231463045e-05,3
8026,0,0.00016739493003115058,3
8027,0,0.0002147738414350897,3
8028,0,0.00027668921393342316,5
8029,0,5.892994158784859e-05,3
8030,0,1.0027845746662933e-05,5
8031,0,0.00015440298011526465,5
8032,0,0.0001985006092581898,3
8033,0,9.155517909675837e-05,4
8034,0,0.00019044037617277354,2
8035,0,0.00457011628895998,5
8036,0,0.000674712413456291,5
8037,0,3.776001449296018e-06,5
8038,0,0.0001551328896312043,4
8039,0,7.134237239370123e-05,4
8040,0,0.0001310263032792136,5
8041,0,0.00046553488937206566,2
8042,0,0.009130079299211502,2
8043,0,0.00046212822780944407,2
8044,0,3.286900755483657e-05,4
8045,0,1.8056434782920405e-05,2
8046,0,0.0001271799992537126,4
8047,0,0.00013915836461819708,1
8048,0,0.001107606920413673,2
8049,0,0.0010705062886700034,4
8050,0,0.00011652177636278793,4
8051,0,4.225490556564182e-05,4
8052,0,0.00036884183646179736,3
8053,0,5.638662332785316e-05,3
8054,0,0.0007154011400416493,3
8055,0,0.0001794420531950891,3
8056,0,0.00012759056698996574,3
8057,0,0.0004734910908155143,2
8058,0,0.00010693404328776523,2
8059,0,0.0007986211567185819,4
8060,0,0.0013303934829309583,1
8061,0,0.007595216389745474,4
8062,0,0.0008738987380638719,2
8063,0,0.000334925833158195,4
8064,0,0.00011790694406954572,5
8065,0,0.00024213701544795185,2
8066,0,0.0002804985851980746,2
8067,0,0.0002832620812114328,1
8068,0,0.0009063160978257656,2
8069,0,0.00011078386887675151,2
8070,0,0.00016559686628170311,2
8071,0,3.399170600459911e-05,1
8072,0,0.00021320849191397429,4
8073,0,0.00012625035014934838,5
8074,0,0.00017109891632571816,1
8075,0,0.002950280671939254,3
8076,0,0.0011083520948886871,5
8077,0,6.789308827137575e-05,2
8078,0,5.179925574338995e-05,5
8079,0,0.0007778487633913755,4
8080,0,3.802448190981522e-05,4
8081,0,9.439499262953177e-05,1
8082,0,7.672001811442897e-05,5
8083,0,7.073957385728136e-05,5
8084,0,0.0002150931250071153,2
8085,0,0.000253776233876124,5
8086,0,0.0008227920043282211,2
8087,0,4.65140965388855e-06,5
8088,0,0.0001597031659912318,2
8089,0,0.0005614720284938812,5
8090,0,0.0009739904780872166,2
8091,0,0.0002688319655135274,4
8092,0,0.0003326029982417822,5
8093,0,0.0006147516542114317,1
8094,0,0.00014329634723253548,3
8095,0,0.000335224496666342,2
8096,0,0.0015937421703711152,3
8097,0,7.637008093297482e-05,3
8098,0,5.7161119002557825e-06,3
8099,0,0.0005852339090779424,5
8100,0,0.005782386753708124,4
8101,0,3.635462780948728e-05,2
8102,0,0.00010957303311442956,1
8103,0,0.0005088154575787485,5
8104,0,0.003426640760153532,5
8105,0,5.02806251461152e-05,5
8106,0,0.0008701318874955177,5
8107,0,0.00016263386351056397,4
8108,0,0.0009990774560719728,1
8109,0,0.0002641907485667616,1
8110,0,0.001243121107108891,4
8111,0,4.457650720723905e-05,3
8112,0,0.00016293235239572823,5
8113,0,0.000978144002147019,2
8114,0,9.471986413700506e-05,5
8115,0,0.0011937272502109408,3
8116,0,7.826412911526859e-06,5
8117,0,0.0008030693861655891,2
8118,0,6.946147186681628e-05,1
8119,0,0.000368554174201563,4
8120,0,0.006895020138472319,2
8121,0,0.0001550710730953142,1
8122,0,1.9474540749797598e-05,5
8123,0,0.010355492122471333,4
8124,0,5.352878724806942e-05,1
8125,0,0.0002122565929312259,1
8126,0,0.00013536632468458265,3
8127,0,8.905790309654549e-05,4
8128,0,0.0004502346564549953,2
8129,0,0.00013953611778561026,4
8130,0,3.293907502666116e-05,3
8131,0,8.17583713796921e-06,5
8132,0,0.0009670786093920469,4
8133,0,0.0012646284885704517,1
8134,0,8.98505313671194e-05,4
8135,0,0.00034524593502283096,4
8136,0,1.7489344827481546e-05,4
8137,0,0.0019147131824865937,3
8138,0,0.0002577175328042358,3
8139,0,0.00040073427953757346,2
8140,0,6.256892811506987e-05,2
8141,0,2.1861460481886752e-05,5
8142,0,0.0001641528942855075,1
8143,0,2.238094384665601e-05,5
8144,0,0.004529070109128952,1
8145,0,0.0005343275843188167,2
8146,0,0.00033361860550940037,2
8147,0,0.00011260425526415929,1
8148,0,0.00035061821108683944,2
8149,0,3.894458859576844e-05,3
8150,0,7.12503824615851e-05,1
8151,0,0.0002954488154500723,1
8152,0,0.005609788931906223,4
8153,0,0.00014116628153715283,2
8154,0,5.844059705850668e-05,2
8155,0,0.0006370500777848065,2
8156,0,0.0011468016309663653,1
8157,0,0.000991198467090726,2
8158,0,7.956747867865488e-05,3
8159,0,0.0002829422301147133,2
8160,0,0.0015361572150141,1
8161,0,0.00022975719184614718,3
8162,0,8.935001824283972e-05,3
8163,0,3.035345798707567e-05,4
8164,0,6.492653483292088e-06,5
8165,0,0.0013536704936996102,3
8166,0,0.00011626528430497274,2
8167,0,0.060695044696331024,1
8168,0,0.0007750357035547495,4
8169,0,0.00036355730844661593,2
8170,0,0.0005028776358813047,1
8171,0,9.813345968723297e-05,2
8172,0,0.0029313776176422834,4
8173,0,0.00025501492200419307,2
8174,0,0.0004231626517139375,4
8175,0,0.001776970806531608,5
8176,0,0.0003795826341956854,1
8177,0,5.678274465026334e-05,5
8178,0,0.00045080174459144473,3
8179,0,8.854931365931407e-05,3
8180,0,5.1983981393277645e-05,4
8181,0,5.671012695529498e-05,3
8182,0,0.0001252225920325145,3
8183,0,0.00034059962490573525,5
8184,0,5.97599646425806e-05,3
8185,0,0.00014318489411380142,5
8186,0,0.00011600039579207078,2
8187,0,0.00011360295320628211,1
8188,0,0.0033509726636111736,4
8189,0,0.0010561192175373435,3
8190,0,4.7950452426448464e-05,1
8191,0,6.738083902746439e-05,5
8192,0,0.0020546047016978264,4
8193,0,0.0002592583477962762,2
8194,0,0.00037074374267831445,3
8195,0,5.435282218968496e-05,3
8196,0,0.00010891445708693936,2
8197,0,0.000155941306729801,4
8198,0,1.1961321433773264e-05,5
8199,0,0.0005795675679109991,1
8200,0,0.00033955241087824106,1
8201,0,0.0004335186677053571,4
8202,0,0.00042875451617874205,5
8203,0,6.744750135112554e-05,3
8204,0,0.0021384665742516518,5
8205,0,0.00012628200056497008,5
8206,0,0.0002901990374084562,1
8207,0,4.245573654770851e-05,2
8208,0,0.0004591728502418846,4
8209,0,0.002906802576035261,4
8210,0,0.00026422878727316856,2
8211,0,0.00015521440946031362,2
8212,0,0.00011095673107774928,2
8213,0,4.9460741138318554e-05,2
8214,0,0.00011337635078234598,1
8215,0,0.0005695992149412632,1
8216,0,0.0005766095127910376,1
8217,0,0.00020733693963848054,1
8218,0,0.0011362377554178238,1
8219,0,8.53751553222537e-05,3
8220,0,0.0015513071557506919,3
8221,0,0.0001744692854117602,5
8222,0,0.0001776326389517635,1
8223,0,8.234319102484733e-05,3
8224,0,0.00014762856881134212,5
8225,0,0.0007518399506807327,4
8226,0,0.0001479869824834168,4
8227,0,1.9185095879947767e-05,5
8228,0,4.627040107152425e-05,1
8229,0,0.00022357021225616336,3
8230,0,0.00016872803098522127,3
8231,0,0.0003550400142557919,3
8232,0,5.606293780147098e-05,2
8233,0,0.00011733583232853562,3
8234,0,0.0003440278524067253,3
8235,0,0.00047584070125594735,4
8236,0,0.0007037547766231,1
8237,0,0.002127658575773239,2
8238,0,1.5545660062343813e-05,2
8239,0,0.0008218974689953029,1
8240,0,0.0001349268713966012,3
8241,0,5.723347203456797e-05,3
8242,0,0.013258881866931915,4
8243,0,0.0001508440327597782,3
8244,0,0.00020698200387414545,3
8245,0,4.098695353604853e-05,1
8246,0,1.612335108802654e-05,2
8247,0,0.0021181411575526,5
8248,0,7.500734500354156e-05,1
8249,0,6.819942791480571e-05,2
8250,0,2.0699635570053943e-05,4
8251,0,0.0002910704934038222,5
8252,0,4.423784776008688e-05,3
8253,0,0.0016084479866549373,4
8254,0,8.776572940405458e-05,2
8255,0,0.0008976134704425931,2
8256,0,0.0011886405991390347,4
8257,0,0.0001275416580028832,4
8258,0,2.7140125894220546e-05,5
8259,0,1.8430071122566005e-06,5
8260,0,2.1191495761740953e-05,5
8261,0,7.874246512074023e-05,5
8262,0,0.00033251644345000386,5
8263,0,4.880088090430945e-05,3
8264,0,0.0002619931474328041,1
8265,0,0.00403072964400053,1
8266,0,0.00015487732889596373,1
8267,0,3.464122346485965e-05,3
8268,0,7.796941645210609e-05,1
8269,0,4.682530925492756e-05,3
8270,0,0.00019322313892189413,3
8271,0,0.013100516051054,4
8272,0,0.00015383967547677457,2
8273,0,0.00017392233712598681,1
8274,0,0.00010689215559978038,5
8275,0,0.00013140628288965672,3
8276,0,6.416283576982096e-05,3
8277,0,0.00014327735698316246,1
8278,0,0.00013296774704940617,4
8279,0,0.001879675779491663,5
8280,0,8.053103374550119e-05,4
8281,0,0.0007527191773988307,5
8282,0,6.640449282713234e-05,2
8283,0,0.0028888939414173365,2
8284,0,0.000320681108860299,2
8285,0,0.010031113401055336,3
8286,0,4.395211817609379e-06,3
8287,0,1.1394242392270826e-05,5
8288,0,0.00015412674110848457,2
8289,0,0.0003178746555931866,2
8290,0,7.5129973993171e-05,3
8291,0,0.0021275703329592943,2
8292,0,0.00035768686211667955,4
8293,0,0.007457688916474581,2
8294,0,0.0004602789122145623,4
8295,0,0.0001292096421821043,5
8296,0,0.0003127114905510098,5
8297,0,5.310808774083853e-05,3
8298,0,0.023937895894050598,1
8299,0,0.0785079300403595,1
8300,0,0.0002960008569061756,3
8301,0,5.309750122250989e-05,5
8302,0,1.8898743292083964e-05,2
8303,0,0.005162636749446392,2
8304,0,6.16513061686419e-05,3
8305,0,5.819651414640248e-05,4
8306,0,8.525117300450802e-05,3
8307,0,2.5050967451534234e-05,2
8308,0,0.0006770332693122327,2
8309,0,5.1179540605517104e-06,3
8310,0,0.00023875675105955452,3
8311,0,0.0024773969780653715,2
8312,0,0.000801049405708909,4
8313,0,0.0019255822990089655,2
8314,0,0.0021668083500117064,3
8315,0,0.003892426146194339,1
8316,0,8.346443064510822e-05,2
8317,0,0.00027665120433084667,5
8318,0,4.093090319656767e-05,5
8319,0,0.00039658957393839955,5
8320,0,2.053209209407214e-05,4
8321,0,0.0009093184489756823,3
8322,0,0.0001168026719824411,4
8323,0,0.014006128534674644,5
8324,0,0.004027943592518568,1
8325,0,0.00010159524390473962,5
8326,0,0.0003599908377509564,1
8327,0,0.0004996388452127576,5
8328,0,7.956808258313686e-05,5
8329,0,0.0003620496718212962,2
8330,0,0.007169702555984259,5
8331,0,0.0012343856506049633,5
8332,0,0.00018981151515617967,1
8333,0,0.00034891560790129006,2
8334,0,0.00019040533516090363,3
8335,0,1.8610206097946502e-05,5
8336,0,8.367880946025252e-05,1
8337,0,4.77670255349949e-05,2
8338,0,0.0001249581400770694,2
8339,0,0.0005836788914166391,1
8340,0,7.915947935543954e-05,5
8341,0,1.1303729479550384e-05,3
8342,0,5.372900341171771e-05,3
8343,0,2.588453389762435e-05,2
8344,0,0.00032804496004246175,1
8345,0,0.0013235504738986492,1
8346,0,0.001214858959428966,2
8347,0,0.00010608688899083063,3
8348,0,0.00016599983791820705,4
8349,0,0.00020679518638644367,5
8350,0,8.498007809976116e-05,2
8351,0,0.0001297544949920848,2
8352,0,0.00011969794286414981,1
8353,0,6.515448330901563e-05,4
8354,0,0.00011693796113831922,5
8355,0,0.00038676278200000525,3
8356,0,2.824414877977688e-05,4
8357,0,8.483943383907899e-05,4
8358,0,0.00010491508874110878,5
8359,0,0.00011616454867180437,4
8360,0,5.152125595486723e-05,4
8361,0,0.0018666062969714403,5
8362,0,0.00012984880595467985,3
8363,0,0.00012591622362378985,4
8364,0,0.00021041066793259233,5
8365,0,0.0006894764956086874,2
8366,0,0.0007137773209251463,1
8367,0,3.376107270014472e-05,5
8368,0,0.0005349864950403571,3
8369,0,2.8560507416841574e-05,1
8370,0,0.0005175392725504935,3
8371,0,0.00291330274194479,3
8372,0,0.00018665862444322556,5
8373,0,0.0033676237799227238,5
8374,0,0.0013049328699707985,4
8375,0,0.0009430076461285353,4
8376,0,4.150916720391251e-05,1
8377,0,0.0013377615250647068,4
8378,0,7.055949390633032e-05,3
8379,0,0.0002116394171025604,4
8380,0,0.0005218866863287985,2
8381,0,0.0002620273735374212,2
8382,0,0.0010933971498161554,1
8383,0,0.0002444569254294038,1
8384,0,0.0036599368322640657,5
8385,0,0.00025131303118541837,2
8386,0,8.773175795795396e-05,3
8387,0,6.767080049030483e-05,5
8388,0,0.00014578776608686894,3
8389,0,0.0003001455625053495,3
8390,0,0.00016135368787217885,4
8391,0,0.0005397005588747561,5
8392,0,0.0006840865826234221,3
8393,0,0.0007482682121917605,1
8394,0,1.4341702808451373e-05,5
8395,0,3.3787840948207304e-05,5
8396,0,0.0001314957917202264,4
8397,0,4.943692692904733e-05,2
8398,0,0.0001498521160101518,1
8399,0,0.00018826284212991595,2
8400,0,0.010720471851527691,4
8401,0,0.0002457581285852939,2
8402,0,0.0010763064492493868,4
8403,0,0.00015225396782625467,3
8404,0,6.103533087298274e-05,1
8405,0,0.0003551730769686401,2
8406,0,0.00020327206584624946,2
8407,0,2.3992921342141926e-05,5
8408,0,0.00024903181474655867,3
8409,0,4.4337186409393325e-05,5
8410,0,1.3897583812649827e-05,1
8411,0,0.0003446945920586586,4
8412,0,0.0007525058463215828,3
8413,0,5.85580819461029e-05,4
8414,0,0.0001483069354435429,4
8415,0,0.0006026470218785107,3
8416,0,1.9424978745519184e-05,2
8417,0,0.00016664642316754907,1
8418,0,0.0002223580377176404,1
8419,0,0.0034376904368400574,4
8420,0,8.28360571176745e-05,1
8421,0,0.00030597139266319573,5
8422,0,7.373316475423053e-05,3
8423,0,0.0024978823494166136,4
8424,0,0.00021043854940216988,4
8425,0,8.449613233096898e-05,4
8426,0,0.00020230123482178897,4
8427,0,0.0012973041739314795,1
8428,0,0.0009626820683479309,5
8429,0,4.6352412027772516e-05,2
8430,0,0.0013731904327869415,4
8431,0,0.00020968826720491052,4
8432,0,0.0005631203530356288,5
8433,0,0.0009923833422362804,5
8434,0,0.001952131511643529,4
8435,0,0.00019789737416431308,2
8436,0,7.47818048694171e-05,2
8437,0,0.0016895215958356857,1
8438,0,0.0003212812007404864,5
8439,0,0.00014487178123090416,4
8440,0,0.0006458443240262568,4
8441,0,0.00623986916616559,1
8442,0,1.312501717620762e-05,3
8443,0,0.00026586552849039435,4
8444,0,0.0002910002658609301,5
8445,0,5.173463432583958e-05,5
8446,0,0.0003821572754532099,3
8447,0,0.0002406018174951896,3
8448,0,8.159943536156788e-05,2
8449,0,3.950138489017263e-05,3
8450,0,0.00025853264378383756,3
8451,0,0.0030665858648717403,3
8452,0,2.6135028747376055e-05,3
8453,0,9.165388473775238e-05,5
8454,0,3.202343577868305e-05,5
8455,0,3.712402394739911e-05,1
8456,0,9.874615352600813e-05,1
8457,0,0.0036794019397348166,4
8458,0,0.008495178073644638,5
8459,0,0.00013201567344367504,3
8460,0,9.824216249398887e-05,1
8461,0,0.0010932117002084851,2
8462,0,0.00011449353041825816,3
8463,0,7.893612928455696e-05,4
8464,0,1.8022388758254237e-05,3
8465,0,6.520644819829613e-05,4
8466,0,0.000199326008441858,4
8467,0,0.0001453690929338336,2
8468,0,0.00018323025142308325,4
8469,0,0.00013898039469495416,5
8470,0,0.00015986405196599662,2
8471,0,0.0008900396642275155,3
8472,0,4.558410728350282e-05,1
8473,0,6.548886449309066e-05,5
8474,0,0.0006026403862051666,3
8475,0,0.000590043084230274,2
8476,0,0.009320437908172607,1
8477,0,0.00023167161270976067,1
8478,0,0.00010728069173637778,3
8479,0,3.369805926922709e-05,5
8480,0,0.07581759244203568,5
8481,0,2.5263985662604682e-05,5
8482,0,0.0005493265343829989,5
8483,0,0.00017659016884863377,2
8484,0,6.906892667757347e-05,3
8485,0,0.0005378600326366723,1
8486,0,0.0013057721080258489,1
8487,0,7.531159644713625e-05,5
8488,0,6.458992720581591e-05,4
8489,0,0.00022787311172578484,3
8490,0,6.332296470645815e-05,1
8491,0,7.76095621404238e-05,3
8492,0,4.0711074689170346e-05,3
8493,0,0.00020560139091685414,3
8494,0,0.0003439717402216047,3
8495,0,9.936295100487769e-05,2
8496,0,0.009806645102798939,4
8497,0,0.0001885346428025514,3
8498,0,0.0012700471561402082,4
8499,0,5.08546108903829e-05,2
8500,0,0.0004006076487712562,3
8501,0,0.0008869323646649718,4
8502,0,0.0003413617378100753,4
8503,0,0.00021459186973515898,5
8504,0,0.002540880348533392,4
8505,0,0.0025356588885188103,2
8506,0,0.006175365764647722,1
8507,0,0.00029315476422198117,5
8508,0,1.4594468666473404e-05,3
8509,0,4.8523514124099165e-05,3
8510,0,0.00028603861574083567,3
8511,0,3.7834692193428054e-05,5
8512,0,0.00016468673129566014,1
8513,0,0.002080927137285471,2
8514,0,0.001033542794175446,4
8515,0,8.254429849330336e-05,2
8516,0,9.894701361190528e-05,3
8517,0,0.0005297497846186161,1
8518,0,0.00014638926950283349,1
8519,0,0.00017616769764572382,4
8520,0,0.0008024658309295774,4
8521,0,0.00016254658112302423,3
8522,0,5.591978697339073e-05,5
8523,0,5.7103618019027635e-05,3
8524,0,0.0022420648019760847,4
8525,0,0.0004828794044442475,5
8526,0,0.0002248440869152546,2
8527,0,5.1393129979260266e-05,3
8528,0,0.0007878183387219906,1
8529,0,5.844878978678025e-05,1
8530,0,0.00023365725064650178,1
8531,0,0.00018876217654906213,4
8532,0,0.00035622561699710786,2
8533,0,0.0005468161543831229,4
8534,0,0.002967508975416422,3
8535,0,5.21715592185501e-05,3
8536,0,0.000426695856731385,1
8537,0,0.0002325182722415775,3
8538,0,9.897598647512496e-05,2
8539,0,0.0005731911514885724,4
8540,0,0.0043523283675313,2
8541,0,3.570576154743321e-05,3
8542,0,2.7348549338057637e-05,3
8543,0,0.0004748836799990386,2
8544,0,0.0005500653060153127,4
8545,0,3.6720062780659646e-05,2
8546,0,0.00882808305323124,4
8547,0,0.03620177507400513,1
8548,0,2.6273168259649538e-05,2
8549,0,9.24364649108611e-05,5
8550,0,0.022026993334293365,1
8551,0,7.23793709767051e-05,3
8552,0,0.0007507996051572263,5
8553,0,0.00014824233949184418,1
8554,0,0.002779618836939335,1
8555,0,0.0005018844385631382,2
8556,0,0.012425048276782036,1
8557,0,0.00032050322624854743,1
8558,0,0.0018081993330270052,5
8559,0,2.310862510057632e-05,1
8560,0,0.030921287834644318,2
8561,0,0.002630506409332156,3
8562,0,4.3845284380950034e-05,3
8563,0,6.663418025709689e-05,3
8564,0,0.00021166687656659633,1
8565,0,0.0005497710080817342,5
8566,0,4.2480398406041786e-05,2
8567,0,5.5197018809849396e-05,5
8568,0,0.00963450688868761,3
8569,0,4.670378621085547e-05,2
8570,0,0.0007512465817853808,2
8571,0,5.8787477428268176e-06,3
8572,0,9.177553874906152e-05,3
8573,0,0.0020149778574705124,3
8574,0,0.006368438713252544,1
8575,0,0.0038108304142951965,4
8576,0,0.07744597643613815,2
8577,0,5.1449082093313336e-05,5
8578,0,0.005373951978981495,1
8579,0,0.00021595229918602854,3
8580,0,7.270879723364487e-05,2
8581,0,0.00011341094068484381,4
8582,0,0.0001414646249031648,4
8583,0,0.0006904352339915931,5
8584,0,0.002282438101246953,4
8585,0,0.0002999069693032652,2
8586,0,7.366821955656633e-05,4
8587,0,0.0004745640035253018,4
8588,0,0.003068853635340929,2
8589,0,0.0009375240770168602,4
8590,0,0.000855709018651396,3
8591,0,2.3718670490779914e-05,1
8592,0,0.0003706460411194712,5
8593,0,0.0002703646896407008,5
8594,0,0.0020187103655189276,1
8595,0,7.416700100293383e-05,1
8596,0,0.0020053964108228683,4
8597,0,0.00044599210377782583,2
8598,0,0.0005248166271485388,1
8599,0,0.0001578384981257841,2
8600,0,0.0002885222784243524,3
8601,0,8.53946985444054e-05,3
8602,0,7.700645801378414e-05,2
8603,0,0.00022319151321426034,4
8604,0,0.0008414026815444231,3
8605,0,0.0165687408298254,4
8606,0,5.8471705415286124e-05,5
8607,0,0.0003054254921153188,2
8608,0,0.004381577018648386,5
8609,0,1.6941194189712405e-05,3
8610,0,0.0026145181618630886,1
8611,0,0.0005446927389129996,4
8612,0,0.0021418107207864523,2
8613,0,0.00025876861764118075,3
8614,0,0.0003423113957978785,1
8615,0,0.0002559239510446787,3
8616,0,0.00621144799515605,3
8617,0,4.6240096708061174e-05,5
8618,0,0.00021209030819591135,3
8619,0,0.0004188543825875968,1
8620,0,0.0017359202029183507,1
8621,0,0.0009380097035318613,2
8622,0,9.696152847027406e-05,2
8623,0,0.0007225130102597177,1
8624,0,0.0002175657864427194,4
8625,0,3.4039356251014397e-05,4
8626,0,0.0005911607295274734,3
8627,0,0.003673941595479846,3
8628,0,0.00016605446580797434,1
8629,0,9.519952436676249e-05,3
8630,0,0.005219434853643179,2
8631,0,0.0009248555870726705,5
8632,0,0.0016849201638251543,2
8633,0,0.0014289150713011622,2
8634,0,0.00022255806834436953,4
8635,0,0.000560136279091239,1
8636,0,0.00016019701433833688,3
8637,0,0.00018385959265287966,2
8638,0,0.00011167630145791918,2
8639,0,0.0073139965534210205,2
8640,0,0.007212857250124216,3
8641,0,4.7298693971242756e-05,5
8642,0,0.0006051475647836924,5
8643,0,8.0864683695836e-06,2
8644,0,0.0013004582142457366,5
8645,0,0.00038596242666244507,4
8646,0,0.008288164623081684,4
8647,0,0.000330396112985909,1
8648,0,0.00011212220852030441,5
8649,0,0.0008276744047179818,5
8650,0,0.000243106740526855,5
8651,0,0.0012014872627332807,5
8652,0,0.002100162673741579,2
8653,0,0.00013364767073653638,5
8654,0,0.00015976378927007318,4
8655,0,0.0003722274268511683,5
8656,0,2.2645881472271867e-05,3
8657,0,0.0002419475349597633,4
8658,0,0.00072741654003039,5
8659,0,0.0001983609690796584,4
8660,0,0.0078284265473485,5
8661,0,4.039542545797303e-05,1
8662,0,5.3626525186700746e-05,3
8663,0,0.0001260015123989433,1
8664,0,0.0026355115696787834,1
8665,0,3.2856594771146774e-05,5
8666,0,0.01601463183760643,3
8667,0,0.00035118390223942697,3
8668,0,0.00014387082774192095,5
8669,0,0.0003377167449798435,2
8670,0,0.0010254926746711135,3
8671,0,8.269525278592482e-05,5
8672,0,0.0007950569270178676,3
8673,0,8.952613279689103e-05,3
8674,0,0.00011024273408111185,2
8675,0,5.5305034038610756e-05,3
8676,0,0.0002822441456373781,3
8677,0,0.0005484779248945415,3
8678,0,0.00023871689336374402,3
8679,0,0.0001113545149564743,3
8680,0,0.000677435367833823,1
8681,0,0.0003454543766565621,2
8682,0,0.0003349727485328913,4
8683,0,0.00024669530102983117,2
8684,0,1.6132747987285256e-05,3
8685,0,0.00025110848946496844,1
8686,0,0.00010819421004271135,2
8687,0,0.0003712438337970525,2
8688,0,0.00014314775762613863,5
8689,0,0.0001850806293077767,3
8690,0,0.00010625182039802894,2
8691,0,0.0006988794193603098,5
8692,0,1.8242028090753593e-05,4
8693,0,0.0009475414408370852,4
8694,0,0.0001826769148465246,2
8695,0,0.0005114999366924167,5
8696,0,0.0011957051465287805,2
8697,0,4.649470065487549e-05,3
8698,0,8.387838170165196e-05,1
8699,0,0.0008135674288496375,2
8700,0,6.496575224446133e-05,3
8701,0,7.701483809796628e-06,3
8702,0,0.00015682197408750653,2
8703,0,0.00015919734141789377,4
8704,0,6.450105138355866e-05,2
8705,0,4.8100948333740234e-05,1
8706,0,2.375353142269887e-05,3
8707,0,0.0010067884577438235,3
8708,0,0.0016421049367636442,4
8709,0,7.271066715475172e-05,4
8710,0,3.1031315302243456e-05,1
8711,0,0.0005569062195718288,4
8712,0,0.0004280964203644544,1
8713,0,1.1275435099378228e-05,1
8714,0,0.006630746182054281,4
8715,0,1.9359880752745084e-05,5
8716,0,9.421253344044089e-05,2
8717,0,0.0004145270795561373,5
8718,0,0.0008111100760288537,4
8719,0,8.013039769139141e-05,5
8720,0,7.764621113892645e-05,2
8721,0,0.00025483095669187605,2
8722,0,0.0003345129080116749,2
8723,0,0.00015500735025852919,3
8724,0,0.0003998072352260351,2
8725,0,0.00011969064507866278,3
8726,0,1.5060382793308236e-05,3
8727,0,0.00015367797459475696,1
8728,0,0.0008380947401747108,4
8729,0,0.0008013605256564915,3
8730,0,0.0004036233003716916,1
8731,0,0.0002052110794465989,5
8732,0,0.0006320468382909894,1
8733,0,0.00011527032620506361,3
8734,0,0.0009868681663647294,5
8735,0,5.19524110131897e-05,1
8736,0,0.0014651574892923236,5
8737,0,6.485748599516228e-05,2
8738,0,0.0010141815291717649,2
8739,0,0.0004405842046253383,4
8740,0,0.00020708641386590898,3
8741,0,9.850134665612131e-05,2
8742,0,0.00028158724308013916,2
8743,0,0.00032199110137298703,2
8744,0,0.0018211901187896729,2
8745,0,0.00022464865469373763,4
8746,0,0.01409368310123682,3
8747,0,0.00010807789658429101,3
8748,0,0.00011733448627637699,5
8749,0,0.00037042947951704264,1
8750,0,4.5079319534124807e-05,2
8751,0,6.920460873516276e-05,3
8752,0,0.004257185384631157,4
8753,0,0.0029932784382253885,2
8754,0,0.00010825211211340502,3
8755,0,0.0007820730097591877,2
8756,0,0.0022160701919347048,4
8757,0,0.0003690189041662961,3
8758,0,0.0005675233551301062,5
8759,0,8.238662121584639e-05,5
8760,0,0.0021722782403230667,1
8761,0,0.003993053920567036,1
8762,0,0.0041983965784311295,4
8763,0,0.00164323253557086,4
8764,0,0.0005035277572460473,3
8765,0,6.697481876472011e-05,5
8766,0,0.0006064018816687167,1
8767,0,1.0858137102331966e-05,3
8768,0,0.00028190959710627794,1
8769,0,4.270932913641445e-05,4
8770,0,7.23341727280058e-05,5
8771,0,0.0012140643084421754,4
8772,0,0.0019161945674568415,5
8773,0,0.0007790197269059718,1
8774,0,0.0018521026941016316,1
8775,0,0.013581344857811928,5
8776,0,0.00926356203854084,2
8777,0,3.4978660551132634e-05,2
8778,0,0.00014548086619470268,2
8779,0,0.0003462342720013112,2
8780,0,6.462405872298405e-05,2
8781,0,0.00020060630049556494,1
8782,0,8.437302312813699e-05,2
8783,0,0.0007931797881610692,2
8784,0,2.2132380763650872e-05,5
8785,0,0.00014524148718919605,2
8786,0,0.0003788140893448144,1
8787,0,0.0003376847307663411,3
8788,0,0.0003789468319155276,1
8789,0,0.00030578416772186756,4
8790,0,0.0002442905679345131,1
8791,0,0.001729302341118455,1
8792,0,0.00035592602216638625,1
8793,0,0.0006071646930649877,3
8794,0,0.0001045960234478116,3
8795,0,0.0004162021796219051,1
8796,0,0.010401828214526176,3
8797,0,0.0001227995817316696,1
8798,0,0.0017476201755926013,2
8799,0,0.0012868052581325173,4
8800,0,0.0001493162417318672,4
8801,0,7.453225862263935e-06,3
8802,0,0.00015762296970933676,3
8803,0,0.0018938161665573716,3
8804,0,0.0005524905282072723,1
8805,0,0.00027907014009542763,2
8806,0,0.0009355396032333374,2
8807,0,0.00022580355289392173,1
8808,0,9.426267934031785e-05,5
8809,0,0.0005931725027039647,5
8810,0,8.216615970013663e-05,5
8811,0,0.00030847921152599156,3
8812,0,5.182574022910558e-05,3
8813,0,6.0185524489497766e-05,5
8814,0,0.00022708710457663983,1
8815,0,0.005155116785317659,1
8816,0,0.0035660029388964176,2
8817,0,0.0010211061453446746,5
8818,0,0.00012242917728144675,1
8819,0,5.177416460355744e-05,1
8820,0,3.413834565435536e-05,1
8821,0,1.543779762869235e-05,2
8822,0,0.00012605318624991924,4
8823,0,8.038096711970866e-05,3
8824,0,0.00022122584050521255,1
8825,0,0.00014336686581373215,3
8826,0,0.002565924543887377,3
8827,0,0.00010115704208146781,4
8828,0,0.00011447911674622446,3
8829,0,0.004198986571282148,5
8830,0,0.0007567176944576204,1
8831,0,0.00043411311344243586,1
8832,0,0.0002955341769848019,1
8833,0,0.11475153267383575,2
8834,0,0.0006022218149155378,5
8835,0,0.00039656859007664025,4
8836,0,1.5217357940855436e-05,4
8837,0,0.00013074012531433254,5
8838,0,0.00010915369784925133,2
8839,0,1.753777905832976e-05,4
8840,0,0.005562858656048775,1
8841,0,9.094520646613091e-05,5
8842,0,6.391520582837984e-05,3
8843,0,0.004300592467188835,3
8844,0,0.0003509703674353659,2
8845,0,0.002847222378477454,5
8846,0,5.832963142893277e-05,4
8847,0,0.00029321093461476266,5
8848,0,0.0005536159733310342,3
8849,0,7.94169245637022e-05,3
8850,0,2.2602040189667605e-05,3
8851,0,6.282973481575027e-05,5
8852,0,8.859120134729892e-05,1
8853,0,5.39546090294607e-05,1
8854,0,0.00011946784798055887,4
8855,0,0.0003975542786065489,1
8856,0,0.0022020619362592697,1
8857,0,0.00029455189360305667,5
8858,0,0.00031043673516251147,3
8859,0,0.0001798015582608059,4
8860,0,0.0001543248217785731,3
8861,0,2.5735349481692538e-05,3
8862,0,0.00013608018343802541,3
8863,0,1.0118945283466019e-05,5
8864,0,0.001965963514521718,4
8865,0,5.170395888853818e-05,2
8866,0,0.0011574720265343785,5
8867,0,0.0001932347222464159,3
8868,0,0.0036665122024714947,4
8869,0,0.00022178741346579045,1
8870,0,7.374526467174292e-05,1
8871,0,0.0007461174973286688,1
8872,0,0.0015840816777199507,2
8873,0,3.371799175511114e-05,5
8874,0,0.9234616160392761,2
8875,0,1.293323566642357e-05,5
8876,0,1.6785367051852518e-06,5
8877,0,0.0009132060804404318,4
8878,0,6.948903319425881e-05,3
8879,0,4.7023633669596165e-05,2
8880,0,0.000312256277538836,3
8881,0,0.00012723846884910017,3
8882,0,0.0003996363375335932,4
8883,0,0.0007249694317579269,2
8884,0,0.00014382213703356683,2
8885,0,1.5940191588015296e-05,3
8886,0,0.00805091392248869,4
8887,0,4.1929491999326274e-05,2
8888,0,2.093636430799961e-05,3
8889,0,5.946311284787953e-05,3
8890,0,0.00010446047235745937,3
8891,0,5.554536255658604e-05,5
8892,0,0.0005979530978947878,2
8893,0,0.00874438788741827,2
8894,0,0.00012663133384194225,4
8895,0,3.630791297837277e-06,5
8896,0,6.282883987296373e-05,3
8897,0,0.00019040498591493815,3
8898,0,0.00038548969314433634,4
8899,0,0.00032723875483497977,5
8900,0,1.650034755584784e-05,5
8901,0,7.289658969966695e-05,2
8902,0,0.0002027024602284655,5
8903,0,0.001278677023947239,5
8904,0,0.00044711187365464866,2
8905,0,0.00042815026245079935,3
8906,0,0.00011364163219695911,5
8907,0,0.01999071054160595,1
8908,0,0.00234595756046474,5
8909,0,8.749373955652118e-05,5
8910,0,0.00014072265184950083,4
8911,0,0.0011995363747701049,4
8912,0,0.0002332716976525262,2
8913,0,3.949346591980429e-06,5
8914,0,0.0015351606998592615,1
8915,0,0.00042743029189296067,2
8916,0,6.120260513853282e-05,5
8917,0,3.760021354537457e-05,3
8918,0,0.0001443197252228856,3
8919,0,2.0032466636621393e-05,3
8920,0,0.0006731247995048761,3
8921,0,2.2703703507431783e-05,5
8922,0,0.0014748477842658758,4
8923,0,0.00012597470777109265,1
8924,0,0.0017182857263833284,4
8925,0,0.0006055503035895526,4
8926,0,0.00014298351015895605,4
8927,0,0.00039101368747651577,4
8928,0,3.973328057327308e-05,2
8929,0,1.5802457710378803e-05,5
8930,0,7.425821968354285e-05,3
8931,0,0.001713983016088605,1
8932,0,0.0001099019282264635,4
8933,0,0.0005099292611703277,2
8934,0,0.00022157817147672176,1
8935,0,0.001182036125101149,1
8936,0,0.00029667833587154746,2
8937,0,0.0009679045178927481,1
8938,0,0.00035434277378953993,1
8939,0,0.0025817733258008957,3
8940,0,0.0013700546696782112,4
8941,0,0.0003555311413947493,1
8942,0,0.00022702454589307308,2
8943,0,0.00015576195437461138,2
8944,0,0.005000312812626362,4
8945,0,0.0005674996064044535,1
8946,0,0.0006971090333536267,4
8947,0,0.0008727029780857265,3
8948,0,0.00010431872215121984,4
8949,0,0.008521711453795433,5
8950,0,5.989260898786597e-05,5
8951,0,0.0018764365231618285,1
8952,0,0.00033330547739751637,3
8953,0,0.0009728354052640498,1
8954,0,0.0004743571043945849,5
8955,0,9.509555093245581e-05,5
8956,0,0.0001279278949368745,3
8957,0,0.0019267476163804531,4
8958,0,0.0010650423355400562,4
8959,0,0.0008139791316352785,3
8960,0,8.096038072835654e-05,4
8961,0,0.00014369944983627647,3
8962,0,0.00039152210229076445,5
8963,0,0.00023478858929593116,1
8964,0,1.24746375149698e-05,5
8965,0,0.0009356149239465594,4
8966,0,0.00015772927145007998,1
8967,0,0.0006744344136677682,5
8968,0,0.00022463774075731635,3
8969,0,3.36363268615969e-06,5
8970,0,0.00029318968881852925,1
8971,0,0.00034705022699199617,2
8972,0,0.0004666934546548873,4
8973,0,0.002050716197118163,5
8974,0,0.00035063407267443836,3
8975,0,0.01397047471255064,5
8976,0,0.00018969371740240604,1
8977,0,1.0088343515235465e-05,4
8978,0,0.004136858507990837,2
8979,0,0.0002981914731208235,3
8980,0,0.00035112813930027187,5
8981,0,0.0016625782009214163,1
8982,0,0.00044306510244496167,2
8983,0,0.00017137484974227846,1
8984,0,0.0029716682620346546,1
8985,0,0.00010823673073900864,3
8986,0,0.0002905018627643585,1
8987,0,0.0005297914613038301,1
8988,0,0.0002594479883555323,2
8989,0,0.00044567487202584743,5
8990,0,0.0006179646588861942,5
8991,0,1.4278353773988783e-05,5
8992,0,0.00011170015204697847,1
8993,0,8.920741674955934e-05,2
8994,0,0.009564384818077087,1
8995,0,0.0003029921790584922,4
8996,0,4.677233300753869e-05,3
8997,0,0.00014083876158110797,1
8998,0,3.229629874113016e-05,3
8999,0,0.00011733381688827649,4
9000,0,5.451867764350027e-05,5
9001,0,0.00017513900820631534,5
9002,1,0.9951738715171814,3
9003,1,0.9916921854019165,5
9004,1,0.9994577765464783,1
9005,1,0.9726086854934692,1
9006,1,0.9638047814369202,3
9007,1,0.9980636239051819,1
9008,1,0.5954466462135315,3
9009,1,0.9997838139533997,1
9010,1,0.9767160415649414,3
9011,1,0.07532927393913269,4
9012,1,0.9996867179870605,5
9013,1,0.9803093671798706,3
9014,1,0.9980891346931458,2
9015,1,0.9892043471336365,3
9016,1,0.9968302845954895,1
9017,1,0.999907374382019,4
9018,1,0.9880814552307129,4
9019,1,0.9994869232177734,1
9020,1,0.9974516034126282,3
9021,1,0.9992467164993286,1
9022,1,0.9998143315315247,1
9023,1,0.979094922542572,2
9024,1,0.9796128273010254,4
9025,1,0.9997267127037048,3
9026,1,0.999921441078186,2
9027,1,0.9984028935432434,1
9028,1,0.14781725406646729,4
9029,1,0.9998272061347961,5
9030,1,0.9890601634979248,1
9031,1,0.5752125978469849,2
9032,1,0.999784529209137,3
9033,1,0.9994712471961975,2
9034,1,0.9999573230743408,1
9035,1,0.9995883107185364,1
9036,1,0.6536969542503357,4
9037,1,0.9994944334030151,2
9038,1,0.9998511075973511,2
9039,1,0.9998561143875122,5
9040,1,0.6391186714172363,4
9041,1,0.9999215602874756,2
9042,1,0.9999563694000244,4
9043,1,0.9999297857284546,5
9044,1,0.7913451790809631,2
9045,1,0.9994470477104187,3
9046,1,0.9968140721321106,4
9047,1,0.9945428371429443,1
9048,1,0.11331342160701752,5
9049,1,0.9986878037452698,5
9050,1,0.9999469518661499,5
9051,1,0.8032886385917664,1
9052,1,0.9999288320541382,2
9053,1,0.9827746748924255,5
9054,1,0.9997722506523132,5
9055,1,0.9987515211105347,1
9056,1,0.9708073139190674,3
9057,1,0.8534706234931946,1
9058,1,0.6751943826675415,2
9059,1,0.9998905658721924,4
9060,1,0.28158894181251526,4
9061,1,0.9974242448806763,1
9062,1,0.9999456405639648,4
9063,1,0.9995805621147156,5
9064,1,0.9672918319702148,2
9065,1,0.99931800365448,3
9066,1,0.973565936088562,5
9067,1,0.9890850186347961,3
9068,1,0.0048394883051514626,3
9069,1,0.9983774423599243,1
9070,1,0.9995025396347046,2
9071,1,0.9509814381599426,5
9072,1,0.9999232292175293,1
9073,1,0.4838933050632477,5
9074,1,0.9991443157196045,1
9075,1,0.996163010597229,1
9076,1,0.9990795850753784,1
9077,1,0.9991471767425537,4
9078,1,0.00018995780555997044,2
9079,1,0.7186533808708191,1
9080,1,0.9998202919960022,4
9081,1,0.5816015005111694,2
9082,1,0.9793846607208252,1
